insert into authors (id, first_name, last_name, description, slug, photo) values (1, 'Melamie', 'Lorie', 'Morbi a ipsum.', 'mlorie0', 'http://dummyimage.com/217x100.png/ff4444/ffffff');
insert into authors (id, first_name, last_name, description, slug, photo) values (2, 'Arleen', 'Briddle', 'Aliquam non mauris. Morbi non lectus. Aliquam sit amet diam in magna bibendum imperdiet.', 'abriddle1', 'http://dummyimage.com/129x100.png/dddddd/000000');
insert into authors (id, first_name, last_name, description, slug, photo) values (3, 'Rockwell', 'Flintoft', 'Lorem ipsum dolor sit amet, consectetuer adipiscing elit. Proin risus. Praesent lectus. Vestibulum quam sapien, varius ut, blandit non, interdum in, ante. Vestibulum ante ipsum primis in faucibus orci luctus et ultrices posuere cubilia Curae; Duis faucibus accumsan odio.', 'rflintoft2', 'http://dummyimage.com/238x100.png/ff4444/ffffff');
insert into authors (id, first_name, last_name, description, slug, photo) values (4, 'Erika', 'Bellfield', 'Curabitur convallis.', 'ebellfield3', 'http://dummyimage.com/245x100.png/ff4444/ffffff');
insert into authors (id, first_name, last_name, description, slug, photo) values (5, 'Mikael', 'Sleeny', 'Aenean sit amet justo. Morbi ut odio. Cras mi pede, malesuada in, imperdiet et, commodo vulputate, justo.', 'msleeny4', 'http://dummyimage.com/109x100.png/5fa2dd/ffffff');
insert into authors (id, first_name, last_name, description, slug, photo) values (6, 'Rubia', 'Burridge', 'Etiam faucibus cursus urna. Ut tellus. Nulla ut erat id mauris vulputate elementum. Nullam varius.', 'rburridge5', 'http://dummyimage.com/249x100.png/ff4444/ffffff');
insert into authors (id, first_name, last_name, description, slug, photo) values (7, 'Hedvig', 'Mahedy', 'In hac habitasse platea dictumst. Aliquam augue quam, sollicitudin vitae, consectetuer eget, rutrum at, lorem. Integer tincidunt ante vel ipsum. Praesent blandit lacinia erat. Vestibulum sed magna at nunc commodo placerat.', 'hmahedy6', 'http://dummyimage.com/149x100.png/dddddd/000000');
insert into authors (id, first_name, last_name, description, slug, photo) values (8, 'Ola', 'Blow', 'Nulla facilisi. Cras non velit nec nisi vulputate nonummy. Maecenas tincidunt lacus at velit. Vivamus vel nulla eget eros elementum pellentesque. Quisque porta volutpat erat.', 'oblow7', 'http://dummyimage.com/226x100.png/cc0000/ffffff');
insert into authors (id, first_name, last_name, description, slug, photo) values (9, 'Winny', 'Lassetter', 'Nam nulla. Integer pede justo, lacinia eget, tincidunt eget, tempus vel, pede. Morbi porttitor lorem id ligula.', 'wlassetter8', 'http://dummyimage.com/178x100.png/dddddd/000000');
insert into authors (id, first_name, last_name, description, slug, photo) values (10, 'Flory', 'Gwinnell', 'Duis bibendum.', 'fgwinnell9', 'http://dummyimage.com/102x100.png/ff4444/ffffff');
insert into authors (id, first_name, last_name, description, slug, photo) values (11, 'Verla', 'Doudney', 'Nullam varius. Nulla facilisi. Cras non velit nec nisi vulputate nonummy. Maecenas tincidunt lacus at velit. Vivamus vel nulla eget eros elementum pellentesque.', 'vdoudneya', 'http://dummyimage.com/106x100.png/ff4444/ffffff');
insert into authors (id, first_name, last_name, description, slug, photo) values (12, 'Maynord', 'Southway', 'Cras in purus eu magna vulputate luctus. Cum sociis natoque penatibus et magnis dis parturient montes, nascetur ridiculus mus.', 'msouthwayb', 'http://dummyimage.com/239x100.png/ff4444/ffffff');
insert into authors (id, first_name, last_name, description, slug, photo) values (13, 'Floris', 'Sleith', 'Integer a nibh.', 'fsleithc', 'http://dummyimage.com/149x100.png/cc0000/ffffff');
insert into authors (id, first_name, last_name, description, slug, photo) values (14, 'Bondy', 'Antrum', 'Morbi porttitor lorem id ligula. Suspendisse ornare consequat lectus. In est risus, auctor sed, tristique in, tempus sit amet, sem. Fusce consequat.', 'bantrumd', 'http://dummyimage.com/200x100.png/cc0000/ffffff');
insert into authors (id, first_name, last_name, description, slug, photo) values (15, 'Calv', 'Buttfield', 'Nulla suscipit ligula in lacus.', 'cbuttfielde', 'http://dummyimage.com/164x100.png/ff4444/ffffff');
insert into authors (id, first_name, last_name, description, slug, photo) values (16, 'Lane', 'Colton', 'Pellentesque viverra pede ac diam.', 'lcoltonf', 'http://dummyimage.com/142x100.png/5fa2dd/ffffff');
insert into authors (id, first_name, last_name, description, slug, photo) values (17, 'Eyde', 'Goodall', 'Morbi quis tortor id nulla ultrices aliquet. Maecenas leo odio, condimentum id, luctus nec, molestie sed, justo. Pellentesque viverra pede ac diam. Cras pellentesque volutpat dui. Maecenas tristique, est et tempus semper, est quam pharetra magna, ac consequat metus sapien ut nunc.', 'egoodallg', 'http://dummyimage.com/214x100.png/dddddd/000000');
insert into authors (id, first_name, last_name, description, slug, photo) values (18, 'Giavani', 'Warrillow', 'Praesent id massa id nisl venenatis lacinia. Aenean sit amet justo. Morbi ut odio. Cras mi pede, malesuada in, imperdiet et, commodo vulputate, justo.', 'gwarrillowh', 'http://dummyimage.com/198x100.png/dddddd/000000');
insert into authors (id, first_name, last_name, description, slug, photo) values (19, 'Denys', 'Innett', 'Nulla neque libero, convallis eget, eleifend luctus, ultricies eu, nibh. Quisque id justo sit amet sapien dignissim vestibulum. Vestibulum ante ipsum primis in faucibus orci luctus et ultrices posuere cubilia Curae; Nulla dapibus dolor vel est. Donec odio justo, sollicitudin ut, suscipit a, feugiat et, eros. Vestibulum ac est lacinia nisi venenatis tristique.', 'dinnetti', 'http://dummyimage.com/249x100.png/5fa2dd/ffffff');
insert into authors (id, first_name, last_name, description, slug, photo) values (20, 'Raymond', 'Enright', 'Vestibulum ante ipsum primis in faucibus orci luctus et ultrices posuere cubilia Curae; Duis faucibus accumsan odio. Curabitur convallis. Duis consequat dui nec nisi volutpat eleifend. Donec ut dolor. Morbi vel lectus in quam fringilla rhoncus.', 'renrightj', 'http://dummyimage.com/201x100.png/ff4444/ffffff');
insert into authors (id, first_name, last_name, description, slug, photo) values (21, 'Jonah', 'Fudge', 'Aliquam non mauris. Morbi non lectus.', 'jfudgek', 'http://dummyimage.com/158x100.png/cc0000/ffffff');

insert into books (id, pub_date, is_bestseller, slug, title, image, description, price, discount, author_id) values (1, '2019/09/03', 1, 'book-vxg-586', 'Sudden Manhattan', 'http://dummyimage.com/403x305.png/cc0000/ffffff', 'Pellentesque viverra pede ac diam. Cras pellentesque volutpat dui. Maecenas tristique, est et tempus semper, est quam pharetra magna, ac consequat metus sapien ut nunc. Vestibulum ante ipsum primis in faucibus orci luctus et ultrices posuere cubilia Curae; Mauris viverra diam vitae quam. Suspendisse potenti.', 2100, 0.19, 1);
insert into books (id, pub_date, is_bestseller, slug, title, image, description, price, discount, author_id) values (2, '2015/06/15', 0, 'book-bnn-645', 'Mysterious Island', 'http://dummyimage.com/408x283.png/ff4444/ffffff', 'Pellentesque eget nunc. Donec quis orci eget orci vehicula condimentum. Curabitur in libero ut massa volutpat convallis. Morbi odio odio, elementum eu, interdum eu, tincidunt in, leo. Maecenas pulvinar lobortis est.', 400, 0.3, 18);
insert into books (id, pub_date, is_bestseller, slug, title, image, description, price, discount, author_id) values (3, '2019/04/19', 0, 'book-uwx-059', 'Radioland Murders', 'http://dummyimage.com/770x412.png/dddddd/000000', 'Donec quis orci eget orci vehicula condimentum. Curabitur in libero ut massa volutpat convallis. Morbi odio odio, elementum eu, interdum eu, tincidunt in, leo. Maecenas pulvinar lobortis est. Phasellus sit amet erat.', 1180, 0.05, 20);
insert into books (id, pub_date, is_bestseller, slug, title, image, description, price, discount, author_id) values (4, '2014/05/23', 0, 'book-hap-235', 'Trek Nation', 'http://dummyimage.com/459x405.png/dddddd/000000', 'Suspendisse potenti. In eleifend quam a odio. In hac habitasse platea dictumst. Maecenas ut massa quis augue luctus tincidunt. Nulla mollis molestie lorem. Quisque ut erat.', 219, 0.35, 19);
insert into books (id, pub_date, is_bestseller, slug, title, image, description, price, discount, author_id) values (5, '2013/10/04', 0, 'book-wdg-060', 'Tuesday, After Christmas (Marti, dupa craciun)', 'http://dummyimage.com/733x445.png/cc0000/ffffff', 'Nulla tellus. In sagittis dui vel nisl. Duis ac nibh. Fusce lacus purus, aliquet at, feugiat non, pretium quis, lectus. Suspendisse potenti. In eleifend quam a odio.', 1146, 0.2, 20);
insert into books (id, pub_date, is_bestseller, slug, title, image, description, price, discount, author_id) values (6, '2011/12/31', 1, 'book-kwv-113', 'Lacemaker, The (Dentellière, La)', 'http://dummyimage.com/779x491.png/5fa2dd/ffffff', 'Donec ut mauris eget massa tempor convallis. Nulla neque libero, convallis eget, eleifend luctus, ultricies eu, nibh. Quisque id justo sit amet sapien dignissim vestibulum. Vestibulum ante ipsum primis in faucibus orci luctus et ultrices posuere cubilia Curae; Nulla dapibus dolor vel est. Donec odio justo, sollicitudin ut, suscipit a, feugiat et, eros. Vestibulum ac est lacinia nisi venenatis tristique.', 1731, 0.3, 5);
insert into books (id, pub_date, is_bestseller, slug, title, image, description, price, discount, author_id) values (7, '2016/09/13', 1, 'book-geb-354', 'Ernest Film Festival, The', 'http://dummyimage.com/528x574.png/cc0000/ffffff', 'Maecenas tincidunt lacus at velit. Vivamus vel nulla eget eros elementum pellentesque. Quisque porta volutpat erat. Quisque erat eros, viverra eget, congue eget, semper rutrum, nulla. Nunc purus.', 2244, 0.27, 14);
insert into books (id, pub_date, is_bestseller, slug, title, image, description, price, discount, author_id) values (8, '2014/03/14', 1, 'book-tzb-053', 'Practical Magic', 'http://dummyimage.com/389x472.png/5fa2dd/ffffff', 'In hac habitasse platea dictumst. Morbi vestibulum, velit id pretium iaculis, diam erat fermentum justo, nec condimentum neque sapien placerat ante. Nulla justo. Aliquam quis turpis eget elit sodales scelerisque. Mauris sit amet eros. Suspendisse accumsan tortor quis turpis.', 1060, 0.36, 3);
insert into books (id, pub_date, is_bestseller, slug, title, image, description, price, discount, author_id) values (9, '2010/12/26', 0, 'book-yrv-244', 'Something Wild', 'http://dummyimage.com/588x531.png/5fa2dd/ffffff', 'Cum sociis natoque penatibus et magnis dis parturient montes, nascetur ridiculus mus. Etiam vel augue. Vestibulum rutrum rutrum neque. Aenean auctor gravida sem. Praesent id massa id nisl venenatis lacinia.', 567, 0.42, 8);
insert into books (id, pub_date, is_bestseller, slug, title, image, description, price, discount, author_id) values (10, '2018/09/06', 0, 'book-eym-747', 'Malta G.C.', 'http://dummyimage.com/579x273.png/cc0000/ffffff', 'Maecenas tristique, est et tempus semper, est quam pharetra magna, ac consequat metus sapien ut nunc. Vestibulum ante ipsum primis in faucibus orci luctus et ultrices posuere cubilia Curae; Mauris viverra diam vitae quam. Suspendisse potenti. Nullam porttitor lacus at turpis. Donec posuere metus vitae ipsum. Aliquam non mauris.', 2035, 0.27, 1);
insert into books (id, pub_date, is_bestseller, slug, title, image, description, price, discount, author_id) values (11, '2019/10/18', 1, 'book-kma-121', 'Little Nikita', 'http://dummyimage.com/645x275.png/ff4444/ffffff', 'Vestibulum sed magna at nunc commodo placerat. Praesent blandit. Nam nulla. Integer pede justo, lacinia eget, tincidunt eget, tempus vel, pede. Morbi porttitor lorem id ligula. Suspendisse ornare consequat lectus.', 527, 0.15, 21);
insert into books (id, pub_date, is_bestseller, slug, title, image, description, price, discount, author_id) values (12, '2020/05/13', 0, 'book-hhx-914', 'Leather Jacket Love Story', 'http://dummyimage.com/433x574.png/ff4444/ffffff', 'Donec odio justo, sollicitudin ut, suscipit a, feugiat et, eros. Vestibulum ac est lacinia nisi venenatis tristique. Fusce congue, diam id ornare imperdiet, sapien urna pretium nisl, ut volutpat sapien arcu sed augue. Aliquam erat volutpat. In congue. Etiam justo.', 106, 0.38, 20);
insert into books (id, pub_date, is_bestseller, slug, title, image, description, price, discount, author_id) values (13, '2020/01/14', 0, 'book-fay-896', 'Buckskin Frontier', 'http://dummyimage.com/677x407.png/cc0000/ffffff', 'Duis at velit eu est congue elementum. In hac habitasse platea dictumst. Morbi vestibulum, velit id pretium iaculis, diam erat fermentum justo, nec condimentum neque sapien placerat ante. Nulla justo. Aliquam quis turpis eget elit sodales scelerisque. Mauris sit amet eros.', 360, 0.43, 19);
insert into books (id, pub_date, is_bestseller, slug, title, image, description, price, discount, author_id) values (14, '2017/01/19', 0, 'book-dqm-759', 'Hunger', 'http://dummyimage.com/792x601.png/5fa2dd/ffffff', 'Quisque erat eros, viverra eget, congue eget, semper rutrum, nulla. Nunc purus. Phasellus in felis. Donec semper sapien a libero. Nam dui. Proin leo odio, porttitor id, consequat in, consequat ut, nulla.', 1904, 0.14, 9);
insert into books (id, pub_date, is_bestseller, slug, title, image, description, price, discount, author_id) values (15, '2013/01/29', 1, 'book-mrx-654', 'Maniac', 'http://dummyimage.com/453x743.png/5fa2dd/ffffff', 'Donec ut mauris eget massa tempor convallis. Nulla neque libero, convallis eget, eleifend luctus, ultricies eu, nibh. Quisque id justo sit amet sapien dignissim vestibulum. Vestibulum ante ipsum primis in faucibus orci luctus et ultrices posuere cubilia Curae; Nulla dapibus dolor vel est. Donec odio justo, sollicitudin ut, suscipit a, feugiat et, eros.', 2066, 0.05, 14);
insert into books (id, pub_date, is_bestseller, slug, title, image, description, price, discount, author_id) values (16, '2020/07/18', 1, 'book-fhl-258', 'Tiger and the Snow, The (La tigre e la neve)', 'http://dummyimage.com/390x779.png/cc0000/ffffff', 'Suspendisse accumsan tortor quis turpis. Sed ante. Vivamus tortor. Duis mattis egestas metus. Aenean fermentum.', 883, 0.19, 11);
insert into books (id, pub_date, is_bestseller, slug, title, image, description, price, discount, author_id) values (17, '2014/08/21', 1, 'book-pxe-018', 'Portraits Chinois', 'http://dummyimage.com/556x562.png/ff4444/ffffff', 'Sed ante. Vivamus tortor. Duis mattis egestas metus. Aenean fermentum. Donec ut mauris eget massa tempor convallis.', 2105, 0.06, 18);
insert into books (id, pub_date, is_bestseller, slug, title, image, description, price, discount, author_id) values (18, '2014/02/15', 1, 'book-cox-440', 'Ladies in Lavender', 'http://dummyimage.com/528x632.png/ff4444/ffffff', 'In congue. Etiam justo. Etiam pretium iaculis justo. In hac habitasse platea dictumst. Etiam faucibus cursus urna.', 679, 0.08, 18);
insert into books (id, pub_date, is_bestseller, slug, title, image, description, price, discount, author_id) values (19, '2011/08/13', 0, 'book-lwj-137', 'Homicidal', 'http://dummyimage.com/797x329.png/cc0000/ffffff', 'Vivamus in felis eu sapien cursus vestibulum. Proin eu mi. Nulla ac enim. In tempor, turpis nec euismod scelerisque, quam turpis adipiscing lorem, vitae mattis nibh ligula nec sem. Duis aliquam convallis nunc. Proin at turpis a pede posuere nonummy.', 1484, 0.4, 19);
insert into books (id, pub_date, is_bestseller, slug, title, image, description, price, discount, author_id) values (20, '2019/12/05', 1, 'book-enw-179', 'Brady Bunch Movie, The', 'http://dummyimage.com/654x273.png/dddddd/000000', 'Vestibulum ante ipsum primis in faucibus orci luctus et ultrices posuere cubilia Curae; Mauris viverra diam vitae quam. Suspendisse potenti. Nullam porttitor lacus at turpis. Donec posuere metus vitae ipsum. Aliquam non mauris.', 947, 0.37, 17);
insert into books (id, pub_date, is_bestseller, slug, title, image, description, price, discount, author_id) values (21, '2019/01/14', 0, 'book-aoh-166', 'Total Recall', 'http://dummyimage.com/430x674.png/ff4444/ffffff', 'Etiam vel augue. Vestibulum rutrum rutrum neque. Aenean auctor gravida sem. Praesent id massa id nisl venenatis lacinia. Aenean sit amet justo. Morbi ut odio.', 316, 0.36, 8);
insert into books (id, pub_date, is_bestseller, slug, title, image, description, price, discount, author_id) values (22, '2019/09/07', 1, 'book-kxj-980', 'Family Jewels, The (Eierdiebe)', 'http://dummyimage.com/660x428.png/ff4444/ffffff', 'Lorem ipsum dolor sit amet, consectetuer adipiscing elit. Proin interdum mauris non ligula pellentesque ultrices. Phasellus id sapien in sapien iaculis congue. Vivamus metus arcu, adipiscing molestie, hendrerit at, vulputate vitae, nisl. Aenean lectus. Pellentesque eget nunc.', 2008, 0.14, 19);
insert into books (id, pub_date, is_bestseller, slug, title, image, description, price, discount, author_id) values (23, '2017/11/07', 1, 'book-tsy-746', 'Without a Paddle: Nature''s Calling', 'http://dummyimage.com/505x607.png/cc0000/ffffff', 'Duis ac nibh. Fusce lacus purus, aliquet at, feugiat non, pretium quis, lectus. Suspendisse potenti. In eleifend quam a odio. In hac habitasse platea dictumst.', 2170, 0.33, 14);
insert into books (id, pub_date, is_bestseller, slug, title, image, description, price, discount, author_id) values (24, '2017/06/01', 0, 'book-wio-201', 'Runner, The (Davandeh)', 'http://dummyimage.com/313x606.png/ff4444/ffffff', 'Nulla nisl. Nunc nisl. Duis bibendum, felis sed interdum venenatis, turpis enim blandit mi, in porttitor pede justo eu massa. Donec dapibus. Duis at velit eu est congue elementum.', 472, 0.08, 9);
insert into books (id, pub_date, is_bestseller, slug, title, image, description, price, discount, author_id) values (25, '2016/09/16', 1, 'book-ekh-114', 'In Gold We Trust (600 kilos d''or pur)', 'http://dummyimage.com/518x702.png/dddddd/000000', 'Vivamus metus arcu, adipiscing molestie, hendrerit at, vulputate vitae, nisl. Aenean lectus. Pellentesque eget nunc. Donec quis orci eget orci vehicula condimentum. Curabitur in libero ut massa volutpat convallis. Morbi odio odio, elementum eu, interdum eu, tincidunt in, leo.', 216, 0.12, 15);
insert into books (id, pub_date, is_bestseller, slug, title, image, description, price, discount, author_id) values (26, '2014/09/29', 0, 'book-gyz-054', 'Pickpocket', 'http://dummyimage.com/355x787.png/5fa2dd/ffffff', 'Vestibulum ac est lacinia nisi venenatis tristique. Fusce congue, diam id ornare imperdiet, sapien urna pretium nisl, ut volutpat sapien arcu sed augue. Aliquam erat volutpat. In congue. Etiam justo.', 848, 0.47, 15);
insert into books (id, pub_date, is_bestseller, slug, title, image, description, price, discount, author_id) values (27, '2015/03/07', 0, 'book-ahv-195', 'Jungle Book, The', 'http://dummyimage.com/297x343.png/dddddd/000000', 'Ut at dolor quis odio consequat varius. Integer ac leo. Pellentesque ultrices mattis odio. Donec vitae nisi. Nam ultrices, libero non mattis pulvinar, nulla pede ullamcorper augue, a suscipit nulla elit ac nulla. Sed vel enim sit amet nunc viverra dapibus.', 2492, 0.47, 14);
insert into books (id, pub_date, is_bestseller, slug, title, image, description, price, discount, author_id) values (28, '2013/10/02', 0, 'book-ssb-980', 'True Heart', 'http://dummyimage.com/685x753.png/ff4444/ffffff', 'Etiam justo. Etiam pretium iaculis justo. In hac habitasse platea dictumst. Etiam faucibus cursus urna. Ut tellus.', 1650, 0.26, 15);
insert into books (id, pub_date, is_bestseller, slug, title, image, description, price, discount, author_id) values (29, '2016/09/08', 0, 'book-tjl-950', 'Dream Team 1935', 'http://dummyimage.com/508x757.png/cc0000/ffffff', 'Aliquam non mauris. Morbi non lectus. Aliquam sit amet diam in magna bibendum imperdiet. Nullam orci pede, venenatis non, sodales sed, tincidunt eu, felis. Fusce posuere felis sed lacus. Morbi sem mauris, laoreet ut, rhoncus aliquet, pulvinar sed, nisl.', 1464, 0.18, 4);
insert into books (id, pub_date, is_bestseller, slug, title, image, description, price, discount, author_id) values (30, '2014/08/18', 0, 'book-tno-857', 'Raising Helen', 'http://dummyimage.com/734x303.png/ff4444/ffffff', 'In congue. Etiam justo. Etiam pretium iaculis justo. In hac habitasse platea dictumst. Etiam faucibus cursus urna. Ut tellus.', 1240, 0.31, 17);
insert into books (id, pub_date, is_bestseller, slug, title, image, description, price, discount, author_id) values (31, '2011/04/02', 1, 'book-poa-611', 'How to Succeed in Business Without Really Trying', 'http://dummyimage.com/734x383.png/cc0000/ffffff', 'Suspendisse ornare consequat lectus. In est risus, auctor sed, tristique in, tempus sit amet, sem. Fusce consequat. Nulla nisl. Nunc nisl. Duis bibendum, felis sed interdum venenatis, turpis enim blandit mi, in porttitor pede justo eu massa.', 2333, 0.08, 15);
insert into books (id, pub_date, is_bestseller, slug, title, image, description, price, discount, author_id) values (32, '2016/10/06', 0, 'book-nrt-377', 'Miss Julie', 'http://dummyimage.com/252x257.png/dddddd/000000', 'Donec ut mauris eget massa tempor convallis. Nulla neque libero, convallis eget, eleifend luctus, ultricies eu, nibh. Quisque id justo sit amet sapien dignissim vestibulum. Vestibulum ante ipsum primis in faucibus orci luctus et ultrices posuere cubilia Curae; Nulla dapibus dolor vel est. Donec odio justo, sollicitudin ut, suscipit a, feugiat et, eros.', 212, 0.16, 19);
insert into books (id, pub_date, is_bestseller, slug, title, image, description, price, discount, author_id) values (33, '2013/09/14', 1, 'book-lqa-657', 'Live!', 'http://dummyimage.com/250x603.png/5fa2dd/ffffff', 'In tempor, turpis nec euismod scelerisque, quam turpis adipiscing lorem, vitae mattis nibh ligula nec sem. Duis aliquam convallis nunc. Proin at turpis a pede posuere nonummy. Integer non velit. Donec diam neque, vestibulum eget, vulputate ut, ultrices vel, augue. Vestibulum ante ipsum primis in faucibus orci luctus et ultrices posuere cubilia Curae; Donec pharetra, magna vestibulum aliquet ultrices, erat tortor sollicitudin mi, sit amet lobortis sapien sapien non mi.', 653, 0.2, 1);
insert into books (id, pub_date, is_bestseller, slug, title, image, description, price, discount, author_id) values (34, '2012/03/27', 0, 'book-rbl-704', 'Gasland Part II', 'http://dummyimage.com/708x790.png/cc0000/ffffff', 'Nunc purus. Phasellus in felis. Donec semper sapien a libero. Nam dui. Proin leo odio, porttitor id, consequat in, consequat ut, nulla. Sed accumsan felis.', 211, 0.16, 7);
insert into books (id, pub_date, is_bestseller, slug, title, image, description, price, discount, author_id) values (35, '2014/07/01', 0, 'book-phw-533', 'Human Lanterns (Ren pi deng long)', 'http://dummyimage.com/415x427.png/dddddd/000000', 'Donec odio justo, sollicitudin ut, suscipit a, feugiat et, eros. Vestibulum ac est lacinia nisi venenatis tristique. Fusce congue, diam id ornare imperdiet, sapien urna pretium nisl, ut volutpat sapien arcu sed augue. Aliquam erat volutpat. In congue.', 1917, 0.32, 18);
insert into books (id, pub_date, is_bestseller, slug, title, image, description, price, discount, author_id) values (36, '2014/06/12', 1, 'book-lgn-685', 'Batman Unmasked: The Psychology of the Dark Knight', 'http://dummyimage.com/291x537.png/ff4444/ffffff', 'Vivamus vestibulum sagittis sapien. Cum sociis natoque penatibus et magnis dis parturient montes, nascetur ridiculus mus. Etiam vel augue. Vestibulum rutrum rutrum neque. Aenean auctor gravida sem.', 2393, 0.47, 1);
insert into books (id, pub_date, is_bestseller, slug, title, image, description, price, discount, author_id) values (37, '2015/09/27', 1, 'book-cla-847', 'Double Suicide (Shinjû: Ten no amijima)', 'http://dummyimage.com/510x665.png/dddddd/000000', 'Fusce congue, diam id ornare imperdiet, sapien urna pretium nisl, ut volutpat sapien arcu sed augue. Aliquam erat volutpat. In congue. Etiam justo. Etiam pretium iaculis justo. In hac habitasse platea dictumst.', 611, 0.19, 8);
insert into books (id, pub_date, is_bestseller, slug, title, image, description, price, discount, author_id) values (38, '2014/09/27', 1, 'book-bxo-030', 'If It''s Tuesday, This Must Be Belgium', 'http://dummyimage.com/680x391.png/cc0000/ffffff', 'Maecenas ut massa quis augue luctus tincidunt. Nulla mollis molestie lorem. Quisque ut erat. Curabitur gravida nisi at nibh. In hac habitasse platea dictumst. Aliquam augue quam, sollicitudin vitae, consectetuer eget, rutrum at, lorem.', 1255, 0.21, 8);
insert into books (id, pub_date, is_bestseller, slug, title, image, description, price, discount, author_id) values (39, '2019/07/05', 0, 'book-xey-286', 'Who''s That Girl?', 'http://dummyimage.com/300x335.png/cc0000/ffffff', 'Vivamus vel nulla eget eros elementum pellentesque. Quisque porta volutpat erat. Quisque erat eros, viverra eget, congue eget, semper rutrum, nulla. Nunc purus. Phasellus in felis. Donec semper sapien a libero.', 305, 0.07, 17);
insert into books (id, pub_date, is_bestseller, slug, title, image, description, price, discount, author_id) values (40, '2011/12/25', 1, 'book-fga-067', 'Septième juré, Le', 'http://dummyimage.com/679x598.png/dddddd/000000', 'Cras non velit nec nisi vulputate nonummy. Maecenas tincidunt lacus at velit. Vivamus vel nulla eget eros elementum pellentesque. Quisque porta volutpat erat. Quisque erat eros, viverra eget, congue eget, semper rutrum, nulla. Nunc purus.', 2289, 0.42, 15);
insert into books (id, pub_date, is_bestseller, slug, title, image, description, price, discount, author_id) values (41, '2015/11/06', 1, 'book-onm-191', 'Last Picture Show, The', 'http://dummyimage.com/428x794.png/5fa2dd/ffffff', 'Aliquam augue quam, sollicitudin vitae, consectetuer eget, rutrum at, lorem. Integer tincidunt ante vel ipsum. Praesent blandit lacinia erat. Vestibulum sed magna at nunc commodo placerat. Praesent blandit.', 1928, 0.45, 6);
insert into books (id, pub_date, is_bestseller, slug, title, image, description, price, discount, author_id) values (42, '2018/02/13', 1, 'book-wye-734', 'Bonjour tristesse', 'http://dummyimage.com/342x567.png/cc0000/ffffff', 'Nullam porttitor lacus at turpis. Donec posuere metus vitae ipsum. Aliquam non mauris. Morbi non lectus. Aliquam sit amet diam in magna bibendum imperdiet.', 451, 0.32, 12);
insert into books (id, pub_date, is_bestseller, slug, title, image, description, price, discount, author_id) values (43, '2014/09/07', 1, 'book-ekg-008', 'For Ellen', 'http://dummyimage.com/339x691.png/5fa2dd/ffffff', 'Nulla mollis molestie lorem. Quisque ut erat. Curabitur gravida nisi at nibh. In hac habitasse platea dictumst. Aliquam augue quam, sollicitudin vitae, consectetuer eget, rutrum at, lorem.', 337, 0.34, 3);
insert into books (id, pub_date, is_bestseller, slug, title, image, description, price, discount, author_id) values (44, '2020/01/07', 0, 'book-zfn-240', 'Still Waiting...', 'http://dummyimage.com/700x475.png/dddddd/000000', 'Nulla ac enim. In tempor, turpis nec euismod scelerisque, quam turpis adipiscing lorem, vitae mattis nibh ligula nec sem. Duis aliquam convallis nunc. Proin at turpis a pede posuere nonummy. Integer non velit. Donec diam neque, vestibulum eget, vulputate ut, ultrices vel, augue.', 1065, 0.45, 4);
insert into books (id, pub_date, is_bestseller, slug, title, image, description, price, discount, author_id) values (45, '2015/06/27', 0, 'book-cur-444', 'Crazy Mama', 'http://dummyimage.com/393x387.png/cc0000/ffffff', 'Curabitur convallis. Duis consequat dui nec nisi volutpat eleifend. Donec ut dolor. Morbi vel lectus in quam fringilla rhoncus. Mauris enim leo, rhoncus sed, vestibulum sit amet, cursus id, turpis. Integer aliquet, massa id lobortis convallis, tortor risus dapibus augue, vel accumsan tellus nisi eu orci.', 1610, 0.16, 4);
insert into books (id, pub_date, is_bestseller, slug, title, image, description, price, discount, author_id) values (46, '2011/03/16', 0, 'book-bcw-677', 'They Live', 'http://dummyimage.com/434x698.png/5fa2dd/ffffff', 'Aliquam non mauris. Morbi non lectus. Aliquam sit amet diam in magna bibendum imperdiet. Nullam orci pede, venenatis non, sodales sed, tincidunt eu, felis. Fusce posuere felis sed lacus.', 556, 0.5, 12);
insert into books (id, pub_date, is_bestseller, slug, title, image, description, price, discount, author_id) values (47, '2020/01/02', 1, 'book-oue-062', 'Two Tars', 'http://dummyimage.com/726x256.png/cc0000/ffffff', 'Maecenas ut massa quis augue luctus tincidunt. Nulla mollis molestie lorem. Quisque ut erat. Curabitur gravida nisi at nibh. In hac habitasse platea dictumst.', 1971, 0.18, 9);
insert into books (id, pub_date, is_bestseller, slug, title, image, description, price, discount, author_id) values (48, '2020/10/16', 0, 'book-otk-316', 'Klute', 'http://dummyimage.com/492x406.png/ff4444/ffffff', 'Morbi a ipsum. Integer a nibh. In quis justo. Maecenas rhoncus aliquam lacus. Morbi quis tortor id nulla ultrices aliquet. Maecenas leo odio, condimentum id, luctus nec, molestie sed, justo.', 2034, 0.09, 4);
insert into books (id, pub_date, is_bestseller, slug, title, image, description, price, discount, author_id) values (49, '2019/08/17', 1, 'book-kew-742', 'Some Girl', 'http://dummyimage.com/456x434.png/cc0000/ffffff', 'Cras pellentesque volutpat dui. Maecenas tristique, est et tempus semper, est quam pharetra magna, ac consequat metus sapien ut nunc. Vestibulum ante ipsum primis in faucibus orci luctus et ultrices posuere cubilia Curae; Mauris viverra diam vitae quam. Suspendisse potenti. Nullam porttitor lacus at turpis.', 120, 0.33, 9);
insert into books (id, pub_date, is_bestseller, slug, title, image, description, price, discount, author_id) values (50, '2019/05/22', 1, 'book-vvf-824', '39 Steps, The', 'http://dummyimage.com/350x458.png/cc0000/ffffff', 'Sed ante. Vivamus tortor. Duis mattis egestas metus. Aenean fermentum. Donec ut mauris eget massa tempor convallis. Nulla neque libero, convallis eget, eleifend luctus, ultricies eu, nibh.', 2466, 0.35, 11);
insert into books (id, pub_date, is_bestseller, slug, title, image, description, price, discount, author_id) values (51, '2014/07/23', 1, 'book-slx-193', 'Last Stand, The', 'http://dummyimage.com/276x723.png/5fa2dd/ffffff', 'In blandit ultrices enim. Lorem ipsum dolor sit amet, consectetuer adipiscing elit. Proin interdum mauris non ligula pellentesque ultrices. Phasellus id sapien in sapien iaculis congue. Vivamus metus arcu, adipiscing molestie, hendrerit at, vulputate vitae, nisl. Aenean lectus.', 2207, 0.22, 3);
insert into books (id, pub_date, is_bestseller, slug, title, image, description, price, discount, author_id) values (52, '2018/01/02', 0, 'book-qvk-378', 'Uwasa No Onna (The Woman in the Rumor) (Her Mother''s Profession)', 'http://dummyimage.com/423x327.png/cc0000/ffffff', 'Aliquam quis turpis eget elit sodales scelerisque. Mauris sit amet eros. Suspendisse accumsan tortor quis turpis. Sed ante. Vivamus tortor.', 1214, 0.34, 2);
insert into books (id, pub_date, is_bestseller, slug, title, image, description, price, discount, author_id) values (53, '2020/05/26', 1, 'book-eqy-915', 'Quatsch und die Nasenbärbande', 'http://dummyimage.com/374x592.png/ff4444/ffffff', 'Duis bibendum, felis sed interdum venenatis, turpis enim blandit mi, in porttitor pede justo eu massa. Donec dapibus. Duis at velit eu est congue elementum. In hac habitasse platea dictumst. Morbi vestibulum, velit id pretium iaculis, diam erat fermentum justo, nec condimentum neque sapien placerat ante.', 2340, 0.4, 10);
insert into books (id, pub_date, is_bestseller, slug, title, image, description, price, discount, author_id) values (54, '2017/02/18', 0, 'book-uwb-626', 'Deewaar', 'http://dummyimage.com/307x597.png/dddddd/000000', 'Maecenas tincidunt lacus at velit. Vivamus vel nulla eget eros elementum pellentesque. Quisque porta volutpat erat. Quisque erat eros, viverra eget, congue eget, semper rutrum, nulla. Nunc purus.', 1650, 0.35, 15);
insert into books (id, pub_date, is_bestseller, slug, title, image, description, price, discount, author_id) values (55, '2015/09/20', 1, 'book-aig-337', 'Arabian Nights', 'http://dummyimage.com/587x734.png/dddddd/000000', 'Integer non velit. Donec diam neque, vestibulum eget, vulputate ut, ultrices vel, augue. Vestibulum ante ipsum primis in faucibus orci luctus et ultrices posuere cubilia Curae; Donec pharetra, magna vestibulum aliquet ultrices, erat tortor sollicitudin mi, sit amet lobortis sapien sapien non mi. Integer ac neque. Duis bibendum.', 681, 0.2, 13);
insert into books (id, pub_date, is_bestseller, slug, title, image, description, price, discount, author_id) values (56, '2018/03/24', 1, 'book-gxv-706', 'Dangerous Woman, A', 'http://dummyimage.com/372x667.png/cc0000/ffffff', 'Vestibulum sed magna at nunc commodo placerat. Praesent blandit. Nam nulla. Integer pede justo, lacinia eget, tincidunt eget, tempus vel, pede. Morbi porttitor lorem id ligula. Suspendisse ornare consequat lectus.', 128, 0.32, 13);
insert into books (id, pub_date, is_bestseller, slug, title, image, description, price, discount, author_id) values (57, '2016/12/12', 1, 'book-tdg-646', 'Afternoon of a Torturer, The (Dupa-amiaza unui tortionar)', 'http://dummyimage.com/453x797.png/ff4444/ffffff', 'Nullam molestie nibh in lectus. Pellentesque at nulla. Suspendisse potenti. Cras in purus eu magna vulputate luctus. Cum sociis natoque penatibus et magnis dis parturient montes, nascetur ridiculus mus.', 996, 0.18, 1);
insert into books (id, pub_date, is_bestseller, slug, title, image, description, price, discount, author_id) values (58, '2017/10/04', 0, 'book-xwt-140', 'Fatal Beauty', 'http://dummyimage.com/394x614.png/cc0000/ffffff', 'Sed accumsan felis. Ut at dolor quis odio consequat varius. Integer ac leo. Pellentesque ultrices mattis odio. Donec vitae nisi. Nam ultrices, libero non mattis pulvinar, nulla pede ullamcorper augue, a suscipit nulla elit ac nulla.', 1384, 0.49, 21);
insert into books (id, pub_date, is_bestseller, slug, title, image, description, price, discount, author_id) values (59, '2011/11/28', 1, 'book-sav-679', 'Party 2, The (Boum 2, La)', 'http://dummyimage.com/371x352.png/dddddd/000000', 'Vivamus vel nulla eget eros elementum pellentesque. Quisque porta volutpat erat. Quisque erat eros, viverra eget, congue eget, semper rutrum, nulla. Nunc purus. Phasellus in felis. Donec semper sapien a libero.', 2333, 0.08, 12);
insert into books (id, pub_date, is_bestseller, slug, title, image, description, price, discount, author_id) values (60, '2016/01/11', 0, 'book-njw-638', 'Black Beauty', 'http://dummyimage.com/629x752.png/5fa2dd/ffffff', 'Mauris lacinia sapien quis libero. Nullam sit amet turpis elementum ligula vehicula consequat. Morbi a ipsum. Integer a nibh. In quis justo. Maecenas rhoncus aliquam lacus.', 1869, 0.45, 15);
insert into books (id, pub_date, is_bestseller, slug, title, image, description, price, discount, author_id) values (61, '2014/04/19', 0, 'book-ufd-313', 'Brain Damage', 'http://dummyimage.com/667x534.png/cc0000/ffffff', 'Etiam faucibus cursus urna. Ut tellus. Nulla ut erat id mauris vulputate elementum. Nullam varius. Nulla facilisi.', 2120, 0.23, 5);
insert into books (id, pub_date, is_bestseller, slug, title, image, description, price, discount, author_id) values (62, '2019/08/22', 0, 'book-ceq-047', 'Black Bread (Pa Negre)', 'http://dummyimage.com/273x331.png/5fa2dd/ffffff', 'Fusce posuere felis sed lacus. Morbi sem mauris, laoreet ut, rhoncus aliquet, pulvinar sed, nisl. Nunc rhoncus dui vel sem. Sed sagittis. Nam congue, risus semper porta volutpat, quam pede lobortis ligula, sit amet eleifend pede libero quis orci. Nullam molestie nibh in lectus.', 2350, 0.42, 2);
insert into books (id, pub_date, is_bestseller, slug, title, image, description, price, discount, author_id) values (63, '2020/09/13', 1, 'book-ymt-908', 'Tyler Perry''s Temptation: Confessions of a Marriage Counselor', 'http://dummyimage.com/372x758.png/dddddd/000000', 'Curabitur gravida nisi at nibh. In hac habitasse platea dictumst. Aliquam augue quam, sollicitudin vitae, consectetuer eget, rutrum at, lorem. Integer tincidunt ante vel ipsum. Praesent blandit lacinia erat. Vestibulum sed magna at nunc commodo placerat.', 2438, 0.34, 2);
insert into books (id, pub_date, is_bestseller, slug, title, image, description, price, discount, author_id) values (64, '2017/10/29', 0, 'book-oje-492', 'Turbulence', 'http://dummyimage.com/681x776.png/dddddd/000000', 'Phasellus sit amet erat. Nulla tempus. Vivamus in felis eu sapien cursus vestibulum. Proin eu mi. Nulla ac enim.', 1940, 0.13, 9);
insert into books (id, pub_date, is_bestseller, slug, title, image, description, price, discount, author_id) values (65, '2011/06/16', 1, 'book-fis-364', 'Reservoir Dogs', 'http://dummyimage.com/687x651.png/ff4444/ffffff', 'Quisque ut erat. Curabitur gravida nisi at nibh. In hac habitasse platea dictumst. Aliquam augue quam, sollicitudin vitae, consectetuer eget, rutrum at, lorem. Integer tincidunt ante vel ipsum. Praesent blandit lacinia erat.', 2320, 0.17, 8);
insert into books (id, pub_date, is_bestseller, slug, title, image, description, price, discount, author_id) values (66, '2017/07/30', 1, 'book-krr-583', 'Phase 7', 'http://dummyimage.com/320x776.png/5fa2dd/ffffff', 'In hac habitasse platea dictumst. Aliquam augue quam, sollicitudin vitae, consectetuer eget, rutrum at, lorem. Integer tincidunt ante vel ipsum. Praesent blandit lacinia erat. Vestibulum sed magna at nunc commodo placerat. Praesent blandit.', 1187, 0.31, 7);
insert into books (id, pub_date, is_bestseller, slug, title, image, description, price, discount, author_id) values (67, '2016/10/04', 1, 'book-dfi-131', 'Bringing Up Bobby', 'http://dummyimage.com/734x335.png/5fa2dd/ffffff', 'Etiam pretium iaculis justo. In hac habitasse platea dictumst. Etiam faucibus cursus urna. Ut tellus. Nulla ut erat id mauris vulputate elementum.', 2231, 0.35, 10);
insert into books (id, pub_date, is_bestseller, slug, title, image, description, price, discount, author_id) values (68, '2020/10/03', 0, 'book-mgl-853', 'Love Me If You Dare (Jeux d''enfants)', 'http://dummyimage.com/350x325.png/5fa2dd/ffffff', 'Proin risus. Praesent lectus. Vestibulum quam sapien, varius ut, blandit non, interdum in, ante. Vestibulum ante ipsum primis in faucibus orci luctus et ultrices posuere cubilia Curae; Duis faucibus accumsan odio. Curabitur convallis.', 1246, 0.47, 7);
insert into books (id, pub_date, is_bestseller, slug, title, image, description, price, discount, author_id) values (69, '2019/06/26', 1, 'book-fvv-152', 'Bataan', 'http://dummyimage.com/472x708.png/dddddd/000000', 'Quisque porta volutpat erat. Quisque erat eros, viverra eget, congue eget, semper rutrum, nulla. Nunc purus. Phasellus in felis. Donec semper sapien a libero. Nam dui.', 957, 0.35, 12);
insert into books (id, pub_date, is_bestseller, slug, title, image, description, price, discount, author_id) values (70, '2016/12/18', 0, 'book-bfy-366', 'Mad Love', 'http://dummyimage.com/518x585.png/ff4444/ffffff', 'Quisque ut erat. Curabitur gravida nisi at nibh. In hac habitasse platea dictumst. Aliquam augue quam, sollicitudin vitae, consectetuer eget, rutrum at, lorem. Integer tincidunt ante vel ipsum. Praesent blandit lacinia erat.', 1273, 0.19, 9);
insert into books (id, pub_date, is_bestseller, slug, title, image, description, price, discount, author_id) values (71, '2011/10/05', 0, 'book-bqt-737', 'Chaperone, The', 'http://dummyimage.com/613x689.png/dddddd/000000', 'Praesent blandit. Nam nulla. Integer pede justo, lacinia eget, tincidunt eget, tempus vel, pede. Morbi porttitor lorem id ligula. Suspendisse ornare consequat lectus.', 275, 0.13, 11);
insert into books (id, pub_date, is_bestseller, slug, title, image, description, price, discount, author_id) values (72, '2017/09/29', 1, 'book-rrq-297', 'Love Simple', 'http://dummyimage.com/497x777.png/cc0000/ffffff', 'Integer tincidunt ante vel ipsum. Praesent blandit lacinia erat. Vestibulum sed magna at nunc commodo placerat. Praesent blandit. Nam nulla.', 1778, 0.47, 21);
insert into books (id, pub_date, is_bestseller, slug, title, image, description, price, discount, author_id) values (73, '2014/01/16', 1, 'book-uzn-508', 'Sugar', 'http://dummyimage.com/271x683.png/dddddd/000000', 'Duis ac nibh. Fusce lacus purus, aliquet at, feugiat non, pretium quis, lectus. Suspendisse potenti. In eleifend quam a odio. In hac habitasse platea dictumst. Maecenas ut massa quis augue luctus tincidunt.', 1087, 0.25, 6);
insert into books (id, pub_date, is_bestseller, slug, title, image, description, price, discount, author_id) values (74, '2017/10/13', 1, 'book-wkd-794', 'Rabid Dogs (Kidnapped) (Cani arrabbiati)', 'http://dummyimage.com/540x703.png/cc0000/ffffff', 'Aenean fermentum. Donec ut mauris eget massa tempor convallis. Nulla neque libero, convallis eget, eleifend luctus, ultricies eu, nibh. Quisque id justo sit amet sapien dignissim vestibulum. Vestibulum ante ipsum primis in faucibus orci luctus et ultrices posuere cubilia Curae; Nulla dapibus dolor vel est. Donec odio justo, sollicitudin ut, suscipit a, feugiat et, eros.', 1234, 0.12, 8);
insert into books (id, pub_date, is_bestseller, slug, title, image, description, price, discount, author_id) values (75, '2015/07/21', 1, 'book-ngq-580', 'Mother Night', 'http://dummyimage.com/528x386.png/5fa2dd/ffffff', 'Nullam porttitor lacus at turpis. Donec posuere metus vitae ipsum. Aliquam non mauris. Morbi non lectus. Aliquam sit amet diam in magna bibendum imperdiet.', 285, 0.48, 20);
insert into books (id, pub_date, is_bestseller, slug, title, image, description, price, discount, author_id) values (76, '2019/07/13', 1, 'book-ejv-154', 'Moonlight Serenade', 'http://dummyimage.com/644x769.png/cc0000/ffffff', 'Duis aliquam convallis nunc. Proin at turpis a pede posuere nonummy. Integer non velit. Donec diam neque, vestibulum eget, vulputate ut, ultrices vel, augue. Vestibulum ante ipsum primis in faucibus orci luctus et ultrices posuere cubilia Curae; Donec pharetra, magna vestibulum aliquet ultrices, erat tortor sollicitudin mi, sit amet lobortis sapien sapien non mi. Integer ac neque.', 1573, 0.3, 18);
insert into books (id, pub_date, is_bestseller, slug, title, image, description, price, discount, author_id) values (77, '2016/08/02', 0, 'book-tsz-248', 'Africa addio', 'http://dummyimage.com/645x728.png/dddddd/000000', 'Lorem ipsum dolor sit amet, consectetuer adipiscing elit. Proin risus. Praesent lectus. Vestibulum quam sapien, varius ut, blandit non, interdum in, ante. Vestibulum ante ipsum primis in faucibus orci luctus et ultrices posuere cubilia Curae; Duis faucibus accumsan odio. Curabitur convallis.', 2310, 0.05, 19);
insert into books (id, pub_date, is_bestseller, slug, title, image, description, price, discount, author_id) values (78, '2015/05/21', 0, 'book-yfv-716', 'Disney Princess Collection: Jasmine''s Enchanted Tales: Jasmine''s Wish', 'http://dummyimage.com/705x296.png/cc0000/ffffff', 'Donec quis orci eget orci vehicula condimentum. Curabitur in libero ut massa volutpat convallis. Morbi odio odio, elementum eu, interdum eu, tincidunt in, leo. Maecenas pulvinar lobortis est. Phasellus sit amet erat.', 2321, 0.24, 7);
insert into books (id, pub_date, is_bestseller, slug, title, image, description, price, discount, author_id) values (79, '2016/04/05', 1, 'book-xxl-794', 'Pierrot le fou', 'http://dummyimage.com/619x703.png/5fa2dd/ffffff', 'Nunc purus. Phasellus in felis. Donec semper sapien a libero. Nam dui. Proin leo odio, porttitor id, consequat in, consequat ut, nulla.', 871, 0.12, 14);
insert into books (id, pub_date, is_bestseller, slug, title, image, description, price, discount, author_id) values (80, '2019/06/14', 0, 'book-zrx-581', 'Legend No. 17', 'http://dummyimage.com/261x388.png/cc0000/ffffff', 'In est risus, auctor sed, tristique in, tempus sit amet, sem. Fusce consequat. Nulla nisl. Nunc nisl. Duis bibendum, felis sed interdum venenatis, turpis enim blandit mi, in porttitor pede justo eu massa. Donec dapibus.', 965, 0.48, 4);
insert into books (id, pub_date, is_bestseller, slug, title, image, description, price, discount, author_id) values (81, '2016/07/29', 0, 'book-qyn-528', 'Condo Painting', 'http://dummyimage.com/627x630.png/dddddd/000000', 'Phasellus id sapien in sapien iaculis congue. Vivamus metus arcu, adipiscing molestie, hendrerit at, vulputate vitae, nisl. Aenean lectus. Pellentesque eget nunc. Donec quis orci eget orci vehicula condimentum. Curabitur in libero ut massa volutpat convallis.', 1275, 0.3, 17);
insert into books (id, pub_date, is_bestseller, slug, title, image, description, price, discount, author_id) values (82, '2017/03/12', 0, 'book-mbz-161', 'Samurai Rebellion (Jôi-uchi: Hairyô tsuma shimatsu)', 'http://dummyimage.com/512x322.png/cc0000/ffffff', 'Duis bibendum. Morbi non quam nec dui luctus rutrum. Nulla tellus. In sagittis dui vel nisl. Duis ac nibh.', 2290, 0.17, 18);
insert into books (id, pub_date, is_bestseller, slug, title, image, description, price, discount, author_id) values (83, '2014/10/16', 1, 'book-qzb-263', 'Queen and I, The (Drottningen och jag)', 'http://dummyimage.com/324x530.png/ff4444/ffffff', 'Nulla ut erat id mauris vulputate elementum. Nullam varius. Nulla facilisi. Cras non velit nec nisi vulputate nonummy. Maecenas tincidunt lacus at velit. Vivamus vel nulla eget eros elementum pellentesque.', 314, 0.15, 8);
insert into books (id, pub_date, is_bestseller, slug, title, image, description, price, discount, author_id) values (84, '2012/10/20', 0, 'book-xjt-227', 'Our Nixon', 'http://dummyimage.com/375x523.png/ff4444/ffffff', 'Aliquam erat volutpat. In congue. Etiam justo. Etiam pretium iaculis justo. In hac habitasse platea dictumst.', 2027, 0.22, 17);
insert into books (id, pub_date, is_bestseller, slug, title, image, description, price, discount, author_id) values (85, '2011/12/07', 1, 'book-ipc-734', 'It Happened Tomorrow', 'http://dummyimage.com/333x639.png/cc0000/ffffff', 'Lorem ipsum dolor sit amet, consectetuer adipiscing elit. Proin risus. Praesent lectus. Vestibulum quam sapien, varius ut, blandit non, interdum in, ante. Vestibulum ante ipsum primis in faucibus orci luctus et ultrices posuere cubilia Curae; Duis faucibus accumsan odio.', 1866, 0.22, 19);
insert into books (id, pub_date, is_bestseller, slug, title, image, description, price, discount, author_id) values (86, '2017/11/27', 1, 'book-kaw-814', 'Welcome to the Jungle', 'http://dummyimage.com/676x777.png/cc0000/ffffff', 'Aliquam sit amet diam in magna bibendum imperdiet. Nullam orci pede, venenatis non, sodales sed, tincidunt eu, felis. Fusce posuere felis sed lacus. Morbi sem mauris, laoreet ut, rhoncus aliquet, pulvinar sed, nisl. Nunc rhoncus dui vel sem. Sed sagittis.', 1017, 0.23, 18);
insert into books (id, pub_date, is_bestseller, slug, title, image, description, price, discount, author_id) values (87, '2012/07/18', 0, 'book-cvd-255', 'Angels Over Broadway', 'http://dummyimage.com/426x523.png/ff4444/ffffff', 'Duis mattis egestas metus. Aenean fermentum. Donec ut mauris eget massa tempor convallis. Nulla neque libero, convallis eget, eleifend luctus, ultricies eu, nibh. Quisque id justo sit amet sapien dignissim vestibulum. Vestibulum ante ipsum primis in faucibus orci luctus et ultrices posuere cubilia Curae; Nulla dapibus dolor vel est.', 332, 0.11, 20);
insert into books (id, pub_date, is_bestseller, slug, title, image, description, price, discount, author_id) values (88, '2018/10/20', 1, 'book-qee-783', 'Heatstroke', 'http://dummyimage.com/366x689.png/5fa2dd/ffffff', 'Etiam justo. Etiam pretium iaculis justo. In hac habitasse platea dictumst. Etiam faucibus cursus urna. Ut tellus. Nulla ut erat id mauris vulputate elementum.', 340, 0.18, 17);
insert into books (id, pub_date, is_bestseller, slug, title, image, description, price, discount, author_id) values (89, '2019/05/12', 1, 'book-hsv-244', 'Genesis', 'http://dummyimage.com/412x309.png/cc0000/ffffff', 'Nam dui. Proin leo odio, porttitor id, consequat in, consequat ut, nulla. Sed accumsan felis. Ut at dolor quis odio consequat varius. Integer ac leo. Pellentesque ultrices mattis odio.', 665, 0.13, 16);
insert into books (id, pub_date, is_bestseller, slug, title, image, description, price, discount, author_id) values (90, '2016/07/24', 0, 'book-khg-921', 'All Is Forgiven (Tout est pardonné)', 'http://dummyimage.com/433x494.png/dddddd/000000', 'Nulla neque libero, convallis eget, eleifend luctus, ultricies eu, nibh. Quisque id justo sit amet sapien dignissim vestibulum. Vestibulum ante ipsum primis in faucibus orci luctus et ultrices posuere cubilia Curae; Nulla dapibus dolor vel est. Donec odio justo, sollicitudin ut, suscipit a, feugiat et, eros. Vestibulum ac est lacinia nisi venenatis tristique.', 374, 0.3, 17);
insert into books (id, pub_date, is_bestseller, slug, title, image, description, price, discount, author_id) values (91, '2020/10/25', 0, 'book-qze-790', 'Running Scared', 'http://dummyimage.com/631x765.png/ff4444/ffffff', 'Aliquam quis turpis eget elit sodales scelerisque. Mauris sit amet eros. Suspendisse accumsan tortor quis turpis. Sed ante. Vivamus tortor. Duis mattis egestas metus.', 2086, 0.38, 13);
insert into books (id, pub_date, is_bestseller, slug, title, image, description, price, discount, author_id) values (92, '2017/08/08', 0, 'book-raa-175', 'Mitä meistä tuli', 'http://dummyimage.com/622x618.png/ff4444/ffffff', 'In hac habitasse platea dictumst. Aliquam augue quam, sollicitudin vitae, consectetuer eget, rutrum at, lorem. Integer tincidunt ante vel ipsum. Praesent blandit lacinia erat. Vestibulum sed magna at nunc commodo placerat. Praesent blandit.', 519, 0.44, 5);
insert into books (id, pub_date, is_bestseller, slug, title, image, description, price, discount, author_id) values (93, '2016/06/29', 1, 'book-sho-219', 'Joe''s Apartment', 'http://dummyimage.com/548x686.png/cc0000/ffffff', 'In est risus, auctor sed, tristique in, tempus sit amet, sem. Fusce consequat. Nulla nisl. Nunc nisl. Duis bibendum, felis sed interdum venenatis, turpis enim blandit mi, in porttitor pede justo eu massa.', 1190, 0.1, 14);
insert into books (id, pub_date, is_bestseller, slug, title, image, description, price, discount, author_id) values (94, '2018/09/26', 0, 'book-amo-831', 'Tom Segura: Completely Normal', 'http://dummyimage.com/627x571.png/dddddd/000000', 'Integer ac leo. Pellentesque ultrices mattis odio. Donec vitae nisi. Nam ultrices, libero non mattis pulvinar, nulla pede ullamcorper augue, a suscipit nulla elit ac nulla. Sed vel enim sit amet nunc viverra dapibus. Nulla suscipit ligula in lacus.', 2340, 0.16, 3);
insert into books (id, pub_date, is_bestseller, slug, title, image, description, price, discount, author_id) values (95, '2013/04/17', 0, 'book-gpl-764', 'Hijacking Catastrophe: 9/11, Fear & the Selling of American Empire', 'http://dummyimage.com/273x512.png/ff4444/ffffff', 'Duis consequat dui nec nisi volutpat eleifend. Donec ut dolor. Morbi vel lectus in quam fringilla rhoncus. Mauris enim leo, rhoncus sed, vestibulum sit amet, cursus id, turpis. Integer aliquet, massa id lobortis convallis, tortor risus dapibus augue, vel accumsan tellus nisi eu orci.', 1810, 0.32, 17);
insert into books (id, pub_date, is_bestseller, slug, title, image, description, price, discount, author_id) values (96, '2016/07/15', 1, 'book-lwk-953', 'Unrest', 'http://dummyimage.com/641x383.png/ff4444/ffffff', 'Aliquam augue quam, sollicitudin vitae, consectetuer eget, rutrum at, lorem. Integer tincidunt ante vel ipsum. Praesent blandit lacinia erat. Vestibulum sed magna at nunc commodo placerat. Praesent blandit.', 747, 0.19, 16);
insert into books (id, pub_date, is_bestseller, slug, title, image, description, price, discount, author_id) values (97, '2013/09/08', 1, 'book-mvu-662', 'Odd Couple II, The', 'http://dummyimage.com/734x789.png/ff4444/ffffff', 'Sed vel enim sit amet nunc viverra dapibus. Nulla suscipit ligula in lacus. Curabitur at ipsum ac tellus semper interdum. Mauris ullamcorper purus sit amet nulla. Quisque arcu libero, rutrum ac, lobortis vel, dapibus at, diam. Nam tristique tortor eu pede.', 1970, 0.41, 12);
insert into books (id, pub_date, is_bestseller, slug, title, image, description, price, discount, author_id) values (98, '2019/02/13', 1, 'book-pwm-422', 'Shouting Fire: Stories from the Edge of Free Speech', 'http://dummyimage.com/382x532.png/cc0000/ffffff', 'Vivamus vel nulla eget eros elementum pellentesque. Quisque porta volutpat erat. Quisque erat eros, viverra eget, congue eget, semper rutrum, nulla. Nunc purus. Phasellus in felis. Donec semper sapien a libero.', 438, 0.4, 19);
insert into books (id, pub_date, is_bestseller, slug, title, image, description, price, discount, author_id) values (99, '2016/06/16', 1, 'book-iyf-999', 'Woman in the Moon (By Rocket to the Moon) (Frau im Mond)', 'http://dummyimage.com/531x523.png/cc0000/ffffff', 'Mauris enim leo, rhoncus sed, vestibulum sit amet, cursus id, turpis. Integer aliquet, massa id lobortis convallis, tortor risus dapibus augue, vel accumsan tellus nisi eu orci. Mauris lacinia sapien quis libero. Nullam sit amet turpis elementum ligula vehicula consequat. Morbi a ipsum.', 1699, 0.16, 15);
insert into books (id, pub_date, is_bestseller, slug, title, image, description, price, discount, author_id) values (100, '2016/06/17', 1, 'book-yqu-425', 'Nine', 'http://dummyimage.com/689x653.png/dddddd/000000', 'Nullam varius. Nulla facilisi. Cras non velit nec nisi vulputate nonummy. Maecenas tincidunt lacus at velit. Vivamus vel nulla eget eros elementum pellentesque.', 1007, 0.09, 12);
insert into books (id, pub_date, is_bestseller, slug, title, image, description, price, discount, author_id) values (101, '2012/03/01', 1, 'book-xwp-252', 'Girlfriends, The (Le amiche)', 'http://dummyimage.com/351x650.png/dddddd/000000', 'Ut at dolor quis odio consequat varius. Integer ac leo. Pellentesque ultrices mattis odio. Donec vitae nisi. Nam ultrices, libero non mattis pulvinar, nulla pede ullamcorper augue, a suscipit nulla elit ac nulla. Sed vel enim sit amet nunc viverra dapibus.', 2028, 0.39, 12);
insert into books (id, pub_date, is_bestseller, slug, title, image, description, price, discount, author_id) values (102, '2020/07/07', 1, 'book-isa-997', 'Dead Times (Temps morts, Les)', 'http://dummyimage.com/752x362.png/ff4444/ffffff', 'Donec posuere metus vitae ipsum. Aliquam non mauris. Morbi non lectus. Aliquam sit amet diam in magna bibendum imperdiet. Nullam orci pede, venenatis non, sodales sed, tincidunt eu, felis. Fusce posuere felis sed lacus.', 956, 0.48, 3);
insert into books (id, pub_date, is_bestseller, slug, title, image, description, price, discount, author_id) values (103, '2011/01/28', 1, 'book-qpr-533', 'Amelia', 'http://dummyimage.com/559x787.png/cc0000/ffffff', 'Suspendisse potenti. In eleifend quam a odio. In hac habitasse platea dictumst. Maecenas ut massa quis augue luctus tincidunt. Nulla mollis molestie lorem. Quisque ut erat.', 1268, 0.21, 12);
insert into books (id, pub_date, is_bestseller, slug, title, image, description, price, discount, author_id) values (104, '2013/04/25', 0, 'book-acv-861', 'Sun Don''t Shine', 'http://dummyimage.com/409x647.png/5fa2dd/ffffff', 'Nulla facilisi. Cras non velit nec nisi vulputate nonummy. Maecenas tincidunt lacus at velit. Vivamus vel nulla eget eros elementum pellentesque. Quisque porta volutpat erat. Quisque erat eros, viverra eget, congue eget, semper rutrum, nulla.', 455, 0.48, 5);
insert into books (id, pub_date, is_bestseller, slug, title, image, description, price, discount, author_id) values (105, '2014/06/04', 1, 'book-lsr-878', 'Tammy and the Bachelor', 'http://dummyimage.com/792x735.png/dddddd/000000', 'Morbi a ipsum. Integer a nibh. In quis justo. Maecenas rhoncus aliquam lacus. Morbi quis tortor id nulla ultrices aliquet.', 2124, 0.16, 17);
insert into books (id, pub_date, is_bestseller, slug, title, image, description, price, discount, author_id) values (106, '2013/03/23', 1, 'book-uei-304', 'Symbol (Shinboru)', 'http://dummyimage.com/780x464.png/5fa2dd/ffffff', 'Nullam sit amet turpis elementum ligula vehicula consequat. Morbi a ipsum. Integer a nibh. In quis justo. Maecenas rhoncus aliquam lacus. Morbi quis tortor id nulla ultrices aliquet.', 1221, 0.19, 2);
insert into books (id, pub_date, is_bestseller, slug, title, image, description, price, discount, author_id) values (107, '2018/01/13', 1, 'book-gcq-744', 'Truth, The ', 'http://dummyimage.com/297x370.png/cc0000/ffffff', 'Praesent blandit. Nam nulla. Integer pede justo, lacinia eget, tincidunt eget, tempus vel, pede. Morbi porttitor lorem id ligula. Suspendisse ornare consequat lectus. In est risus, auctor sed, tristique in, tempus sit amet, sem.', 1612, 0.18, 7);
insert into books (id, pub_date, is_bestseller, slug, title, image, description, price, discount, author_id) values (108, '2018/02/23', 0, 'book-zmy-397', 'Kit Kittredge: An American Girl', 'http://dummyimage.com/278x548.png/ff4444/ffffff', 'Donec vitae nisi. Nam ultrices, libero non mattis pulvinar, nulla pede ullamcorper augue, a suscipit nulla elit ac nulla. Sed vel enim sit amet nunc viverra dapibus. Nulla suscipit ligula in lacus. Curabitur at ipsum ac tellus semper interdum. Mauris ullamcorper purus sit amet nulla.', 605, 0.39, 5);
insert into books (id, pub_date, is_bestseller, slug, title, image, description, price, discount, author_id) values (109, '2011/03/31', 0, 'book-zde-206', 'Dragon Ball Z: Super Android 13! (Doragon bôru Z 7: Kyokugen batoru!! San dai sûpâ saiyajin)', 'http://dummyimage.com/419x408.png/5fa2dd/ffffff', 'Vivamus metus arcu, adipiscing molestie, hendrerit at, vulputate vitae, nisl. Aenean lectus. Pellentesque eget nunc. Donec quis orci eget orci vehicula condimentum. Curabitur in libero ut massa volutpat convallis.', 1401, 0.2, 10);
insert into books (id, pub_date, is_bestseller, slug, title, image, description, price, discount, author_id) values (110, '2019/11/26', 0, 'book-tjs-238', 'Konga', 'http://dummyimage.com/774x446.png/ff4444/ffffff', 'Cras pellentesque volutpat dui. Maecenas tristique, est et tempus semper, est quam pharetra magna, ac consequat metus sapien ut nunc. Vestibulum ante ipsum primis in faucibus orci luctus et ultrices posuere cubilia Curae; Mauris viverra diam vitae quam. Suspendisse potenti. Nullam porttitor lacus at turpis.', 1920, 0.35, 5);
insert into books (id, pub_date, is_bestseller, slug, title, image, description, price, discount, author_id) values (111, '2014/11/14', 1, 'book-xmu-584', 'Terra (a.k.a. Battle for Terra)', 'http://dummyimage.com/363x437.png/5fa2dd/ffffff', 'Nullam molestie nibh in lectus. Pellentesque at nulla. Suspendisse potenti. Cras in purus eu magna vulputate luctus. Cum sociis natoque penatibus et magnis dis parturient montes, nascetur ridiculus mus. Vivamus vestibulum sagittis sapien.', 873, 0.31, 19);
insert into books (id, pub_date, is_bestseller, slug, title, image, description, price, discount, author_id) values (112, '2018/06/23', 0, 'book-joh-220', 'Heart of a Lion', 'http://dummyimage.com/504x455.png/cc0000/ffffff', 'Cras in purus eu magna vulputate luctus. Cum sociis natoque penatibus et magnis dis parturient montes, nascetur ridiculus mus. Vivamus vestibulum sagittis sapien. Cum sociis natoque penatibus et magnis dis parturient montes, nascetur ridiculus mus. Etiam vel augue.', 388, 0.14, 15);
insert into books (id, pub_date, is_bestseller, slug, title, image, description, price, discount, author_id) values (113, '2019/12/07', 1, 'book-lyl-379', 'My Left Eye Sees Ghosts (Ngo joh aan gin diy gwai)', 'http://dummyimage.com/664x686.png/dddddd/000000', 'Fusce posuere felis sed lacus. Morbi sem mauris, laoreet ut, rhoncus aliquet, pulvinar sed, nisl. Nunc rhoncus dui vel sem. Sed sagittis. Nam congue, risus semper porta volutpat, quam pede lobortis ligula, sit amet eleifend pede libero quis orci. Nullam molestie nibh in lectus.', 1545, 0.2, 21);
insert into books (id, pub_date, is_bestseller, slug, title, image, description, price, discount, author_id) values (114, '2014/02/12', 0, 'book-nvs-904', 'Chronicle of the Years of Fire (Chronique des années de braise)', 'http://dummyimage.com/759x446.png/ff4444/ffffff', 'Vestibulum ante ipsum primis in faucibus orci luctus et ultrices posuere cubilia Curae; Nulla dapibus dolor vel est. Donec odio justo, sollicitudin ut, suscipit a, feugiat et, eros. Vestibulum ac est lacinia nisi venenatis tristique. Fusce congue, diam id ornare imperdiet, sapien urna pretium nisl, ut volutpat sapien arcu sed augue. Aliquam erat volutpat.', 1241, 0.16, 11);
insert into books (id, pub_date, is_bestseller, slug, title, image, description, price, discount, author_id) values (115, '2020/06/09', 0, 'book-trx-660', 'Big Mommas: Like Father, Like Son', 'http://dummyimage.com/582x615.png/ff4444/ffffff', 'Donec dapibus. Duis at velit eu est congue elementum. In hac habitasse platea dictumst. Morbi vestibulum, velit id pretium iaculis, diam erat fermentum justo, nec condimentum neque sapien placerat ante. Nulla justo.', 1677, 0.19, 5);
insert into books (id, pub_date, is_bestseller, slug, title, image, description, price, discount, author_id) values (116, '2015/05/07', 0, 'book-ykz-053', 'Eden', 'http://dummyimage.com/517x261.png/5fa2dd/ffffff', 'Proin risus. Praesent lectus. Vestibulum quam sapien, varius ut, blandit non, interdum in, ante. Vestibulum ante ipsum primis in faucibus orci luctus et ultrices posuere cubilia Curae; Duis faucibus accumsan odio. Curabitur convallis. Duis consequat dui nec nisi volutpat eleifend.', 2479, 0.45, 8);
insert into books (id, pub_date, is_bestseller, slug, title, image, description, price, discount, author_id) values (117, '2015/01/14', 1, 'book-jdb-304', 'Last Witness, The', 'http://dummyimage.com/409x285.png/5fa2dd/ffffff', 'Nullam molestie nibh in lectus. Pellentesque at nulla. Suspendisse potenti. Cras in purus eu magna vulputate luctus. Cum sociis natoque penatibus et magnis dis parturient montes, nascetur ridiculus mus. Vivamus vestibulum sagittis sapien.', 2365, 0.22, 7);
insert into books (id, pub_date, is_bestseller, slug, title, image, description, price, discount, author_id) values (118, '2011/10/29', 1, 'book-vub-085', 'Delta of Venus', 'http://dummyimage.com/626x305.png/ff4444/ffffff', 'Suspendisse accumsan tortor quis turpis. Sed ante. Vivamus tortor. Duis mattis egestas metus. Aenean fermentum.', 203, 0.06, 7);
insert into books (id, pub_date, is_bestseller, slug, title, image, description, price, discount, author_id) values (119, '2014/07/09', 1, 'book-djz-159', 'Dream House', 'http://dummyimage.com/302x583.png/cc0000/ffffff', 'Integer pede justo, lacinia eget, tincidunt eget, tempus vel, pede. Morbi porttitor lorem id ligula. Suspendisse ornare consequat lectus. In est risus, auctor sed, tristique in, tempus sit amet, sem. Fusce consequat.', 1071, 0.06, 3);
insert into books (id, pub_date, is_bestseller, slug, title, image, description, price, discount, author_id) values (120, '2013/08/14', 1, 'book-hzb-703', 'Iceberg, L''', 'http://dummyimage.com/382x342.png/ff4444/ffffff', 'Morbi odio odio, elementum eu, interdum eu, tincidunt in, leo. Maecenas pulvinar lobortis est. Phasellus sit amet erat. Nulla tempus. Vivamus in felis eu sapien cursus vestibulum.', 1206, 0.27, 14);
insert into books (id, pub_date, is_bestseller, slug, title, image, description, price, discount, author_id) values (121, '2019/12/31', 1, 'book-eyb-943', 'And Then Came Lola', 'http://dummyimage.com/720x670.png/ff4444/ffffff', 'Integer pede justo, lacinia eget, tincidunt eget, tempus vel, pede. Morbi porttitor lorem id ligula. Suspendisse ornare consequat lectus. In est risus, auctor sed, tristique in, tempus sit amet, sem. Fusce consequat.', 1382, 0.38, 20);
insert into books (id, pub_date, is_bestseller, slug, title, image, description, price, discount, author_id) values (122, '2015/04/23', 1, 'book-llj-241', 'Asfalttilampaat', 'http://dummyimage.com/517x622.png/ff4444/ffffff', 'Etiam pretium iaculis justo. In hac habitasse platea dictumst. Etiam faucibus cursus urna. Ut tellus. Nulla ut erat id mauris vulputate elementum. Nullam varius.', 1729, 0.48, 19);
insert into books (id, pub_date, is_bestseller, slug, title, image, description, price, discount, author_id) values (123, '2016/08/21', 0, 'book-caq-993', 'Cool It', 'http://dummyimage.com/724x583.png/dddddd/000000', 'Nullam varius. Nulla facilisi. Cras non velit nec nisi vulputate nonummy. Maecenas tincidunt lacus at velit. Vivamus vel nulla eget eros elementum pellentesque.', 2434, 0.41, 1);
insert into books (id, pub_date, is_bestseller, slug, title, image, description, price, discount, author_id) values (124, '2020/02/17', 0, 'book-ifc-469', 'Pardon Us', 'http://dummyimage.com/506x549.png/dddddd/000000', 'Suspendisse ornare consequat lectus. In est risus, auctor sed, tristique in, tempus sit amet, sem. Fusce consequat. Nulla nisl. Nunc nisl.', 1557, 0.3, 14);
insert into books (id, pub_date, is_bestseller, slug, title, image, description, price, discount, author_id) values (125, '2012/10/26', 1, 'book-yug-730', 'Sweet Evil (L''enfance du mal)', 'http://dummyimage.com/786x423.png/5fa2dd/ffffff', 'Vivamus tortor. Duis mattis egestas metus. Aenean fermentum. Donec ut mauris eget massa tempor convallis. Nulla neque libero, convallis eget, eleifend luctus, ultricies eu, nibh.', 1950, 0.1, 3);
insert into books (id, pub_date, is_bestseller, slug, title, image, description, price, discount, author_id) values (126, '2014/10/10', 0, 'book-lfj-417', 'Daddy Long Legs', 'http://dummyimage.com/796x366.png/dddddd/000000', 'Vestibulum sed magna at nunc commodo placerat. Praesent blandit. Nam nulla. Integer pede justo, lacinia eget, tincidunt eget, tempus vel, pede. Morbi porttitor lorem id ligula. Suspendisse ornare consequat lectus.', 1931, 0.16, 12);
insert into books (id, pub_date, is_bestseller, slug, title, image, description, price, discount, author_id) values (127, '2012/06/14', 1, 'book-dtd-805', 'Past, The (Le passé)', 'http://dummyimage.com/330x527.png/ff4444/ffffff', 'Morbi odio odio, elementum eu, interdum eu, tincidunt in, leo. Maecenas pulvinar lobortis est. Phasellus sit amet erat. Nulla tempus. Vivamus in felis eu sapien cursus vestibulum. Proin eu mi.', 156, 0.13, 1);
insert into books (id, pub_date, is_bestseller, slug, title, image, description, price, discount, author_id) values (128, '2019/02/23', 1, 'book-hcv-821', 'See No Evil', 'http://dummyimage.com/593x514.png/dddddd/000000', 'Donec diam neque, vestibulum eget, vulputate ut, ultrices vel, augue. Vestibulum ante ipsum primis in faucibus orci luctus et ultrices posuere cubilia Curae; Donec pharetra, magna vestibulum aliquet ultrices, erat tortor sollicitudin mi, sit amet lobortis sapien sapien non mi. Integer ac neque. Duis bibendum. Morbi non quam nec dui luctus rutrum. Nulla tellus.', 766, 0.16, 6);
insert into books (id, pub_date, is_bestseller, slug, title, image, description, price, discount, author_id) values (129, '2015/09/25', 1, 'book-hzh-722', 'Cost of Living, The (Le coût de la vie)', 'http://dummyimage.com/324x446.png/dddddd/000000', 'Cum sociis natoque penatibus et magnis dis parturient montes, nascetur ridiculus mus. Etiam vel augue. Vestibulum rutrum rutrum neque. Aenean auctor gravida sem. Praesent id massa id nisl venenatis lacinia.', 455, 0.17, 15);
insert into books (id, pub_date, is_bestseller, slug, title, image, description, price, discount, author_id) values (130, '2014/04/10', 1, 'book-uap-204', 'Casey Jones', 'http://dummyimage.com/674x753.png/ff4444/ffffff', 'Etiam pretium iaculis justo. In hac habitasse platea dictumst. Etiam faucibus cursus urna. Ut tellus. Nulla ut erat id mauris vulputate elementum.', 1347, 0.11, 11);
insert into books (id, pub_date, is_bestseller, slug, title, image, description, price, discount, author_id) values (131, '2015/05/18', 0, 'book-soc-287', 'Ju-on: The Grudge', 'http://dummyimage.com/294x646.png/dddddd/000000', 'Praesent blandit. Nam nulla. Integer pede justo, lacinia eget, tincidunt eget, tempus vel, pede. Morbi porttitor lorem id ligula. Suspendisse ornare consequat lectus. In est risus, auctor sed, tristique in, tempus sit amet, sem.', 1393, 0.09, 1);
insert into books (id, pub_date, is_bestseller, slug, title, image, description, price, discount, author_id) values (132, '2012/03/10', 1, 'book-zyd-890', 'Bastards, The (Los bastardos)', 'http://dummyimage.com/600x393.png/5fa2dd/ffffff', 'Quisque id justo sit amet sapien dignissim vestibulum. Vestibulum ante ipsum primis in faucibus orci luctus et ultrices posuere cubilia Curae; Nulla dapibus dolor vel est. Donec odio justo, sollicitudin ut, suscipit a, feugiat et, eros. Vestibulum ac est lacinia nisi venenatis tristique. Fusce congue, diam id ornare imperdiet, sapien urna pretium nisl, ut volutpat sapien arcu sed augue.', 1644, 0.31, 7);
insert into books (id, pub_date, is_bestseller, slug, title, image, description, price, discount, author_id) values (133, '2014/01/20', 0, 'book-nep-044', 'Buster Keaton: A Hard Act to Follow', 'http://dummyimage.com/733x451.png/ff4444/ffffff', 'Cum sociis natoque penatibus et magnis dis parturient montes, nascetur ridiculus mus. Vivamus vestibulum sagittis sapien. Cum sociis natoque penatibus et magnis dis parturient montes, nascetur ridiculus mus. Etiam vel augue. Vestibulum rutrum rutrum neque. Aenean auctor gravida sem.', 160, 0.4, 11);
insert into books (id, pub_date, is_bestseller, slug, title, image, description, price, discount, author_id) values (134, '2018/04/22', 0, 'book-gmm-457', 'Eleventh Year, The (Odinnadtsatyy) ', 'http://dummyimage.com/662x717.png/ff4444/ffffff', 'Aliquam quis turpis eget elit sodales scelerisque. Mauris sit amet eros. Suspendisse accumsan tortor quis turpis. Sed ante. Vivamus tortor.', 2203, 0.41, 21);
insert into books (id, pub_date, is_bestseller, slug, title, image, description, price, discount, author_id) values (135, '2020/07/27', 1, 'book-kvg-821', 'Wag the Dog', 'http://dummyimage.com/787x475.png/5fa2dd/ffffff', 'Nam nulla. Integer pede justo, lacinia eget, tincidunt eget, tempus vel, pede. Morbi porttitor lorem id ligula. Suspendisse ornare consequat lectus. In est risus, auctor sed, tristique in, tempus sit amet, sem. Fusce consequat.', 590, 0.23, 8);
insert into books (id, pub_date, is_bestseller, slug, title, image, description, price, discount, author_id) values (136, '2018/02/04', 0, 'book-krv-774', 'Unstoppable', 'http://dummyimage.com/563x690.png/cc0000/ffffff', 'Curabitur in libero ut massa volutpat convallis. Morbi odio odio, elementum eu, interdum eu, tincidunt in, leo. Maecenas pulvinar lobortis est. Phasellus sit amet erat. Nulla tempus. Vivamus in felis eu sapien cursus vestibulum.', 350, 0.07, 19);
insert into books (id, pub_date, is_bestseller, slug, title, image, description, price, discount, author_id) values (137, '2014/06/18', 1, 'book-dha-595', 'Xala', 'http://dummyimage.com/335x351.png/5fa2dd/ffffff', 'Morbi sem mauris, laoreet ut, rhoncus aliquet, pulvinar sed, nisl. Nunc rhoncus dui vel sem. Sed sagittis. Nam congue, risus semper porta volutpat, quam pede lobortis ligula, sit amet eleifend pede libero quis orci. Nullam molestie nibh in lectus. Pellentesque at nulla.', 2113, 0.48, 10);
insert into books (id, pub_date, is_bestseller, slug, title, image, description, price, discount, author_id) values (138, '2016/12/06', 0, 'book-itq-651', 'Stella Street', 'http://dummyimage.com/451x789.png/cc0000/ffffff', 'Maecenas tincidunt lacus at velit. Vivamus vel nulla eget eros elementum pellentesque. Quisque porta volutpat erat. Quisque erat eros, viverra eget, congue eget, semper rutrum, nulla. Nunc purus.', 1790, 0.09, 17);
insert into books (id, pub_date, is_bestseller, slug, title, image, description, price, discount, author_id) values (139, '2017/12/19', 0, 'book-jdc-139', 'Big Night, The', 'http://dummyimage.com/368x398.png/cc0000/ffffff', 'Praesent id massa id nisl venenatis lacinia. Aenean sit amet justo. Morbi ut odio. Cras mi pede, malesuada in, imperdiet et, commodo vulputate, justo. In blandit ultrices enim.', 146, 0.34, 16);
insert into books (id, pub_date, is_bestseller, slug, title, image, description, price, discount, author_id) values (140, '2013/04/08', 1, 'book-blz-560', 'Lacombe Lucien', 'http://dummyimage.com/353x410.png/dddddd/000000', 'Quisque erat eros, viverra eget, congue eget, semper rutrum, nulla. Nunc purus. Phasellus in felis. Donec semper sapien a libero. Nam dui. Proin leo odio, porttitor id, consequat in, consequat ut, nulla.', 1502, 0.2, 9);
insert into books (id, pub_date, is_bestseller, slug, title, image, description, price, discount, author_id) values (141, '2011/10/27', 1, 'book-spq-402', 'Thousand Months, A (Mille mois)', 'http://dummyimage.com/653x777.png/ff4444/ffffff', 'Cum sociis natoque penatibus et magnis dis parturient montes, nascetur ridiculus mus. Etiam vel augue. Vestibulum rutrum rutrum neque. Aenean auctor gravida sem. Praesent id massa id nisl venenatis lacinia.', 1479, 0.41, 7);
insert into books (id, pub_date, is_bestseller, slug, title, image, description, price, discount, author_id) values (142, '2011/07/29', 1, 'book-xpz-735', 'Temptation (Tentação)', 'http://dummyimage.com/753x703.png/cc0000/ffffff', 'Donec posuere metus vitae ipsum. Aliquam non mauris. Morbi non lectus. Aliquam sit amet diam in magna bibendum imperdiet. Nullam orci pede, venenatis non, sodales sed, tincidunt eu, felis.', 2117, 0.12, 5);
insert into books (id, pub_date, is_bestseller, slug, title, image, description, price, discount, author_id) values (143, '2018/04/16', 1, 'book-mqw-284', 'White, Red and Verdone', 'http://dummyimage.com/466x479.png/ff4444/ffffff', 'Donec odio justo, sollicitudin ut, suscipit a, feugiat et, eros. Vestibulum ac est lacinia nisi venenatis tristique. Fusce congue, diam id ornare imperdiet, sapien urna pretium nisl, ut volutpat sapien arcu sed augue. Aliquam erat volutpat. In congue. Etiam justo.', 1566, 0.5, 8);
insert into books (id, pub_date, is_bestseller, slug, title, image, description, price, discount, author_id) values (144, '2015/12/17', 1, 'book-ujx-451', 'The Princess Comes Across', 'http://dummyimage.com/631x505.png/ff4444/ffffff', 'Nam ultrices, libero non mattis pulvinar, nulla pede ullamcorper augue, a suscipit nulla elit ac nulla. Sed vel enim sit amet nunc viverra dapibus. Nulla suscipit ligula in lacus. Curabitur at ipsum ac tellus semper interdum. Mauris ullamcorper purus sit amet nulla.', 2390, 0.14, 20);
insert into books (id, pub_date, is_bestseller, slug, title, image, description, price, discount, author_id) values (145, '2017/11/17', 1, 'book-kgi-849', 'Frighteners, The', 'http://dummyimage.com/521x677.png/dddddd/000000', 'Nunc purus. Phasellus in felis. Donec semper sapien a libero. Nam dui. Proin leo odio, porttitor id, consequat in, consequat ut, nulla.', 951, 0.09, 5);
insert into books (id, pub_date, is_bestseller, slug, title, image, description, price, discount, author_id) values (146, '2012/07/16', 1, 'book-tog-617', 'Fantastic Four: Rise of the Silver Surfer', 'http://dummyimage.com/403x398.png/5fa2dd/ffffff', 'Nulla neque libero, convallis eget, eleifend luctus, ultricies eu, nibh. Quisque id justo sit amet sapien dignissim vestibulum. Vestibulum ante ipsum primis in faucibus orci luctus et ultrices posuere cubilia Curae; Nulla dapibus dolor vel est. Donec odio justo, sollicitudin ut, suscipit a, feugiat et, eros. Vestibulum ac est lacinia nisi venenatis tristique.', 855, 0.28, 3);
insert into books (id, pub_date, is_bestseller, slug, title, image, description, price, discount, author_id) values (147, '2015/02/09', 0, 'book-oek-541', 'The Righteous Thief', 'http://dummyimage.com/616x353.png/cc0000/ffffff', 'Sed accumsan felis. Ut at dolor quis odio consequat varius. Integer ac leo. Pellentesque ultrices mattis odio. Donec vitae nisi. Nam ultrices, libero non mattis pulvinar, nulla pede ullamcorper augue, a suscipit nulla elit ac nulla.', 1820, 0.41, 8);
insert into books (id, pub_date, is_bestseller, slug, title, image, description, price, discount, author_id) values (148, '2015/12/26', 1, 'book-fgw-266', 'Zouzou', 'http://dummyimage.com/767x747.png/ff4444/ffffff', 'Vestibulum sed magna at nunc commodo placerat. Praesent blandit. Nam nulla. Integer pede justo, lacinia eget, tincidunt eget, tempus vel, pede. Morbi porttitor lorem id ligula.', 2448, 0.08, 6);
insert into books (id, pub_date, is_bestseller, slug, title, image, description, price, discount, author_id) values (149, '2014/04/13', 0, 'book-gvn-704', 'Lovers of the Arctic Circle, The (Los Amantes del Círculo Polar)', 'http://dummyimage.com/527x627.png/5fa2dd/ffffff', 'Vivamus vel nulla eget eros elementum pellentesque. Quisque porta volutpat erat. Quisque erat eros, viverra eget, congue eget, semper rutrum, nulla. Nunc purus. Phasellus in felis.', 1086, 0.27, 7);
insert into books (id, pub_date, is_bestseller, slug, title, image, description, price, discount, author_id) values (150, '2020/04/16', 1, 'book-lrt-692', '44 Minutes: The North Hollywood Shoot-Out', 'http://dummyimage.com/466x496.png/dddddd/000000', 'Phasellus in felis. Donec semper sapien a libero. Nam dui. Proin leo odio, porttitor id, consequat in, consequat ut, nulla. Sed accumsan felis. Ut at dolor quis odio consequat varius.', 1111, 0.05, 4);
insert into books (id, pub_date, is_bestseller, slug, title, image, description, price, discount, author_id) values (151, '2013/09/05', 0, 'book-mrw-473', 'Filming ''Othello''', 'http://dummyimage.com/688x681.png/dddddd/000000', 'In hac habitasse platea dictumst. Maecenas ut massa quis augue luctus tincidunt. Nulla mollis molestie lorem. Quisque ut erat. Curabitur gravida nisi at nibh. In hac habitasse platea dictumst.', 2394, 0.16, 13);
insert into books (id, pub_date, is_bestseller, slug, title, image, description, price, discount, author_id) values (152, '2015/09/13', 0, 'book-yxp-034', 'Bagdad Cafe (Out of Rosenheim)', 'http://dummyimage.com/349x671.png/ff4444/ffffff', 'Vestibulum ante ipsum primis in faucibus orci luctus et ultrices posuere cubilia Curae; Mauris viverra diam vitae quam. Suspendisse potenti. Nullam porttitor lacus at turpis. Donec posuere metus vitae ipsum. Aliquam non mauris. Morbi non lectus.', 806, 0.39, 5);
insert into books (id, pub_date, is_bestseller, slug, title, image, description, price, discount, author_id) values (153, '2017/04/10', 1, 'book-mjm-524', 'Road Trip', 'http://dummyimage.com/287x434.png/dddddd/000000', 'Duis bibendum, felis sed interdum venenatis, turpis enim blandit mi, in porttitor pede justo eu massa. Donec dapibus. Duis at velit eu est congue elementum. In hac habitasse platea dictumst. Morbi vestibulum, velit id pretium iaculis, diam erat fermentum justo, nec condimentum neque sapien placerat ante.', 1586, 0.3, 3);
insert into books (id, pub_date, is_bestseller, slug, title, image, description, price, discount, author_id) values (154, '2019/03/07', 1, 'book-gic-053', 'How to Die in Oregon', 'http://dummyimage.com/592x500.png/cc0000/ffffff', 'Nullam porttitor lacus at turpis. Donec posuere metus vitae ipsum. Aliquam non mauris. Morbi non lectus. Aliquam sit amet diam in magna bibendum imperdiet. Nullam orci pede, venenatis non, sodales sed, tincidunt eu, felis.', 816, 0.48, 11);
insert into books (id, pub_date, is_bestseller, slug, title, image, description, price, discount, author_id) values (155, '2014/01/06', 1, 'book-wng-198', 'Bad Biology', 'http://dummyimage.com/264x500.png/5fa2dd/ffffff', 'Vivamus vel nulla eget eros elementum pellentesque. Quisque porta volutpat erat. Quisque erat eros, viverra eget, congue eget, semper rutrum, nulla. Nunc purus. Phasellus in felis.', 1958, 0.27, 1);
insert into books (id, pub_date, is_bestseller, slug, title, image, description, price, discount, author_id) values (156, '2019/03/21', 1, 'book-dki-660', 'R.I.P.D.', 'http://dummyimage.com/386x778.png/cc0000/ffffff', 'Quisque ut erat. Curabitur gravida nisi at nibh. In hac habitasse platea dictumst. Aliquam augue quam, sollicitudin vitae, consectetuer eget, rutrum at, lorem. Integer tincidunt ante vel ipsum.', 1019, 0.39, 13);
insert into books (id, pub_date, is_bestseller, slug, title, image, description, price, discount, author_id) values (157, '2012/05/09', 0, 'book-cgs-037', 'American Heart', 'http://dummyimage.com/485x477.png/cc0000/ffffff', 'Vivamus vel nulla eget eros elementum pellentesque. Quisque porta volutpat erat. Quisque erat eros, viverra eget, congue eget, semper rutrum, nulla. Nunc purus. Phasellus in felis.', 895, 0.25, 20);
insert into books (id, pub_date, is_bestseller, slug, title, image, description, price, discount, author_id) values (158, '2015/05/19', 1, 'book-bwr-665', 'Mighty, The', 'http://dummyimage.com/350x299.png/cc0000/ffffff', 'Curabitur in libero ut massa volutpat convallis. Morbi odio odio, elementum eu, interdum eu, tincidunt in, leo. Maecenas pulvinar lobortis est. Phasellus sit amet erat. Nulla tempus.', 476, 0.4, 16);
insert into books (id, pub_date, is_bestseller, slug, title, image, description, price, discount, author_id) values (159, '2013/05/16', 1, 'book-ssw-894', 'Chain Reaction', 'http://dummyimage.com/528x337.png/dddddd/000000', 'Pellentesque ultrices mattis odio. Donec vitae nisi. Nam ultrices, libero non mattis pulvinar, nulla pede ullamcorper augue, a suscipit nulla elit ac nulla. Sed vel enim sit amet nunc viverra dapibus. Nulla suscipit ligula in lacus.', 997, 0.08, 7);
insert into books (id, pub_date, is_bestseller, slug, title, image, description, price, discount, author_id) values (160, '2019/07/14', 0, 'book-lyb-723', 'Galaxy Express 999 (Ginga tetsudô Three-Nine)', 'http://dummyimage.com/648x407.png/ff4444/ffffff', 'Suspendisse potenti. Cras in purus eu magna vulputate luctus. Cum sociis natoque penatibus et magnis dis parturient montes, nascetur ridiculus mus. Vivamus vestibulum sagittis sapien. Cum sociis natoque penatibus et magnis dis parturient montes, nascetur ridiculus mus. Etiam vel augue.', 1451, 0.09, 17);
insert into books (id, pub_date, is_bestseller, slug, title, image, description, price, discount, author_id) values (161, '2013/11/03', 0, 'book-nzh-509', 'Falling in Love Again', 'http://dummyimage.com/486x588.png/5fa2dd/ffffff', 'Fusce posuere felis sed lacus. Morbi sem mauris, laoreet ut, rhoncus aliquet, pulvinar sed, nisl. Nunc rhoncus dui vel sem. Sed sagittis. Nam congue, risus semper porta volutpat, quam pede lobortis ligula, sit amet eleifend pede libero quis orci.', 1112, 0.15, 6);
insert into books (id, pub_date, is_bestseller, slug, title, image, description, price, discount, author_id) values (162, '2014/09/12', 1, 'book-hyz-470', 'Noose, The (Petla)', 'http://dummyimage.com/310x444.png/5fa2dd/ffffff', 'Maecenas tristique, est et tempus semper, est quam pharetra magna, ac consequat metus sapien ut nunc. Vestibulum ante ipsum primis in faucibus orci luctus et ultrices posuere cubilia Curae; Mauris viverra diam vitae quam. Suspendisse potenti. Nullam porttitor lacus at turpis. Donec posuere metus vitae ipsum. Aliquam non mauris.', 2264, 0.4, 7);
insert into books (id, pub_date, is_bestseller, slug, title, image, description, price, discount, author_id) values (163, '2017/06/17', 0, 'book-abk-470', 'Where Eagles Dare', 'http://dummyimage.com/612x736.png/ff4444/ffffff', 'Duis ac nibh. Fusce lacus purus, aliquet at, feugiat non, pretium quis, lectus. Suspendisse potenti. In eleifend quam a odio. In hac habitasse platea dictumst.', 1492, 0.43, 21);
insert into books (id, pub_date, is_bestseller, slug, title, image, description, price, discount, author_id) values (164, '2015/05/06', 1, 'book-dij-853', 'And Life Goes On (a.k.a. Life and Nothing More) (Zendegi va digar hich)', 'http://dummyimage.com/745x560.png/5fa2dd/ffffff', 'Integer non velit. Donec diam neque, vestibulum eget, vulputate ut, ultrices vel, augue. Vestibulum ante ipsum primis in faucibus orci luctus et ultrices posuere cubilia Curae; Donec pharetra, magna vestibulum aliquet ultrices, erat tortor sollicitudin mi, sit amet lobortis sapien sapien non mi. Integer ac neque. Duis bibendum.', 703, 0.45, 18);
insert into books (id, pub_date, is_bestseller, slug, title, image, description, price, discount, author_id) values (165, '2011/08/17', 1, 'book-btx-881', 'Corporation, The', 'http://dummyimage.com/717x504.png/5fa2dd/ffffff', 'Proin at turpis a pede posuere nonummy. Integer non velit. Donec diam neque, vestibulum eget, vulputate ut, ultrices vel, augue. Vestibulum ante ipsum primis in faucibus orci luctus et ultrices posuere cubilia Curae; Donec pharetra, magna vestibulum aliquet ultrices, erat tortor sollicitudin mi, sit amet lobortis sapien sapien non mi. Integer ac neque. Duis bibendum.', 1948, 0.06, 5);
insert into books (id, pub_date, is_bestseller, slug, title, image, description, price, discount, author_id) values (166, '2016/12/20', 1, 'book-bpf-684', 'One Flew Over the Cuckoo''s Nest', 'http://dummyimage.com/274x381.png/cc0000/ffffff', 'Maecenas pulvinar lobortis est. Phasellus sit amet erat. Nulla tempus. Vivamus in felis eu sapien cursus vestibulum. Proin eu mi. Nulla ac enim.', 2223, 0.09, 21);
insert into books (id, pub_date, is_bestseller, slug, title, image, description, price, discount, author_id) values (167, '2012/06/18', 1, 'book-npa-652', 'Snake of June, A (Rokugatsu no hebi)', 'http://dummyimage.com/641x462.png/dddddd/000000', 'Donec ut dolor. Morbi vel lectus in quam fringilla rhoncus. Mauris enim leo, rhoncus sed, vestibulum sit amet, cursus id, turpis. Integer aliquet, massa id lobortis convallis, tortor risus dapibus augue, vel accumsan tellus nisi eu orci. Mauris lacinia sapien quis libero. Nullam sit amet turpis elementum ligula vehicula consequat.', 1887, 0.36, 13);
insert into books (id, pub_date, is_bestseller, slug, title, image, description, price, discount, author_id) values (168, '2015/05/05', 0, 'book-qpq-927', 'Berlin Express', 'http://dummyimage.com/286x547.png/dddddd/000000', 'In eleifend quam a odio. In hac habitasse platea dictumst. Maecenas ut massa quis augue luctus tincidunt. Nulla mollis molestie lorem. Quisque ut erat. Curabitur gravida nisi at nibh.', 685, 0.44, 16);
insert into books (id, pub_date, is_bestseller, slug, title, image, description, price, discount, author_id) values (169, '2020/08/11', 0, 'book-feb-488', 'Craigslist Killer, The ', 'http://dummyimage.com/551x725.png/dddddd/000000', 'In hac habitasse platea dictumst. Etiam faucibus cursus urna. Ut tellus. Nulla ut erat id mauris vulputate elementum. Nullam varius. Nulla facilisi.', 464, 0.14, 8);
insert into books (id, pub_date, is_bestseller, slug, title, image, description, price, discount, author_id) values (170, '2013/08/10', 1, 'book-klo-985', 'Unfaithful, The', 'http://dummyimage.com/677x762.png/dddddd/000000', 'Quisque porta volutpat erat. Quisque erat eros, viverra eget, congue eget, semper rutrum, nulla. Nunc purus. Phasellus in felis. Donec semper sapien a libero.', 2469, 0.07, 1);
insert into books (id, pub_date, is_bestseller, slug, title, image, description, price, discount, author_id) values (171, '2014/07/16', 1, 'book-aky-905', 'I Have Found It (Kandukondain Kandukondain)', 'http://dummyimage.com/568x515.png/5fa2dd/ffffff', 'Aenean auctor gravida sem. Praesent id massa id nisl venenatis lacinia. Aenean sit amet justo. Morbi ut odio. Cras mi pede, malesuada in, imperdiet et, commodo vulputate, justo. In blandit ultrices enim.', 889, 0.09, 2);
insert into books (id, pub_date, is_bestseller, slug, title, image, description, price, discount, author_id) values (172, '2013/12/07', 0, 'book-fbm-387', 'Offender', 'http://dummyimage.com/258x459.png/ff4444/ffffff', 'Suspendisse ornare consequat lectus. In est risus, auctor sed, tristique in, tempus sit amet, sem. Fusce consequat. Nulla nisl. Nunc nisl. Duis bibendum, felis sed interdum venenatis, turpis enim blandit mi, in porttitor pede justo eu massa.', 2228, 0.38, 11);
insert into books (id, pub_date, is_bestseller, slug, title, image, description, price, discount, author_id) values (173, '2010/12/13', 1, 'book-equ-535', 'I Married A Strange Person!', 'http://dummyimage.com/414x588.png/cc0000/ffffff', 'Lorem ipsum dolor sit amet, consectetuer adipiscing elit. Proin interdum mauris non ligula pellentesque ultrices. Phasellus id sapien in sapien iaculis congue. Vivamus metus arcu, adipiscing molestie, hendrerit at, vulputate vitae, nisl. Aenean lectus.', 366, 0.27, 10);
insert into books (id, pub_date, is_bestseller, slug, title, image, description, price, discount, author_id) values (174, '2016/09/06', 1, 'book-cvv-649', 'Sorority House Massacre II', 'http://dummyimage.com/613x751.png/5fa2dd/ffffff', 'Donec diam neque, vestibulum eget, vulputate ut, ultrices vel, augue. Vestibulum ante ipsum primis in faucibus orci luctus et ultrices posuere cubilia Curae; Donec pharetra, magna vestibulum aliquet ultrices, erat tortor sollicitudin mi, sit amet lobortis sapien sapien non mi. Integer ac neque. Duis bibendum. Morbi non quam nec dui luctus rutrum.', 1499, 0.17, 18);
insert into books (id, pub_date, is_bestseller, slug, title, image, description, price, discount, author_id) values (175, '2012/12/27', 0, 'book-bhd-157', 'Samurai III: Duel on Ganryu Island (a.k.a. Bushido) (Miyamoto Musashi kanketsuhen: kettô Ganryûjima)', 'http://dummyimage.com/517x687.png/dddddd/000000', 'Aliquam sit amet diam in magna bibendum imperdiet. Nullam orci pede, venenatis non, sodales sed, tincidunt eu, felis. Fusce posuere felis sed lacus. Morbi sem mauris, laoreet ut, rhoncus aliquet, pulvinar sed, nisl. Nunc rhoncus dui vel sem.', 1845, 0.24, 13);
insert into books (id, pub_date, is_bestseller, slug, title, image, description, price, discount, author_id) values (176, '2013/12/07', 0, 'book-oti-991', 'When Darkness Falls (När mörkret faller)', 'http://dummyimage.com/694x742.png/ff4444/ffffff', 'Sed sagittis. Nam congue, risus semper porta volutpat, quam pede lobortis ligula, sit amet eleifend pede libero quis orci. Nullam molestie nibh in lectus. Pellentesque at nulla. Suspendisse potenti. Cras in purus eu magna vulputate luctus.', 2395, 0.07, 13);
insert into books (id, pub_date, is_bestseller, slug, title, image, description, price, discount, author_id) values (177, '2019/09/22', 1, 'book-ust-860', 'Breakfast with Scot', 'http://dummyimage.com/682x703.png/cc0000/ffffff', 'Morbi a ipsum. Integer a nibh. In quis justo. Maecenas rhoncus aliquam lacus. Morbi quis tortor id nulla ultrices aliquet. Maecenas leo odio, condimentum id, luctus nec, molestie sed, justo.', 1822, 0.42, 11);
insert into books (id, pub_date, is_bestseller, slug, title, image, description, price, discount, author_id) values (178, '2013/03/03', 0, 'book-asw-476', 'Darling Companion', 'http://dummyimage.com/609x561.png/5fa2dd/ffffff', 'Cras non velit nec nisi vulputate nonummy. Maecenas tincidunt lacus at velit. Vivamus vel nulla eget eros elementum pellentesque. Quisque porta volutpat erat. Quisque erat eros, viverra eget, congue eget, semper rutrum, nulla.', 2105, 0.44, 6);
insert into books (id, pub_date, is_bestseller, slug, title, image, description, price, discount, author_id) values (179, '2015/02/22', 0, 'book-brz-571', 'Tickets', 'http://dummyimage.com/481x771.png/cc0000/ffffff', 'Duis bibendum. Morbi non quam nec dui luctus rutrum. Nulla tellus. In sagittis dui vel nisl. Duis ac nibh. Fusce lacus purus, aliquet at, feugiat non, pretium quis, lectus.', 1395, 0.23, 6);
insert into books (id, pub_date, is_bestseller, slug, title, image, description, price, discount, author_id) values (180, '2017/11/14', 1, 'book-xqu-284', 'Ranma ½: Big Trouble in Nekonron, China (Ranma ½: Chûgoku Nekonron daikessen! Okite yaburi no gekitô hen)', 'http://dummyimage.com/722x283.png/5fa2dd/ffffff', 'Maecenas tincidunt lacus at velit. Vivamus vel nulla eget eros elementum pellentesque. Quisque porta volutpat erat. Quisque erat eros, viverra eget, congue eget, semper rutrum, nulla. Nunc purus. Phasellus in felis.', 1460, 0.21, 3);
insert into books (id, pub_date, is_bestseller, slug, title, image, description, price, discount, author_id) values (181, '2019/02/27', 0, 'book-tfw-648', 'Support Your Local Gunfighter', 'http://dummyimage.com/601x401.png/dddddd/000000', 'Nam ultrices, libero non mattis pulvinar, nulla pede ullamcorper augue, a suscipit nulla elit ac nulla. Sed vel enim sit amet nunc viverra dapibus. Nulla suscipit ligula in lacus. Curabitur at ipsum ac tellus semper interdum. Mauris ullamcorper purus sit amet nulla.', 1439, 0.21, 4);
insert into books (id, pub_date, is_bestseller, slug, title, image, description, price, discount, author_id) values (182, '2013/05/17', 0, 'book-csv-274', 'Kira''s Reason: A Love Story (En Kærlighedshistorie)', 'http://dummyimage.com/318x525.png/dddddd/000000', 'Mauris enim leo, rhoncus sed, vestibulum sit amet, cursus id, turpis. Integer aliquet, massa id lobortis convallis, tortor risus dapibus augue, vel accumsan tellus nisi eu orci. Mauris lacinia sapien quis libero. Nullam sit amet turpis elementum ligula vehicula consequat. Morbi a ipsum. Integer a nibh.', 2206, 0.35, 21);
insert into books (id, pub_date, is_bestseller, slug, title, image, description, price, discount, author_id) values (183, '2013/03/30', 0, 'book-ioo-927', 'Après lui', 'http://dummyimage.com/487x309.png/ff4444/ffffff', 'Donec diam neque, vestibulum eget, vulputate ut, ultrices vel, augue. Vestibulum ante ipsum primis in faucibus orci luctus et ultrices posuere cubilia Curae; Donec pharetra, magna vestibulum aliquet ultrices, erat tortor sollicitudin mi, sit amet lobortis sapien sapien non mi. Integer ac neque. Duis bibendum. Morbi non quam nec dui luctus rutrum. Nulla tellus.', 1467, 0.16, 5);
insert into books (id, pub_date, is_bestseller, slug, title, image, description, price, discount, author_id) values (184, '2013/01/23', 0, 'book-iez-534', 'Cargo', 'http://dummyimage.com/638x659.png/cc0000/ffffff', 'Nam dui. Proin leo odio, porttitor id, consequat in, consequat ut, nulla. Sed accumsan felis. Ut at dolor quis odio consequat varius. Integer ac leo. Pellentesque ultrices mattis odio.', 159, 0.12, 15);
insert into books (id, pub_date, is_bestseller, slug, title, image, description, price, discount, author_id) values (185, '2020/09/04', 0, 'book-yqn-898', 'Scooby-Doo! Abracadabra-Doo', 'http://dummyimage.com/784x686.png/5fa2dd/ffffff', 'Donec posuere metus vitae ipsum. Aliquam non mauris. Morbi non lectus. Aliquam sit amet diam in magna bibendum imperdiet. Nullam orci pede, venenatis non, sodales sed, tincidunt eu, felis.', 1742, 0.21, 21);
insert into books (id, pub_date, is_bestseller, slug, title, image, description, price, discount, author_id) values (186, '2018/03/23', 0, 'book-deb-519', 'Rasputin and the Empress', 'http://dummyimage.com/751x491.png/5fa2dd/ffffff', 'Pellentesque eget nunc. Donec quis orci eget orci vehicula condimentum. Curabitur in libero ut massa volutpat convallis. Morbi odio odio, elementum eu, interdum eu, tincidunt in, leo. Maecenas pulvinar lobortis est. Phasellus sit amet erat.', 1214, 0.32, 20);
insert into books (id, pub_date, is_bestseller, slug, title, image, description, price, discount, author_id) values (187, '2019/11/27', 1, 'book-tfp-556', 'World of Henry Orient, The', 'http://dummyimage.com/646x279.png/ff4444/ffffff', 'Fusce lacus purus, aliquet at, feugiat non, pretium quis, lectus. Suspendisse potenti. In eleifend quam a odio. In hac habitasse platea dictumst. Maecenas ut massa quis augue luctus tincidunt.', 2077, 0.11, 14);
insert into books (id, pub_date, is_bestseller, slug, title, image, description, price, discount, author_id) values (188, '2018/02/15', 0, 'book-dji-785', 'Throw Down (Yau doh lung fu bong)', 'http://dummyimage.com/629x734.png/cc0000/ffffff', 'Cum sociis natoque penatibus et magnis dis parturient montes, nascetur ridiculus mus. Vivamus vestibulum sagittis sapien. Cum sociis natoque penatibus et magnis dis parturient montes, nascetur ridiculus mus. Etiam vel augue. Vestibulum rutrum rutrum neque. Aenean auctor gravida sem.', 2143, 0.49, 8);
insert into books (id, pub_date, is_bestseller, slug, title, image, description, price, discount, author_id) values (189, '2016/05/23', 0, 'book-mvo-002', '3 Idiots', 'http://dummyimage.com/518x588.png/dddddd/000000', 'Nulla justo. Aliquam quis turpis eget elit sodales scelerisque. Mauris sit amet eros. Suspendisse accumsan tortor quis turpis. Sed ante.', 948, 0.39, 20);
insert into books (id, pub_date, is_bestseller, slug, title, image, description, price, discount, author_id) values (190, '2015/12/06', 1, 'book-tqh-230', 'Werewolf Boy, A (Neuk-dae-so-nyeon)', 'http://dummyimage.com/666x733.png/5fa2dd/ffffff', 'Nullam sit amet turpis elementum ligula vehicula consequat. Morbi a ipsum. Integer a nibh. In quis justo. Maecenas rhoncus aliquam lacus. Morbi quis tortor id nulla ultrices aliquet.', 2132, 0.08, 20);
insert into books (id, pub_date, is_bestseller, slug, title, image, description, price, discount, author_id) values (191, '2013/08/30', 0, 'book-six-934', 'Which Way to the Front?', 'http://dummyimage.com/749x636.png/ff4444/ffffff', 'Etiam pretium iaculis justo. In hac habitasse platea dictumst. Etiam faucibus cursus urna. Ut tellus. Nulla ut erat id mauris vulputate elementum.', 278, 0.47, 21);
insert into books (id, pub_date, is_bestseller, slug, title, image, description, price, discount, author_id) values (192, '2017/11/19', 1, 'book-xak-431', 'Bitch Hug (Bitchkram)', 'http://dummyimage.com/656x596.png/ff4444/ffffff', 'Praesent blandit lacinia erat. Vestibulum sed magna at nunc commodo placerat. Praesent blandit. Nam nulla. Integer pede justo, lacinia eget, tincidunt eget, tempus vel, pede. Morbi porttitor lorem id ligula.', 1260, 0.11, 13);
insert into books (id, pub_date, is_bestseller, slug, title, image, description, price, discount, author_id) values (193, '2019/11/23', 0, 'book-psj-933', 'Behind the Sun (Abril Despedaçado)', 'http://dummyimage.com/687x262.png/dddddd/000000', 'Nam nulla. Integer pede justo, lacinia eget, tincidunt eget, tempus vel, pede. Morbi porttitor lorem id ligula. Suspendisse ornare consequat lectus. In est risus, auctor sed, tristique in, tempus sit amet, sem.', 2166, 0.22, 1);
insert into books (id, pub_date, is_bestseller, slug, title, image, description, price, discount, author_id) values (194, '2016/05/23', 1, 'book-dzt-807', 'Nine Lives of Fritz the Cat, The', 'http://dummyimage.com/529x620.png/cc0000/ffffff', 'Nam congue, risus semper porta volutpat, quam pede lobortis ligula, sit amet eleifend pede libero quis orci. Nullam molestie nibh in lectus. Pellentesque at nulla. Suspendisse potenti. Cras in purus eu magna vulputate luctus.', 1331, 0.45, 9);
insert into books (id, pub_date, is_bestseller, slug, title, image, description, price, discount, author_id) values (195, '2013/10/31', 1, 'book-foh-024', 'Gurren Lagann: The Lights in the Sky are Stars (Gekijô ban Tengen toppa guren ragan: Ragan hen)', 'http://dummyimage.com/490x703.png/5fa2dd/ffffff', 'Cras mi pede, malesuada in, imperdiet et, commodo vulputate, justo. In blandit ultrices enim. Lorem ipsum dolor sit amet, consectetuer adipiscing elit. Proin interdum mauris non ligula pellentesque ultrices. Phasellus id sapien in sapien iaculis congue. Vivamus metus arcu, adipiscing molestie, hendrerit at, vulputate vitae, nisl.', 1263, 0.46, 2);
insert into books (id, pub_date, is_bestseller, slug, title, image, description, price, discount, author_id) values (196, '2010/11/19', 1, 'book-lmo-608', 'Rise and Fall of Legs Diamond, The', 'http://dummyimage.com/774x590.png/dddddd/000000', 'Nam ultrices, libero non mattis pulvinar, nulla pede ullamcorper augue, a suscipit nulla elit ac nulla. Sed vel enim sit amet nunc viverra dapibus. Nulla suscipit ligula in lacus. Curabitur at ipsum ac tellus semper interdum. Mauris ullamcorper purus sit amet nulla. Quisque arcu libero, rutrum ac, lobortis vel, dapibus at, diam.', 1846, 0.29, 19);
insert into books (id, pub_date, is_bestseller, slug, title, image, description, price, discount, author_id) values (197, '2013/09/26', 1, 'book-slt-175', 'Zombie Apocalypse', 'http://dummyimage.com/766x462.png/dddddd/000000', 'Sed vel enim sit amet nunc viverra dapibus. Nulla suscipit ligula in lacus. Curabitur at ipsum ac tellus semper interdum. Mauris ullamcorper purus sit amet nulla. Quisque arcu libero, rutrum ac, lobortis vel, dapibus at, diam.', 1039, 0.12, 20);
insert into books (id, pub_date, is_bestseller, slug, title, image, description, price, discount, author_id) values (198, '2017/02/10', 1, 'book-mph-791', 'Watchers', 'http://dummyimage.com/482x626.png/dddddd/000000', 'Praesent blandit lacinia erat. Vestibulum sed magna at nunc commodo placerat. Praesent blandit. Nam nulla. Integer pede justo, lacinia eget, tincidunt eget, tempus vel, pede. Morbi porttitor lorem id ligula.', 2124, 0.47, 5);
insert into books (id, pub_date, is_bestseller, slug, title, image, description, price, discount, author_id) values (199, '2013/02/20', 1, 'book-qnl-658', 'Smiling Lieutenant, The', 'http://dummyimage.com/782x744.png/ff4444/ffffff', 'In hac habitasse platea dictumst. Maecenas ut massa quis augue luctus tincidunt. Nulla mollis molestie lorem. Quisque ut erat. Curabitur gravida nisi at nibh.', 1681, 0.27, 7);
insert into books (id, pub_date, is_bestseller, slug, title, image, description, price, discount, author_id) values (200, '2019/03/23', 0, 'book-fwu-559', 'Nine Dead Gay Guys', 'http://dummyimage.com/408x338.png/5fa2dd/ffffff', 'Praesent blandit. Nam nulla. Integer pede justo, lacinia eget, tincidunt eget, tempus vel, pede. Morbi porttitor lorem id ligula. Suspendisse ornare consequat lectus.', 669, 0.3, 13);
insert into books (id, pub_date, is_bestseller, slug, title, image, description, price, discount, author_id) values (201, '2013/09/01', 1, 'book-sjz-454', 'Sky''s the Limit, The', 'http://dummyimage.com/791x458.png/dddddd/000000', 'Proin at turpis a pede posuere nonummy. Integer non velit. Donec diam neque, vestibulum eget, vulputate ut, ultrices vel, augue. Vestibulum ante ipsum primis in faucibus orci luctus et ultrices posuere cubilia Curae; Donec pharetra, magna vestibulum aliquet ultrices, erat tortor sollicitudin mi, sit amet lobortis sapien sapien non mi. Integer ac neque. Duis bibendum.', 917, 0.1, 1);
insert into books (id, pub_date, is_bestseller, slug, title, image, description, price, discount, author_id) values (202, '2015/05/19', 1, 'book-xgi-535', 'Kids of Survival', 'http://dummyimage.com/485x266.png/ff4444/ffffff', 'Aliquam quis turpis eget elit sodales scelerisque. Mauris sit amet eros. Suspendisse accumsan tortor quis turpis. Sed ante. Vivamus tortor.', 217, 0.4, 8);
insert into books (id, pub_date, is_bestseller, slug, title, image, description, price, discount, author_id) values (203, '2014/05/16', 0, 'book-jji-536', 'Bad Seed, The', 'http://dummyimage.com/525x280.png/dddddd/000000', 'Duis bibendum. Morbi non quam nec dui luctus rutrum. Nulla tellus. In sagittis dui vel nisl. Duis ac nibh. Fusce lacus purus, aliquet at, feugiat non, pretium quis, lectus.', 807, 0.45, 3);
insert into books (id, pub_date, is_bestseller, slug, title, image, description, price, discount, author_id) values (204, '2019/06/04', 0, 'book-vqn-844', 'Post Mortem', 'http://dummyimage.com/549x458.png/cc0000/ffffff', 'Etiam justo. Etiam pretium iaculis justo. In hac habitasse platea dictumst. Etiam faucibus cursus urna. Ut tellus.', 1256, 0.08, 12);
insert into books (id, pub_date, is_bestseller, slug, title, image, description, price, discount, author_id) values (205, '2011/10/21', 1, 'book-ytn-185', 'More Than Honey', 'http://dummyimage.com/521x678.png/dddddd/000000', 'Cras non velit nec nisi vulputate nonummy. Maecenas tincidunt lacus at velit. Vivamus vel nulla eget eros elementum pellentesque. Quisque porta volutpat erat. Quisque erat eros, viverra eget, congue eget, semper rutrum, nulla.', 253, 0.4, 4);
insert into books (id, pub_date, is_bestseller, slug, title, image, description, price, discount, author_id) values (206, '2012/07/12', 1, 'book-lkp-585', 'Missionary Man', 'http://dummyimage.com/668x655.png/dddddd/000000', 'Vivamus vestibulum sagittis sapien. Cum sociis natoque penatibus et magnis dis parturient montes, nascetur ridiculus mus. Etiam vel augue. Vestibulum rutrum rutrum neque. Aenean auctor gravida sem.', 2452, 0.42, 18);
insert into books (id, pub_date, is_bestseller, slug, title, image, description, price, discount, author_id) values (207, '2014/12/19', 0, 'book-nni-562', 'Imaginary Crimes', 'http://dummyimage.com/695x653.png/dddddd/000000', 'Nam congue, risus semper porta volutpat, quam pede lobortis ligula, sit amet eleifend pede libero quis orci. Nullam molestie nibh in lectus. Pellentesque at nulla. Suspendisse potenti. Cras in purus eu magna vulputate luctus.', 575, 0.42, 13);
insert into books (id, pub_date, is_bestseller, slug, title, image, description, price, discount, author_id) values (208, '2012/12/02', 0, 'book-jzb-376', 'Man Without a Face, The', 'http://dummyimage.com/321x608.png/dddddd/000000', 'Praesent lectus. Vestibulum quam sapien, varius ut, blandit non, interdum in, ante. Vestibulum ante ipsum primis in faucibus orci luctus et ultrices posuere cubilia Curae; Duis faucibus accumsan odio. Curabitur convallis. Duis consequat dui nec nisi volutpat eleifend.', 1483, 0.19, 11);
insert into books (id, pub_date, is_bestseller, slug, title, image, description, price, discount, author_id) values (209, '2011/11/26', 1, 'book-rro-838', 'American Outlaws', 'http://dummyimage.com/520x256.png/ff4444/ffffff', 'Nunc rhoncus dui vel sem. Sed sagittis. Nam congue, risus semper porta volutpat, quam pede lobortis ligula, sit amet eleifend pede libero quis orci. Nullam molestie nibh in lectus. Pellentesque at nulla.', 1528, 0.47, 14);
insert into books (id, pub_date, is_bestseller, slug, title, image, description, price, discount, author_id) values (210, '2016/05/06', 0, 'book-vfp-578', 'Bitter Creek', 'http://dummyimage.com/786x591.png/dddddd/000000', 'Cras non velit nec nisi vulputate nonummy. Maecenas tincidunt lacus at velit. Vivamus vel nulla eget eros elementum pellentesque. Quisque porta volutpat erat. Quisque erat eros, viverra eget, congue eget, semper rutrum, nulla.', 1217, 0.31, 2);
insert into books (id, pub_date, is_bestseller, slug, title, image, description, price, discount, author_id) values (211, '2015/10/05', 0, 'book-but-093', 'Possession', 'http://dummyimage.com/298x667.png/dddddd/000000', 'Proin leo odio, porttitor id, consequat in, consequat ut, nulla. Sed accumsan felis. Ut at dolor quis odio consequat varius. Integer ac leo. Pellentesque ultrices mattis odio. Donec vitae nisi.', 1097, 0.18, 12);
insert into books (id, pub_date, is_bestseller, slug, title, image, description, price, discount, author_id) values (212, '2019/12/17', 0, 'book-ujv-760', 'Hammer, The', 'http://dummyimage.com/696x306.png/dddddd/000000', 'Fusce lacus purus, aliquet at, feugiat non, pretium quis, lectus. Suspendisse potenti. In eleifend quam a odio. In hac habitasse platea dictumst. Maecenas ut massa quis augue luctus tincidunt.', 1619, 0.48, 21);
insert into books (id, pub_date, is_bestseller, slug, title, image, description, price, discount, author_id) values (213, '2018/10/14', 0, 'book-jzo-234', 'Exodus: Gods and Kings', 'http://dummyimage.com/577x610.png/ff4444/ffffff', 'Nullam porttitor lacus at turpis. Donec posuere metus vitae ipsum. Aliquam non mauris. Morbi non lectus. Aliquam sit amet diam in magna bibendum imperdiet.', 2358, 0.42, 8);
insert into books (id, pub_date, is_bestseller, slug, title, image, description, price, discount, author_id) values (214, '2017/04/22', 0, 'book-fsh-289', 'And So It Goes', 'http://dummyimage.com/644x772.png/5fa2dd/ffffff', 'Pellentesque ultrices mattis odio. Donec vitae nisi. Nam ultrices, libero non mattis pulvinar, nulla pede ullamcorper augue, a suscipit nulla elit ac nulla. Sed vel enim sit amet nunc viverra dapibus. Nulla suscipit ligula in lacus.', 246, 0.3, 14);
insert into books (id, pub_date, is_bestseller, slug, title, image, description, price, discount, author_id) values (215, '2012/09/12', 0, 'book-xqk-788', 'Lupin III: First Contact (Rupan Sansei: Faasuto Kontakuto)', 'http://dummyimage.com/706x579.png/cc0000/ffffff', 'Suspendisse potenti. Cras in purus eu magna vulputate luctus. Cum sociis natoque penatibus et magnis dis parturient montes, nascetur ridiculus mus. Vivamus vestibulum sagittis sapien. Cum sociis natoque penatibus et magnis dis parturient montes, nascetur ridiculus mus. Etiam vel augue.', 2280, 0.07, 5);
insert into books (id, pub_date, is_bestseller, slug, title, image, description, price, discount, author_id) values (216, '2012/09/03', 0, 'book-goz-109', 'Aristocats, The', 'http://dummyimage.com/393x364.png/cc0000/ffffff', 'Fusce posuere felis sed lacus. Morbi sem mauris, laoreet ut, rhoncus aliquet, pulvinar sed, nisl. Nunc rhoncus dui vel sem. Sed sagittis. Nam congue, risus semper porta volutpat, quam pede lobortis ligula, sit amet eleifend pede libero quis orci.', 1508, 0.24, 8);
insert into books (id, pub_date, is_bestseller, slug, title, image, description, price, discount, author_id) values (217, '2011/03/25', 0, 'book-tbe-593', 'Music Man, The', 'http://dummyimage.com/574x645.png/5fa2dd/ffffff', 'Suspendisse potenti. In eleifend quam a odio. In hac habitasse platea dictumst. Maecenas ut massa quis augue luctus tincidunt. Nulla mollis molestie lorem. Quisque ut erat.', 741, 0.49, 14);
insert into books (id, pub_date, is_bestseller, slug, title, image, description, price, discount, author_id) values (218, '2013/10/04', 1, 'book-bjh-383', 'Dreamworlds II: Desire, Sex, Power in Music Video', 'http://dummyimage.com/397x405.png/cc0000/ffffff', 'Morbi odio odio, elementum eu, interdum eu, tincidunt in, leo. Maecenas pulvinar lobortis est. Phasellus sit amet erat. Nulla tempus. Vivamus in felis eu sapien cursus vestibulum.', 125, 0.44, 7);
insert into books (id, pub_date, is_bestseller, slug, title, image, description, price, discount, author_id) values (219, '2016/08/17', 1, 'book-vhq-374', 'Inconvenient Truth, An', 'http://dummyimage.com/724x381.png/cc0000/ffffff', 'Mauris enim leo, rhoncus sed, vestibulum sit amet, cursus id, turpis. Integer aliquet, massa id lobortis convallis, tortor risus dapibus augue, vel accumsan tellus nisi eu orci. Mauris lacinia sapien quis libero. Nullam sit amet turpis elementum ligula vehicula consequat. Morbi a ipsum. Integer a nibh.', 2437, 0.48, 6);
insert into books (id, pub_date, is_bestseller, slug, title, image, description, price, discount, author_id) values (220, '2019/10/01', 0, 'book-wcr-859', 'Farewell to Arms, A', 'http://dummyimage.com/531x764.png/5fa2dd/ffffff', 'Morbi ut odio. Cras mi pede, malesuada in, imperdiet et, commodo vulputate, justo. In blandit ultrices enim. Lorem ipsum dolor sit amet, consectetuer adipiscing elit. Proin interdum mauris non ligula pellentesque ultrices.', 442, 0.17, 7);
insert into books (id, pub_date, is_bestseller, slug, title, image, description, price, discount, author_id) values (221, '2014/10/15', 1, 'book-ebl-308', 'Hot to Trot', 'http://dummyimage.com/630x429.png/5fa2dd/ffffff', 'Curabitur convallis. Duis consequat dui nec nisi volutpat eleifend. Donec ut dolor. Morbi vel lectus in quam fringilla rhoncus. Mauris enim leo, rhoncus sed, vestibulum sit amet, cursus id, turpis.', 213, 0.5, 6);
insert into books (id, pub_date, is_bestseller, slug, title, image, description, price, discount, author_id) values (222, '2016/04/20', 0, 'book-kys-007', 'Ernest Goes to Camp', 'http://dummyimage.com/277x281.png/cc0000/ffffff', 'Quisque erat eros, viverra eget, congue eget, semper rutrum, nulla. Nunc purus. Phasellus in felis. Donec semper sapien a libero. Nam dui. Proin leo odio, porttitor id, consequat in, consequat ut, nulla.', 1597, 0.33, 3);
insert into books (id, pub_date, is_bestseller, slug, title, image, description, price, discount, author_id) values (223, '2014/03/27', 1, 'book-awd-837', 'Naked Kiss, The', 'http://dummyimage.com/736x604.png/cc0000/ffffff', 'In hac habitasse platea dictumst. Morbi vestibulum, velit id pretium iaculis, diam erat fermentum justo, nec condimentum neque sapien placerat ante. Nulla justo. Aliquam quis turpis eget elit sodales scelerisque. Mauris sit amet eros.', 207, 0.21, 11);
insert into books (id, pub_date, is_bestseller, slug, title, image, description, price, discount, author_id) values (224, '2020/02/22', 1, 'book-ydx-583', 'See Here, Private Hargrove', 'http://dummyimage.com/682x268.png/ff4444/ffffff', 'Vestibulum rutrum rutrum neque. Aenean auctor gravida sem. Praesent id massa id nisl venenatis lacinia. Aenean sit amet justo. Morbi ut odio.', 593, 0.24, 13);
insert into books (id, pub_date, is_bestseller, slug, title, image, description, price, discount, author_id) values (225, '2010/11/12', 1, 'book-vlu-488', 'Blue Max, The', 'http://dummyimage.com/565x346.png/dddddd/000000', 'Duis aliquam convallis nunc. Proin at turpis a pede posuere nonummy. Integer non velit. Donec diam neque, vestibulum eget, vulputate ut, ultrices vel, augue. Vestibulum ante ipsum primis in faucibus orci luctus et ultrices posuere cubilia Curae; Donec pharetra, magna vestibulum aliquet ultrices, erat tortor sollicitudin mi, sit amet lobortis sapien sapien non mi.', 601, 0.34, 17);
insert into books (id, pub_date, is_bestseller, slug, title, image, description, price, discount, author_id) values (226, '2019/05/13', 0, 'book-ima-064', 'Babadook, The', 'http://dummyimage.com/313x502.png/5fa2dd/ffffff', 'In tempor, turpis nec euismod scelerisque, quam turpis adipiscing lorem, vitae mattis nibh ligula nec sem. Duis aliquam convallis nunc. Proin at turpis a pede posuere nonummy. Integer non velit. Donec diam neque, vestibulum eget, vulputate ut, ultrices vel, augue. Vestibulum ante ipsum primis in faucibus orci luctus et ultrices posuere cubilia Curae; Donec pharetra, magna vestibulum aliquet ultrices, erat tortor sollicitudin mi, sit amet lobortis sapien sapien non mi.', 545, 0.48, 8);
insert into books (id, pub_date, is_bestseller, slug, title, image, description, price, discount, author_id) values (227, '2017/03/12', 0, 'book-ufb-157', 'I''m Here', 'http://dummyimage.com/292x620.png/ff4444/ffffff', 'Sed vel enim sit amet nunc viverra dapibus. Nulla suscipit ligula in lacus. Curabitur at ipsum ac tellus semper interdum. Mauris ullamcorper purus sit amet nulla. Quisque arcu libero, rutrum ac, lobortis vel, dapibus at, diam. Nam tristique tortor eu pede.', 370, 0.12, 3);
insert into books (id, pub_date, is_bestseller, slug, title, image, description, price, discount, author_id) values (228, '2016/12/09', 1, 'book-oca-639', 'Double Trouble', 'http://dummyimage.com/668x730.png/ff4444/ffffff', 'Donec ut dolor. Morbi vel lectus in quam fringilla rhoncus. Mauris enim leo, rhoncus sed, vestibulum sit amet, cursus id, turpis. Integer aliquet, massa id lobortis convallis, tortor risus dapibus augue, vel accumsan tellus nisi eu orci. Mauris lacinia sapien quis libero.', 1046, 0.28, 17);
insert into books (id, pub_date, is_bestseller, slug, title, image, description, price, discount, author_id) values (229, '2020/08/27', 1, 'book-its-017', 'Outbreak', 'http://dummyimage.com/442x605.png/cc0000/ffffff', 'Morbi vel lectus in quam fringilla rhoncus. Mauris enim leo, rhoncus sed, vestibulum sit amet, cursus id, turpis. Integer aliquet, massa id lobortis convallis, tortor risus dapibus augue, vel accumsan tellus nisi eu orci. Mauris lacinia sapien quis libero. Nullam sit amet turpis elementum ligula vehicula consequat.', 2323, 0.42, 1);
insert into books (id, pub_date, is_bestseller, slug, title, image, description, price, discount, author_id) values (230, '2019/05/01', 0, 'book-xam-943', 'Gummo', 'http://dummyimage.com/758x252.png/cc0000/ffffff', 'Pellentesque eget nunc. Donec quis orci eget orci vehicula condimentum. Curabitur in libero ut massa volutpat convallis. Morbi odio odio, elementum eu, interdum eu, tincidunt in, leo. Maecenas pulvinar lobortis est. Phasellus sit amet erat.', 1024, 0.45, 1);
insert into books (id, pub_date, is_bestseller, slug, title, image, description, price, discount, author_id) values (231, '2017/09/10', 1, 'book-cru-499', 'Master, The', 'http://dummyimage.com/576x604.png/ff4444/ffffff', 'Pellentesque at nulla. Suspendisse potenti. Cras in purus eu magna vulputate luctus. Cum sociis natoque penatibus et magnis dis parturient montes, nascetur ridiculus mus. Vivamus vestibulum sagittis sapien. Cum sociis natoque penatibus et magnis dis parturient montes, nascetur ridiculus mus.', 930, 0.46, 12);
insert into books (id, pub_date, is_bestseller, slug, title, image, description, price, discount, author_id) values (232, '2018/04/29', 1, 'book-xio-968', 'Misérables, Les', 'http://dummyimage.com/353x785.png/dddddd/000000', 'Curabitur gravida nisi at nibh. In hac habitasse platea dictumst. Aliquam augue quam, sollicitudin vitae, consectetuer eget, rutrum at, lorem. Integer tincidunt ante vel ipsum. Praesent blandit lacinia erat. Vestibulum sed magna at nunc commodo placerat.', 2417, 0.25, 16);
insert into books (id, pub_date, is_bestseller, slug, title, image, description, price, discount, author_id) values (233, '2012/01/18', 0, 'book-awx-559', 'Mercy', 'http://dummyimage.com/697x281.png/cc0000/ffffff', 'Fusce posuere felis sed lacus. Morbi sem mauris, laoreet ut, rhoncus aliquet, pulvinar sed, nisl. Nunc rhoncus dui vel sem. Sed sagittis. Nam congue, risus semper porta volutpat, quam pede lobortis ligula, sit amet eleifend pede libero quis orci.', 1916, 0.16, 21);
insert into books (id, pub_date, is_bestseller, slug, title, image, description, price, discount, author_id) values (234, '2019/06/08', 1, 'book-xaa-281', 'Deadline (Sprängaren)', 'http://dummyimage.com/424x446.png/ff4444/ffffff', 'Cum sociis natoque penatibus et magnis dis parturient montes, nascetur ridiculus mus. Vivamus vestibulum sagittis sapien. Cum sociis natoque penatibus et magnis dis parturient montes, nascetur ridiculus mus. Etiam vel augue. Vestibulum rutrum rutrum neque. Aenean auctor gravida sem.', 1337, 0.47, 1);
insert into books (id, pub_date, is_bestseller, slug, title, image, description, price, discount, author_id) values (235, '2016/12/26', 0, 'book-kwy-188', 'Cocktail', 'http://dummyimage.com/444x495.png/ff4444/ffffff', 'Integer tincidunt ante vel ipsum. Praesent blandit lacinia erat. Vestibulum sed magna at nunc commodo placerat. Praesent blandit. Nam nulla. Integer pede justo, lacinia eget, tincidunt eget, tempus vel, pede.', 1097, 0.07, 5);
insert into books (id, pub_date, is_bestseller, slug, title, image, description, price, discount, author_id) values (236, '2011/08/27', 0, 'book-dlj-127', 'Believer, The', 'http://dummyimage.com/260x359.png/cc0000/ffffff', 'Morbi porttitor lorem id ligula. Suspendisse ornare consequat lectus. In est risus, auctor sed, tristique in, tempus sit amet, sem. Fusce consequat. Nulla nisl. Nunc nisl.', 667, 0.43, 9);
insert into books (id, pub_date, is_bestseller, slug, title, image, description, price, discount, author_id) values (237, '2013/04/08', 1, 'book-ccr-776', 'Separation, A (Jodaeiye Nader az Simin)', 'http://dummyimage.com/537x539.png/ff4444/ffffff', 'Nam dui. Proin leo odio, porttitor id, consequat in, consequat ut, nulla. Sed accumsan felis. Ut at dolor quis odio consequat varius. Integer ac leo. Pellentesque ultrices mattis odio.', 1522, 0.14, 20);
insert into books (id, pub_date, is_bestseller, slug, title, image, description, price, discount, author_id) values (238, '2020/09/02', 1, 'book-ztn-521', 'Unraveled', 'http://dummyimage.com/633x356.png/ff4444/ffffff', 'Donec vitae nisi. Nam ultrices, libero non mattis pulvinar, nulla pede ullamcorper augue, a suscipit nulla elit ac nulla. Sed vel enim sit amet nunc viverra dapibus. Nulla suscipit ligula in lacus. Curabitur at ipsum ac tellus semper interdum. Mauris ullamcorper purus sit amet nulla.', 755, 0.2, 21);
insert into books (id, pub_date, is_bestseller, slug, title, image, description, price, discount, author_id) values (239, '2018/11/06', 0, 'book-ezs-177', 'In Harm''s Way', 'http://dummyimage.com/279x493.png/5fa2dd/ffffff', 'Vestibulum ante ipsum primis in faucibus orci luctus et ultrices posuere cubilia Curae; Duis faucibus accumsan odio. Curabitur convallis. Duis consequat dui nec nisi volutpat eleifend. Donec ut dolor. Morbi vel lectus in quam fringilla rhoncus.', 435, 0.3, 12);
insert into books (id, pub_date, is_bestseller, slug, title, image, description, price, discount, author_id) values (240, '2012/09/21', 0, 'book-vkd-688', 'Beyond, The (E tu vivrai nel terrore - L''aldilà)', 'http://dummyimage.com/600x468.png/5fa2dd/ffffff', 'Integer non velit. Donec diam neque, vestibulum eget, vulputate ut, ultrices vel, augue. Vestibulum ante ipsum primis in faucibus orci luctus et ultrices posuere cubilia Curae; Donec pharetra, magna vestibulum aliquet ultrices, erat tortor sollicitudin mi, sit amet lobortis sapien sapien non mi. Integer ac neque. Duis bibendum.', 1419, 0.23, 13);
insert into books (id, pub_date, is_bestseller, slug, title, image, description, price, discount, author_id) values (241, '2012/11/19', 0, 'book-abx-970', 'Joffrey: Mavericks of American Dance', 'http://dummyimage.com/723x765.png/cc0000/ffffff', 'Donec ut mauris eget massa tempor convallis. Nulla neque libero, convallis eget, eleifend luctus, ultricies eu, nibh. Quisque id justo sit amet sapien dignissim vestibulum. Vestibulum ante ipsum primis in faucibus orci luctus et ultrices posuere cubilia Curae; Nulla dapibus dolor vel est. Donec odio justo, sollicitudin ut, suscipit a, feugiat et, eros.', 1876, 0.38, 1);
insert into books (id, pub_date, is_bestseller, slug, title, image, description, price, discount, author_id) values (242, '2012/06/11', 0, 'book-ttl-010', 'Time in the Minors', 'http://dummyimage.com/697x570.png/dddddd/000000', 'Vestibulum ante ipsum primis in faucibus orci luctus et ultrices posuere cubilia Curae; Mauris viverra diam vitae quam. Suspendisse potenti. Nullam porttitor lacus at turpis. Donec posuere metus vitae ipsum. Aliquam non mauris.', 1153, 0.36, 3);
insert into books (id, pub_date, is_bestseller, slug, title, image, description, price, discount, author_id) values (243, '2014/07/21', 1, 'book-epd-575', 'Battle Cry', 'http://dummyimage.com/415x600.png/5fa2dd/ffffff', 'Ut tellus. Nulla ut erat id mauris vulputate elementum. Nullam varius. Nulla facilisi. Cras non velit nec nisi vulputate nonummy. Maecenas tincidunt lacus at velit.', 501, 0.45, 7);
insert into books (id, pub_date, is_bestseller, slug, title, image, description, price, discount, author_id) values (244, '2015/01/17', 0, 'book-ngc-917', 'Friday Night Lights', 'http://dummyimage.com/257x504.png/ff4444/ffffff', 'Nunc rhoncus dui vel sem. Sed sagittis. Nam congue, risus semper porta volutpat, quam pede lobortis ligula, sit amet eleifend pede libero quis orci. Nullam molestie nibh in lectus. Pellentesque at nulla. Suspendisse potenti.', 1986, 0.25, 21);
insert into books (id, pub_date, is_bestseller, slug, title, image, description, price, discount, author_id) values (245, '2020/05/17', 1, 'book-bia-151', 'Cowboys & Aliens', 'http://dummyimage.com/669x665.png/ff4444/ffffff', 'Morbi non lectus. Aliquam sit amet diam in magna bibendum imperdiet. Nullam orci pede, venenatis non, sodales sed, tincidunt eu, felis. Fusce posuere felis sed lacus. Morbi sem mauris, laoreet ut, rhoncus aliquet, pulvinar sed, nisl. Nunc rhoncus dui vel sem.', 492, 0.45, 7);
insert into books (id, pub_date, is_bestseller, slug, title, image, description, price, discount, author_id) values (246, '2012/04/09', 1, 'book-nvt-375', 'Daayen Ya Baayen', 'http://dummyimage.com/372x675.png/ff4444/ffffff', 'Nam dui. Proin leo odio, porttitor id, consequat in, consequat ut, nulla. Sed accumsan felis. Ut at dolor quis odio consequat varius. Integer ac leo. Pellentesque ultrices mattis odio.', 380, 0.29, 21);
insert into books (id, pub_date, is_bestseller, slug, title, image, description, price, discount, author_id) values (247, '2016/08/13', 0, 'book-qep-748', 'Trick', 'http://dummyimage.com/692x648.png/cc0000/ffffff', 'In quis justo. Maecenas rhoncus aliquam lacus. Morbi quis tortor id nulla ultrices aliquet. Maecenas leo odio, condimentum id, luctus nec, molestie sed, justo. Pellentesque viverra pede ac diam. Cras pellentesque volutpat dui.', 2193, 0.26, 3);
insert into books (id, pub_date, is_bestseller, slug, title, image, description, price, discount, author_id) values (248, '2012/09/08', 0, 'book-jey-006', 'Two for the Seesaw', 'http://dummyimage.com/794x490.png/5fa2dd/ffffff', 'Praesent lectus. Vestibulum quam sapien, varius ut, blandit non, interdum in, ante. Vestibulum ante ipsum primis in faucibus orci luctus et ultrices posuere cubilia Curae; Duis faucibus accumsan odio. Curabitur convallis. Duis consequat dui nec nisi volutpat eleifend. Donec ut dolor.', 629, 0.4, 17);
insert into books (id, pub_date, is_bestseller, slug, title, image, description, price, discount, author_id) values (249, '2015/07/27', 1, 'book-hza-189', 'By Dawn''s Early Light', 'http://dummyimage.com/671x383.png/5fa2dd/ffffff', 'Aenean fermentum. Donec ut mauris eget massa tempor convallis. Nulla neque libero, convallis eget, eleifend luctus, ultricies eu, nibh. Quisque id justo sit amet sapien dignissim vestibulum. Vestibulum ante ipsum primis in faucibus orci luctus et ultrices posuere cubilia Curae; Nulla dapibus dolor vel est.', 1212, 0.15, 5);
insert into books (id, pub_date, is_bestseller, slug, title, image, description, price, discount, author_id) values (250, '2014/12/03', 1, 'book-odu-238', '100 Men and a Girl (One Hundred Men and a Girl)', 'http://dummyimage.com/578x698.png/dddddd/000000', 'Etiam faucibus cursus urna. Ut tellus. Nulla ut erat id mauris vulputate elementum. Nullam varius. Nulla facilisi. Cras non velit nec nisi vulputate nonummy.', 244, 0.24, 17);
insert into books (id, pub_date, is_bestseller, slug, title, image, description, price, discount, author_id) values (251, '2016/02/16', 1, 'book-rkl-972', 'Advance to the Rear', 'http://dummyimage.com/742x614.png/5fa2dd/ffffff', 'Etiam faucibus cursus urna. Ut tellus. Nulla ut erat id mauris vulputate elementum. Nullam varius. Nulla facilisi.', 1100, 0.08, 15);
insert into books (id, pub_date, is_bestseller, slug, title, image, description, price, discount, author_id) values (252, '2015/02/28', 0, 'book-qkz-186', 'American Dreamz', 'http://dummyimage.com/630x428.png/5fa2dd/ffffff', 'Nullam sit amet turpis elementum ligula vehicula consequat. Morbi a ipsum. Integer a nibh. In quis justo. Maecenas rhoncus aliquam lacus.', 1458, 0.07, 10);
insert into books (id, pub_date, is_bestseller, slug, title, image, description, price, discount, author_id) values (253, '2012/04/10', 1, 'book-fox-710', 'IMAX: Coral Reef Adventure', 'http://dummyimage.com/497x411.png/ff4444/ffffff', 'Aliquam quis turpis eget elit sodales scelerisque. Mauris sit amet eros. Suspendisse accumsan tortor quis turpis. Sed ante. Vivamus tortor.', 648, 0.32, 10);
insert into books (id, pub_date, is_bestseller, slug, title, image, description, price, discount, author_id) values (254, '2013/04/27', 1, 'book-vdd-979', 'Hunchback, The', 'http://dummyimage.com/313x607.png/ff4444/ffffff', 'Aenean sit amet justo. Morbi ut odio. Cras mi pede, malesuada in, imperdiet et, commodo vulputate, justo. In blandit ultrices enim. Lorem ipsum dolor sit amet, consectetuer adipiscing elit.', 682, 0.39, 7);
insert into books (id, pub_date, is_bestseller, slug, title, image, description, price, discount, author_id) values (255, '2013/07/17', 0, 'book-knh-495', 'Cruise, The', 'http://dummyimage.com/351x434.png/cc0000/ffffff', 'Morbi sem mauris, laoreet ut, rhoncus aliquet, pulvinar sed, nisl. Nunc rhoncus dui vel sem. Sed sagittis. Nam congue, risus semper porta volutpat, quam pede lobortis ligula, sit amet eleifend pede libero quis orci. Nullam molestie nibh in lectus.', 768, 0.29, 20);
insert into books (id, pub_date, is_bestseller, slug, title, image, description, price, discount, author_id) values (256, '2014/04/26', 0, 'book-uus-101', 'Cinema Verite', 'http://dummyimage.com/694x604.png/dddddd/000000', 'Vestibulum ante ipsum primis in faucibus orci luctus et ultrices posuere cubilia Curae; Duis faucibus accumsan odio. Curabitur convallis. Duis consequat dui nec nisi volutpat eleifend. Donec ut dolor. Morbi vel lectus in quam fringilla rhoncus. Mauris enim leo, rhoncus sed, vestibulum sit amet, cursus id, turpis.', 633, 0.09, 5);
insert into books (id, pub_date, is_bestseller, slug, title, image, description, price, discount, author_id) values (257, '2018/02/20', 1, 'book-tow-685', 'Abbott and Costello Meet Dr. Jekyll and Mr. Hyde', 'http://dummyimage.com/670x729.png/cc0000/ffffff', 'Nam nulla. Integer pede justo, lacinia eget, tincidunt eget, tempus vel, pede. Morbi porttitor lorem id ligula. Suspendisse ornare consequat lectus. In est risus, auctor sed, tristique in, tempus sit amet, sem. Fusce consequat.', 1836, 0.13, 10);
insert into books (id, pub_date, is_bestseller, slug, title, image, description, price, discount, author_id) values (258, '2017/02/25', 1, 'book-lzw-704', 'Uninvited, The', 'http://dummyimage.com/676x532.png/cc0000/ffffff', 'Cras non velit nec nisi vulputate nonummy. Maecenas tincidunt lacus at velit. Vivamus vel nulla eget eros elementum pellentesque. Quisque porta volutpat erat. Quisque erat eros, viverra eget, congue eget, semper rutrum, nulla. Nunc purus.', 1518, 0.42, 10);
insert into books (id, pub_date, is_bestseller, slug, title, image, description, price, discount, author_id) values (259, '2017/09/15', 0, 'book-vje-742', 'Gorilla, The', 'http://dummyimage.com/694x453.png/cc0000/ffffff', 'Praesent id massa id nisl venenatis lacinia. Aenean sit amet justo. Morbi ut odio. Cras mi pede, malesuada in, imperdiet et, commodo vulputate, justo. In blandit ultrices enim. Lorem ipsum dolor sit amet, consectetuer adipiscing elit.', 1285, 0.47, 1);
insert into books (id, pub_date, is_bestseller, slug, title, image, description, price, discount, author_id) values (260, '2014/10/25', 1, 'book-pby-192', 'Secret Six, The', 'http://dummyimage.com/637x414.png/5fa2dd/ffffff', 'Fusce posuere felis sed lacus. Morbi sem mauris, laoreet ut, rhoncus aliquet, pulvinar sed, nisl. Nunc rhoncus dui vel sem. Sed sagittis. Nam congue, risus semper porta volutpat, quam pede lobortis ligula, sit amet eleifend pede libero quis orci.', 1434, 0.37, 7);
insert into books (id, pub_date, is_bestseller, slug, title, image, description, price, discount, author_id) values (261, '2018/03/16', 1, 'book-pgo-886', 'Terra (a.k.a. Battle for Terra)', 'http://dummyimage.com/663x464.png/5fa2dd/ffffff', 'Donec diam neque, vestibulum eget, vulputate ut, ultrices vel, augue. Vestibulum ante ipsum primis in faucibus orci luctus et ultrices posuere cubilia Curae; Donec pharetra, magna vestibulum aliquet ultrices, erat tortor sollicitudin mi, sit amet lobortis sapien sapien non mi. Integer ac neque. Duis bibendum. Morbi non quam nec dui luctus rutrum. Nulla tellus.', 303, 0.44, 20);
insert into books (id, pub_date, is_bestseller, slug, title, image, description, price, discount, author_id) values (262, '2019/06/19', 0, 'book-blj-873', 'Bunnyman', 'http://dummyimage.com/396x253.png/cc0000/ffffff', 'Donec vitae nisi. Nam ultrices, libero non mattis pulvinar, nulla pede ullamcorper augue, a suscipit nulla elit ac nulla. Sed vel enim sit amet nunc viverra dapibus. Nulla suscipit ligula in lacus. Curabitur at ipsum ac tellus semper interdum.', 1082, 0.24, 16);
insert into books (id, pub_date, is_bestseller, slug, title, image, description, price, discount, author_id) values (263, '2014/08/15', 1, 'book-dby-236', 'Dirty Dozen: Next Mission, The', 'http://dummyimage.com/505x529.png/ff4444/ffffff', 'Aliquam quis turpis eget elit sodales scelerisque. Mauris sit amet eros. Suspendisse accumsan tortor quis turpis. Sed ante. Vivamus tortor. Duis mattis egestas metus.', 2258, 0.41, 13);
insert into books (id, pub_date, is_bestseller, slug, title, image, description, price, discount, author_id) values (264, '2012/02/02', 1, 'book-drn-100', 'Brief Crossing (Brève traversée)', 'http://dummyimage.com/597x732.png/dddddd/000000', 'Ut tellus. Nulla ut erat id mauris vulputate elementum. Nullam varius. Nulla facilisi. Cras non velit nec nisi vulputate nonummy.', 1529, 0.45, 13);
insert into books (id, pub_date, is_bestseller, slug, title, image, description, price, discount, author_id) values (265, '2013/09/11', 1, 'book-bts-901', 'Flame of New Orleans, The', 'http://dummyimage.com/377x759.png/dddddd/000000', 'Donec ut dolor. Morbi vel lectus in quam fringilla rhoncus. Mauris enim leo, rhoncus sed, vestibulum sit amet, cursus id, turpis. Integer aliquet, massa id lobortis convallis, tortor risus dapibus augue, vel accumsan tellus nisi eu orci. Mauris lacinia sapien quis libero. Nullam sit amet turpis elementum ligula vehicula consequat.', 1398, 0.36, 20);
insert into books (id, pub_date, is_bestseller, slug, title, image, description, price, discount, author_id) values (266, '2020/09/01', 1, 'book-uaf-854', 'Between Miracles', 'http://dummyimage.com/471x613.png/ff4444/ffffff', 'Nullam orci pede, venenatis non, sodales sed, tincidunt eu, felis. Fusce posuere felis sed lacus. Morbi sem mauris, laoreet ut, rhoncus aliquet, pulvinar sed, nisl. Nunc rhoncus dui vel sem. Sed sagittis.', 827, 0.14, 12);
insert into books (id, pub_date, is_bestseller, slug, title, image, description, price, discount, author_id) values (267, '2014/11/17', 0, 'book-omd-506', 'Woman in White, The', 'http://dummyimage.com/440x293.png/cc0000/ffffff', 'Morbi porttitor lorem id ligula. Suspendisse ornare consequat lectus. In est risus, auctor sed, tristique in, tempus sit amet, sem. Fusce consequat. Nulla nisl.', 686, 0.42, 8);
insert into books (id, pub_date, is_bestseller, slug, title, image, description, price, discount, author_id) values (268, '2012/01/13', 1, 'book-lkz-945', 'Black on White (Mustaa valkoisella)', 'http://dummyimage.com/611x585.png/5fa2dd/ffffff', 'Nulla nisl. Nunc nisl. Duis bibendum, felis sed interdum venenatis, turpis enim blandit mi, in porttitor pede justo eu massa. Donec dapibus. Duis at velit eu est congue elementum.', 1242, 0.1, 16);
insert into books (id, pub_date, is_bestseller, slug, title, image, description, price, discount, author_id) values (269, '2011/05/01', 0, 'book-lgb-158', 'Woman in the Fifth, The (Femme du Vème, La)', 'http://dummyimage.com/580x498.png/cc0000/ffffff', 'Maecenas ut massa quis augue luctus tincidunt. Nulla mollis molestie lorem. Quisque ut erat. Curabitur gravida nisi at nibh. In hac habitasse platea dictumst. Aliquam augue quam, sollicitudin vitae, consectetuer eget, rutrum at, lorem.', 2006, 0.14, 6);
insert into books (id, pub_date, is_bestseller, slug, title, image, description, price, discount, author_id) values (270, '2018/11/03', 0, 'book-qji-233', 'Seven Invisible Men (Septyni nematomi zmones)', 'http://dummyimage.com/497x355.png/ff4444/ffffff', 'Vivamus metus arcu, adipiscing molestie, hendrerit at, vulputate vitae, nisl. Aenean lectus. Pellentesque eget nunc. Donec quis orci eget orci vehicula condimentum. Curabitur in libero ut massa volutpat convallis. Morbi odio odio, elementum eu, interdum eu, tincidunt in, leo.', 763, 0.16, 7);
insert into books (id, pub_date, is_bestseller, slug, title, image, description, price, discount, author_id) values (271, '2011/10/21', 0, 'book-kgq-787', '''Round Midnight', 'http://dummyimage.com/358x564.png/dddddd/000000', 'Etiam faucibus cursus urna. Ut tellus. Nulla ut erat id mauris vulputate elementum. Nullam varius. Nulla facilisi. Cras non velit nec nisi vulputate nonummy.', 1426, 0.35, 12);
insert into books (id, pub_date, is_bestseller, slug, title, image, description, price, discount, author_id) values (272, '2019/12/14', 0, 'book-fxr-281', 'Times of Harvey Milk, The', 'http://dummyimage.com/338x362.png/cc0000/ffffff', 'Morbi ut odio. Cras mi pede, malesuada in, imperdiet et, commodo vulputate, justo. In blandit ultrices enim. Lorem ipsum dolor sit amet, consectetuer adipiscing elit. Proin interdum mauris non ligula pellentesque ultrices.', 2353, 0.35, 14);
insert into books (id, pub_date, is_bestseller, slug, title, image, description, price, discount, author_id) values (273, '2012/02/25', 1, 'book-hsa-050', 'Plastic Paradise: The Great Pacific Garbage Patch', 'http://dummyimage.com/362x464.png/ff4444/ffffff', 'Nam congue, risus semper porta volutpat, quam pede lobortis ligula, sit amet eleifend pede libero quis orci. Nullam molestie nibh in lectus. Pellentesque at nulla. Suspendisse potenti. Cras in purus eu magna vulputate luctus.', 146, 0.12, 10);
insert into books (id, pub_date, is_bestseller, slug, title, image, description, price, discount, author_id) values (274, '2015/01/20', 1, 'book-hdv-136', 'Lille Fridolf and I', 'http://dummyimage.com/261x769.png/cc0000/ffffff', 'Integer pede justo, lacinia eget, tincidunt eget, tempus vel, pede. Morbi porttitor lorem id ligula. Suspendisse ornare consequat lectus. In est risus, auctor sed, tristique in, tempus sit amet, sem. Fusce consequat.', 239, 0.11, 7);
insert into books (id, pub_date, is_bestseller, slug, title, image, description, price, discount, author_id) values (275, '2011/08/20', 1, 'book-csf-578', 'Poor Boy''s Game', 'http://dummyimage.com/511x711.png/dddddd/000000', 'Vestibulum sed magna at nunc commodo placerat. Praesent blandit. Nam nulla. Integer pede justo, lacinia eget, tincidunt eget, tempus vel, pede. Morbi porttitor lorem id ligula. Suspendisse ornare consequat lectus.', 495, 0.24, 17);
insert into books (id, pub_date, is_bestseller, slug, title, image, description, price, discount, author_id) values (276, '2012/07/13', 0, 'book-mxr-267', 'Two Times Lotte', 'http://dummyimage.com/461x260.png/dddddd/000000', 'Vivamus vestibulum sagittis sapien. Cum sociis natoque penatibus et magnis dis parturient montes, nascetur ridiculus mus. Etiam vel augue. Vestibulum rutrum rutrum neque. Aenean auctor gravida sem. Praesent id massa id nisl venenatis lacinia.', 772, 0.05, 7);
insert into books (id, pub_date, is_bestseller, slug, title, image, description, price, discount, author_id) values (277, '2014/01/08', 0, 'book-dlh-407', 'Dragon Ball Z: Bio-Broly (Doragon bôru Z 11: Sûpâ senshi gekiha! Katsu no wa ore da)', 'http://dummyimage.com/340x764.png/ff4444/ffffff', 'Quisque id justo sit amet sapien dignissim vestibulum. Vestibulum ante ipsum primis in faucibus orci luctus et ultrices posuere cubilia Curae; Nulla dapibus dolor vel est. Donec odio justo, sollicitudin ut, suscipit a, feugiat et, eros. Vestibulum ac est lacinia nisi venenatis tristique. Fusce congue, diam id ornare imperdiet, sapien urna pretium nisl, ut volutpat sapien arcu sed augue. Aliquam erat volutpat.', 2486, 0.2, 5);
insert into books (id, pub_date, is_bestseller, slug, title, image, description, price, discount, author_id) values (278, '2020/07/27', 1, 'book-yom-861', 'High School', 'http://dummyimage.com/576x656.png/cc0000/ffffff', 'Etiam vel augue. Vestibulum rutrum rutrum neque. Aenean auctor gravida sem. Praesent id massa id nisl venenatis lacinia. Aenean sit amet justo.', 886, 0.27, 11);
insert into books (id, pub_date, is_bestseller, slug, title, image, description, price, discount, author_id) values (279, '2013/05/18', 0, 'book-kkw-743', 'Chinese Take-Out (Chinese Take-Away) (Un cuento chino)', 'http://dummyimage.com/676x728.png/ff4444/ffffff', 'Etiam pretium iaculis justo. In hac habitasse platea dictumst. Etiam faucibus cursus urna. Ut tellus. Nulla ut erat id mauris vulputate elementum.', 463, 0.16, 6);
insert into books (id, pub_date, is_bestseller, slug, title, image, description, price, discount, author_id) values (280, '2012/11/18', 0, 'book-lro-847', 'Killer Joe', 'http://dummyimage.com/622x728.png/dddddd/000000', 'Nulla ut erat id mauris vulputate elementum. Nullam varius. Nulla facilisi. Cras non velit nec nisi vulputate nonummy. Maecenas tincidunt lacus at velit. Vivamus vel nulla eget eros elementum pellentesque.', 1437, 0.16, 10);
insert into books (id, pub_date, is_bestseller, slug, title, image, description, price, discount, author_id) values (281, '2018/10/11', 0, 'book-hkp-360', 'When a Stranger Calls', 'http://dummyimage.com/720x553.png/dddddd/000000', 'Nam nulla. Integer pede justo, lacinia eget, tincidunt eget, tempus vel, pede. Morbi porttitor lorem id ligula. Suspendisse ornare consequat lectus. In est risus, auctor sed, tristique in, tempus sit amet, sem.', 2246, 0.07, 19);
insert into books (id, pub_date, is_bestseller, slug, title, image, description, price, discount, author_id) values (282, '2020/08/02', 1, 'book-kjc-099', 'Road to El Dorado, The', 'http://dummyimage.com/559x628.png/ff4444/ffffff', 'Cras pellentesque volutpat dui. Maecenas tristique, est et tempus semper, est quam pharetra magna, ac consequat metus sapien ut nunc. Vestibulum ante ipsum primis in faucibus orci luctus et ultrices posuere cubilia Curae; Mauris viverra diam vitae quam. Suspendisse potenti. Nullam porttitor lacus at turpis.', 1605, 0.25, 6);
insert into books (id, pub_date, is_bestseller, slug, title, image, description, price, discount, author_id) values (283, '2016/03/15', 0, 'book-nef-285', 'White Noise 2: The Light', 'http://dummyimage.com/347x796.png/dddddd/000000', 'Suspendisse accumsan tortor quis turpis. Sed ante. Vivamus tortor. Duis mattis egestas metus. Aenean fermentum.', 1492, 0.35, 5);
insert into books (id, pub_date, is_bestseller, slug, title, image, description, price, discount, author_id) values (284, '2014/10/12', 0, 'book-spl-573', 'Sex Ed', 'http://dummyimage.com/515x679.png/ff4444/ffffff', 'Aliquam sit amet diam in magna bibendum imperdiet. Nullam orci pede, venenatis non, sodales sed, tincidunt eu, felis. Fusce posuere felis sed lacus. Morbi sem mauris, laoreet ut, rhoncus aliquet, pulvinar sed, nisl. Nunc rhoncus dui vel sem. Sed sagittis.', 2134, 0.22, 2);
insert into books (id, pub_date, is_bestseller, slug, title, image, description, price, discount, author_id) values (285, '2015/08/22', 1, 'book-ugi-026', 'To Be Takei', 'http://dummyimage.com/250x417.png/ff4444/ffffff', 'Duis bibendum, felis sed interdum venenatis, turpis enim blandit mi, in porttitor pede justo eu massa. Donec dapibus. Duis at velit eu est congue elementum. In hac habitasse platea dictumst. Morbi vestibulum, velit id pretium iaculis, diam erat fermentum justo, nec condimentum neque sapien placerat ante. Nulla justo.', 822, 0.12, 1);
insert into books (id, pub_date, is_bestseller, slug, title, image, description, price, discount, author_id) values (286, '2017/10/03', 0, 'book-jbt-047', 'Slaughter of the Innocents', 'http://dummyimage.com/312x732.png/ff4444/ffffff', 'Suspendisse potenti. In eleifend quam a odio. In hac habitasse platea dictumst. Maecenas ut massa quis augue luctus tincidunt. Nulla mollis molestie lorem.', 203, 0.48, 21);
insert into books (id, pub_date, is_bestseller, slug, title, image, description, price, discount, author_id) values (287, '2020/07/18', 1, 'book-yhv-615', 'Fast Life', 'http://dummyimage.com/777x639.png/cc0000/ffffff', 'Aenean auctor gravida sem. Praesent id massa id nisl venenatis lacinia. Aenean sit amet justo. Morbi ut odio. Cras mi pede, malesuada in, imperdiet et, commodo vulputate, justo.', 1823, 0.2, 10);
insert into books (id, pub_date, is_bestseller, slug, title, image, description, price, discount, author_id) values (288, '2014/03/12', 0, 'book-ccd-798', 'Lucrèce Borgia', 'http://dummyimage.com/292x574.png/ff4444/ffffff', 'Nam dui. Proin leo odio, porttitor id, consequat in, consequat ut, nulla. Sed accumsan felis. Ut at dolor quis odio consequat varius. Integer ac leo.', 2182, 0.38, 2);
insert into books (id, pub_date, is_bestseller, slug, title, image, description, price, discount, author_id) values (289, '2010/11/23', 0, 'book-ovc-249', 'Live Free or Die Hard', 'http://dummyimage.com/682x675.png/ff4444/ffffff', 'Vestibulum ante ipsum primis in faucibus orci luctus et ultrices posuere cubilia Curae; Donec pharetra, magna vestibulum aliquet ultrices, erat tortor sollicitudin mi, sit amet lobortis sapien sapien non mi. Integer ac neque. Duis bibendum. Morbi non quam nec dui luctus rutrum. Nulla tellus. In sagittis dui vel nisl.', 1094, 0.46, 5);
insert into books (id, pub_date, is_bestseller, slug, title, image, description, price, discount, author_id) values (290, '2016/08/06', 1, 'book-bif-238', 'Trans', 'http://dummyimage.com/800x588.png/5fa2dd/ffffff', 'Lorem ipsum dolor sit amet, consectetuer adipiscing elit. Proin interdum mauris non ligula pellentesque ultrices. Phasellus id sapien in sapien iaculis congue. Vivamus metus arcu, adipiscing molestie, hendrerit at, vulputate vitae, nisl. Aenean lectus. Pellentesque eget nunc.', 184, 0.26, 18);
insert into books (id, pub_date, is_bestseller, slug, title, image, description, price, discount, author_id) values (291, '2012/08/01', 0, 'book-ndz-051', 'Labor Pains', 'http://dummyimage.com/423x484.png/5fa2dd/ffffff', 'Pellentesque eget nunc. Donec quis orci eget orci vehicula condimentum. Curabitur in libero ut massa volutpat convallis. Morbi odio odio, elementum eu, interdum eu, tincidunt in, leo. Maecenas pulvinar lobortis est. Phasellus sit amet erat.', 1726, 0.24, 4);
insert into books (id, pub_date, is_bestseller, slug, title, image, description, price, discount, author_id) values (292, '2011/04/03', 0, 'book-cdo-759', 'Kids World', 'http://dummyimage.com/504x386.png/ff4444/ffffff', 'Vivamus tortor. Duis mattis egestas metus. Aenean fermentum. Donec ut mauris eget massa tempor convallis. Nulla neque libero, convallis eget, eleifend luctus, ultricies eu, nibh.', 679, 0.21, 11);
insert into books (id, pub_date, is_bestseller, slug, title, image, description, price, discount, author_id) values (293, '2016/11/07', 0, 'book-des-686', 'Aimée & Jaguar', 'http://dummyimage.com/724x638.png/ff4444/ffffff', 'Phasellus sit amet erat. Nulla tempus. Vivamus in felis eu sapien cursus vestibulum. Proin eu mi. Nulla ac enim. In tempor, turpis nec euismod scelerisque, quam turpis adipiscing lorem, vitae mattis nibh ligula nec sem.', 154, 0.46, 6);
insert into books (id, pub_date, is_bestseller, slug, title, image, description, price, discount, author_id) values (294, '2016/04/12', 0, 'book-prk-934', 'Geronimo: An American Legend', 'http://dummyimage.com/746x546.png/cc0000/ffffff', 'Pellentesque at nulla. Suspendisse potenti. Cras in purus eu magna vulputate luctus. Cum sociis natoque penatibus et magnis dis parturient montes, nascetur ridiculus mus. Vivamus vestibulum sagittis sapien.', 1375, 0.47, 18);
insert into books (id, pub_date, is_bestseller, slug, title, image, description, price, discount, author_id) values (295, '2017/11/22', 0, 'book-ect-827', 'Long Day''s Journey Into Night', 'http://dummyimage.com/451x609.png/cc0000/ffffff', 'Aliquam augue quam, sollicitudin vitae, consectetuer eget, rutrum at, lorem. Integer tincidunt ante vel ipsum. Praesent blandit lacinia erat. Vestibulum sed magna at nunc commodo placerat. Praesent blandit.', 2429, 0.43, 17);
insert into books (id, pub_date, is_bestseller, slug, title, image, description, price, discount, author_id) values (296, '2019/06/03', 1, 'book-sec-430', 'Another You', 'http://dummyimage.com/727x532.png/5fa2dd/ffffff', 'Etiam faucibus cursus urna. Ut tellus. Nulla ut erat id mauris vulputate elementum. Nullam varius. Nulla facilisi.', 2163, 0.38, 3);
insert into books (id, pub_date, is_bestseller, slug, title, image, description, price, discount, author_id) values (297, '2012/08/08', 0, 'book-axb-457', 'Offender', 'http://dummyimage.com/280x291.png/dddddd/000000', 'Duis bibendum. Morbi non quam nec dui luctus rutrum. Nulla tellus. In sagittis dui vel nisl. Duis ac nibh.', 1049, 0.17, 3);
insert into books (id, pub_date, is_bestseller, slug, title, image, description, price, discount, author_id) values (298, '2018/07/08', 1, 'book-cgv-273', 'Tipping the Velvet', 'http://dummyimage.com/321x610.png/dddddd/000000', 'Mauris enim leo, rhoncus sed, vestibulum sit amet, cursus id, turpis. Integer aliquet, massa id lobortis convallis, tortor risus dapibus augue, vel accumsan tellus nisi eu orci. Mauris lacinia sapien quis libero. Nullam sit amet turpis elementum ligula vehicula consequat. Morbi a ipsum.', 1953, 0.37, 18);
insert into books (id, pub_date, is_bestseller, slug, title, image, description, price, discount, author_id) values (299, '2015/07/16', 0, 'book-kuq-370', 'G.B.F.', 'http://dummyimage.com/622x255.png/5fa2dd/ffffff', 'Nulla mollis molestie lorem. Quisque ut erat. Curabitur gravida nisi at nibh. In hac habitasse platea dictumst. Aliquam augue quam, sollicitudin vitae, consectetuer eget, rutrum at, lorem.', 736, 0.43, 6);
insert into books (id, pub_date, is_bestseller, slug, title, image, description, price, discount, author_id) values (300, '2012/10/31', 1, 'book-adt-260', 'Keys of the Kingdom, The', 'http://dummyimage.com/416x461.png/5fa2dd/ffffff', 'In quis justo. Maecenas rhoncus aliquam lacus. Morbi quis tortor id nulla ultrices aliquet. Maecenas leo odio, condimentum id, luctus nec, molestie sed, justo. Pellentesque viverra pede ac diam. Cras pellentesque volutpat dui.', 1189, 0.14, 12);
insert into books (id, pub_date, is_bestseller, slug, title, image, description, price, discount, author_id) values (301, '2012/09/02', 0, 'book-xrd-906', 'Little Man', 'http://dummyimage.com/339x386.png/dddddd/000000', 'Nam nulla. Integer pede justo, lacinia eget, tincidunt eget, tempus vel, pede. Morbi porttitor lorem id ligula. Suspendisse ornare consequat lectus. In est risus, auctor sed, tristique in, tempus sit amet, sem. Fusce consequat.', 2175, 0.11, 17);
insert into books (id, pub_date, is_bestseller, slug, title, image, description, price, discount, author_id) values (302, '2020/10/01', 0, 'book-rct-429', 'Shoot the Piano Player (Tirez sur le pianiste)', 'http://dummyimage.com/315x675.png/cc0000/ffffff', 'Cras in purus eu magna vulputate luctus. Cum sociis natoque penatibus et magnis dis parturient montes, nascetur ridiculus mus. Vivamus vestibulum sagittis sapien. Cum sociis natoque penatibus et magnis dis parturient montes, nascetur ridiculus mus. Etiam vel augue.', 2061, 0.16, 9);
insert into books (id, pub_date, is_bestseller, slug, title, image, description, price, discount, author_id) values (303, '2011/03/14', 1, 'book-vif-759', 'Paleface, The', 'http://dummyimage.com/264x389.png/dddddd/000000', 'Duis consequat dui nec nisi volutpat eleifend. Donec ut dolor. Morbi vel lectus in quam fringilla rhoncus. Mauris enim leo, rhoncus sed, vestibulum sit amet, cursus id, turpis. Integer aliquet, massa id lobortis convallis, tortor risus dapibus augue, vel accumsan tellus nisi eu orci.', 244, 0.36, 13);
insert into books (id, pub_date, is_bestseller, slug, title, image, description, price, discount, author_id) values (304, '2012/10/16', 0, 'book-dbs-308', 'Orderly or Disorderly (Be Tartib ya Bedoun-e Tartib)', 'http://dummyimage.com/716x513.png/cc0000/ffffff', 'Nam nulla. Integer pede justo, lacinia eget, tincidunt eget, tempus vel, pede. Morbi porttitor lorem id ligula. Suspendisse ornare consequat lectus. In est risus, auctor sed, tristique in, tempus sit amet, sem. Fusce consequat.', 2082, 0.39, 5);
insert into books (id, pub_date, is_bestseller, slug, title, image, description, price, discount, author_id) values (305, '2018/05/19', 0, 'book-veb-874', 'National Lampoon''s Van Wilder', 'http://dummyimage.com/653x417.png/dddddd/000000', 'Nullam orci pede, venenatis non, sodales sed, tincidunt eu, felis. Fusce posuere felis sed lacus. Morbi sem mauris, laoreet ut, rhoncus aliquet, pulvinar sed, nisl. Nunc rhoncus dui vel sem. Sed sagittis.', 1734, 0.48, 5);
insert into books (id, pub_date, is_bestseller, slug, title, image, description, price, discount, author_id) values (306, '2015/06/20', 0, 'book-kym-304', 'Smilin'' Through', 'http://dummyimage.com/465x257.png/cc0000/ffffff', 'Vestibulum quam sapien, varius ut, blandit non, interdum in, ante. Vestibulum ante ipsum primis in faucibus orci luctus et ultrices posuere cubilia Curae; Duis faucibus accumsan odio. Curabitur convallis. Duis consequat dui nec nisi volutpat eleifend. Donec ut dolor.', 1300, 0.37, 10);
insert into books (id, pub_date, is_bestseller, slug, title, image, description, price, discount, author_id) values (307, '2012/01/02', 0, 'book-fkn-431', 'Darling Companion', 'http://dummyimage.com/414x337.png/cc0000/ffffff', 'Vestibulum ac est lacinia nisi venenatis tristique. Fusce congue, diam id ornare imperdiet, sapien urna pretium nisl, ut volutpat sapien arcu sed augue. Aliquam erat volutpat. In congue. Etiam justo. Etiam pretium iaculis justo.', 710, 0.14, 16);
insert into books (id, pub_date, is_bestseller, slug, title, image, description, price, discount, author_id) values (308, '2020/09/17', 0, 'book-pmp-149', 'Pulse', 'http://dummyimage.com/409x543.png/5fa2dd/ffffff', 'Suspendisse potenti. Cras in purus eu magna vulputate luctus. Cum sociis natoque penatibus et magnis dis parturient montes, nascetur ridiculus mus. Vivamus vestibulum sagittis sapien. Cum sociis natoque penatibus et magnis dis parturient montes, nascetur ridiculus mus. Etiam vel augue.', 180, 0.06, 19);
insert into books (id, pub_date, is_bestseller, slug, title, image, description, price, discount, author_id) values (309, '2011/06/25', 1, 'book-fdc-125', 'Still Breathing', 'http://dummyimage.com/385x735.png/5fa2dd/ffffff', 'Morbi odio odio, elementum eu, interdum eu, tincidunt in, leo. Maecenas pulvinar lobortis est. Phasellus sit amet erat. Nulla tempus. Vivamus in felis eu sapien cursus vestibulum. Proin eu mi.', 2366, 0.36, 1);
insert into books (id, pub_date, is_bestseller, slug, title, image, description, price, discount, author_id) values (310, '2020/05/21', 1, 'book-mhd-305', 'Shorts', 'http://dummyimage.com/523x711.png/dddddd/000000', 'Nulla mollis molestie lorem. Quisque ut erat. Curabitur gravida nisi at nibh. In hac habitasse platea dictumst. Aliquam augue quam, sollicitudin vitae, consectetuer eget, rutrum at, lorem. Integer tincidunt ante vel ipsum.', 1887, 0.07, 11);
insert into books (id, pub_date, is_bestseller, slug, title, image, description, price, discount, author_id) values (311, '2014/01/30', 1, 'book-dyd-715', 'Major Movie Star', 'http://dummyimage.com/544x369.png/5fa2dd/ffffff', 'Aliquam augue quam, sollicitudin vitae, consectetuer eget, rutrum at, lorem. Integer tincidunt ante vel ipsum. Praesent blandit lacinia erat. Vestibulum sed magna at nunc commodo placerat. Praesent blandit. Nam nulla.', 2258, 0.13, 8);
insert into books (id, pub_date, is_bestseller, slug, title, image, description, price, discount, author_id) values (312, '2016/01/16', 1, 'book-zdb-143', 'Vassilisa the Beautiful (Vasilisa prekrasnaya)', 'http://dummyimage.com/540x774.png/cc0000/ffffff', 'Nulla facilisi. Cras non velit nec nisi vulputate nonummy. Maecenas tincidunt lacus at velit. Vivamus vel nulla eget eros elementum pellentesque. Quisque porta volutpat erat.', 678, 0.16, 15);
insert into books (id, pub_date, is_bestseller, slug, title, image, description, price, discount, author_id) values (313, '2017/04/21', 1, 'book-nam-092', 'What''s New, Pussycat', 'http://dummyimage.com/682x721.png/ff4444/ffffff', 'Integer aliquet, massa id lobortis convallis, tortor risus dapibus augue, vel accumsan tellus nisi eu orci. Mauris lacinia sapien quis libero. Nullam sit amet turpis elementum ligula vehicula consequat. Morbi a ipsum. Integer a nibh.', 1012, 0.27, 20);
insert into books (id, pub_date, is_bestseller, slug, title, image, description, price, discount, author_id) values (314, '2013/10/22', 0, 'book-vlo-869', 'Our Family Wedding', 'http://dummyimage.com/529x571.png/dddddd/000000', 'Maecenas pulvinar lobortis est. Phasellus sit amet erat. Nulla tempus. Vivamus in felis eu sapien cursus vestibulum. Proin eu mi. Nulla ac enim.', 2303, 0.34, 19);
insert into books (id, pub_date, is_bestseller, slug, title, image, description, price, discount, author_id) values (315, '2019/01/30', 1, 'book-geh-862', 'I Am Bruce Lee', 'http://dummyimage.com/723x459.png/5fa2dd/ffffff', 'Aliquam non mauris. Morbi non lectus. Aliquam sit amet diam in magna bibendum imperdiet. Nullam orci pede, venenatis non, sodales sed, tincidunt eu, felis. Fusce posuere felis sed lacus. Morbi sem mauris, laoreet ut, rhoncus aliquet, pulvinar sed, nisl.', 297, 0.23, 15);
insert into books (id, pub_date, is_bestseller, slug, title, image, description, price, discount, author_id) values (316, '2012/06/06', 0, 'book-neb-177', 'Suburbia', 'http://dummyimage.com/666x521.png/ff4444/ffffff', 'Lorem ipsum dolor sit amet, consectetuer adipiscing elit. Proin interdum mauris non ligula pellentesque ultrices. Phasellus id sapien in sapien iaculis congue. Vivamus metus arcu, adipiscing molestie, hendrerit at, vulputate vitae, nisl. Aenean lectus. Pellentesque eget nunc.', 1961, 0.33, 12);
insert into books (id, pub_date, is_bestseller, slug, title, image, description, price, discount, author_id) values (317, '2011/11/05', 0, 'book-zmv-107', '18 Years Old and Rising (J''aime regarder les filles)', 'http://dummyimage.com/423x501.png/5fa2dd/ffffff', 'In hac habitasse platea dictumst. Aliquam augue quam, sollicitudin vitae, consectetuer eget, rutrum at, lorem. Integer tincidunt ante vel ipsum. Praesent blandit lacinia erat. Vestibulum sed magna at nunc commodo placerat.', 427, 0.4, 11);
insert into books (id, pub_date, is_bestseller, slug, title, image, description, price, discount, author_id) values (318, '2014/03/31', 1, 'book-rbm-231', 'If You Don''t Stop It... You''ll Go Blind!!!', 'http://dummyimage.com/550x519.png/5fa2dd/ffffff', 'Nunc nisl. Duis bibendum, felis sed interdum venenatis, turpis enim blandit mi, in porttitor pede justo eu massa. Donec dapibus. Duis at velit eu est congue elementum. In hac habitasse platea dictumst.', 1100, 0.43, 12);
insert into books (id, pub_date, is_bestseller, slug, title, image, description, price, discount, author_id) values (319, '2012/05/24', 0, 'book-kra-661', 'Black Cauldron, The', 'http://dummyimage.com/631x639.png/dddddd/000000', 'Nulla neque libero, convallis eget, eleifend luctus, ultricies eu, nibh. Quisque id justo sit amet sapien dignissim vestibulum. Vestibulum ante ipsum primis in faucibus orci luctus et ultrices posuere cubilia Curae; Nulla dapibus dolor vel est. Donec odio justo, sollicitudin ut, suscipit a, feugiat et, eros. Vestibulum ac est lacinia nisi venenatis tristique.', 1610, 0.46, 21);
insert into books (id, pub_date, is_bestseller, slug, title, image, description, price, discount, author_id) values (320, '2018/06/29', 1, 'book-cqz-131', 'Family Honeymoon', 'http://dummyimage.com/528x539.png/ff4444/ffffff', 'Praesent id massa id nisl venenatis lacinia. Aenean sit amet justo. Morbi ut odio. Cras mi pede, malesuada in, imperdiet et, commodo vulputate, justo. In blandit ultrices enim.', 1370, 0.36, 1);
insert into books (id, pub_date, is_bestseller, slug, title, image, description, price, discount, author_id) values (321, '2018/11/18', 1, 'book-gvy-600', 'House on the Edge of the Park, The (Casa sperduta nel parco, La)', 'http://dummyimage.com/371x736.png/dddddd/000000', 'Donec ut mauris eget massa tempor convallis. Nulla neque libero, convallis eget, eleifend luctus, ultricies eu, nibh. Quisque id justo sit amet sapien dignissim vestibulum. Vestibulum ante ipsum primis in faucibus orci luctus et ultrices posuere cubilia Curae; Nulla dapibus dolor vel est. Donec odio justo, sollicitudin ut, suscipit a, feugiat et, eros.', 678, 0.28, 7);
insert into books (id, pub_date, is_bestseller, slug, title, image, description, price, discount, author_id) values (322, '2011/01/01', 1, 'book-mrv-016', 'Never Talk to Strangers', 'http://dummyimage.com/278x542.png/dddddd/000000', 'Morbi porttitor lorem id ligula. Suspendisse ornare consequat lectus. In est risus, auctor sed, tristique in, tempus sit amet, sem. Fusce consequat. Nulla nisl. Nunc nisl.', 596, 0.23, 9);
insert into books (id, pub_date, is_bestseller, slug, title, image, description, price, discount, author_id) values (323, '2013/09/28', 0, 'book-wdo-732', 'Slipping-Down Life, A', 'http://dummyimage.com/401x738.png/5fa2dd/ffffff', 'In hac habitasse platea dictumst. Aliquam augue quam, sollicitudin vitae, consectetuer eget, rutrum at, lorem. Integer tincidunt ante vel ipsum. Praesent blandit lacinia erat. Vestibulum sed magna at nunc commodo placerat.', 1683, 0.25, 12);
insert into books (id, pub_date, is_bestseller, slug, title, image, description, price, discount, author_id) values (324, '2015/09/02', 1, 'book-yab-192', 'Dream Man', 'http://dummyimage.com/363x585.png/dddddd/000000', 'Proin leo odio, porttitor id, consequat in, consequat ut, nulla. Sed accumsan felis. Ut at dolor quis odio consequat varius. Integer ac leo. Pellentesque ultrices mattis odio.', 1556, 0.15, 11);
insert into books (id, pub_date, is_bestseller, slug, title, image, description, price, discount, author_id) values (325, '2014/07/23', 1, 'book-flb-998', 'No Man''s Land', 'http://dummyimage.com/284x447.png/5fa2dd/ffffff', 'Nunc purus. Phasellus in felis. Donec semper sapien a libero. Nam dui. Proin leo odio, porttitor id, consequat in, consequat ut, nulla.', 1774, 0.14, 16);
insert into books (id, pub_date, is_bestseller, slug, title, image, description, price, discount, author_id) values (326, '2020/10/03', 1, 'book-avt-745', 'Man Who Left His Will on Film, The (Tôkyô sensô sengo hiwa)', 'http://dummyimage.com/345x255.png/5fa2dd/ffffff', 'Suspendisse potenti. Nullam porttitor lacus at turpis. Donec posuere metus vitae ipsum. Aliquam non mauris. Morbi non lectus.', 846, 0.26, 16);
insert into books (id, pub_date, is_bestseller, slug, title, image, description, price, discount, author_id) values (327, '2017/03/30', 1, 'book-twk-073', 'Rich Man''s Wife, The', 'http://dummyimage.com/691x275.png/ff4444/ffffff', 'Nam dui. Proin leo odio, porttitor id, consequat in, consequat ut, nulla. Sed accumsan felis. Ut at dolor quis odio consequat varius. Integer ac leo.', 1256, 0.19, 1);
insert into books (id, pub_date, is_bestseller, slug, title, image, description, price, discount, author_id) values (328, '2014/07/16', 1, 'book-prh-725', 'Sex and Zen (Rou pu Tuan zhi tou Qing bao Jian)', 'http://dummyimage.com/570x289.png/dddddd/000000', 'Curabitur gravida nisi at nibh. In hac habitasse platea dictumst. Aliquam augue quam, sollicitudin vitae, consectetuer eget, rutrum at, lorem. Integer tincidunt ante vel ipsum. Praesent blandit lacinia erat.', 415, 0.44, 6);
insert into books (id, pub_date, is_bestseller, slug, title, image, description, price, discount, author_id) values (329, '2017/02/02', 1, 'book-esk-437', 'Is Anybody There?', 'http://dummyimage.com/770x643.png/dddddd/000000', 'Fusce lacus purus, aliquet at, feugiat non, pretium quis, lectus. Suspendisse potenti. In eleifend quam a odio. In hac habitasse platea dictumst. Maecenas ut massa quis augue luctus tincidunt. Nulla mollis molestie lorem.', 898, 0.14, 5);
insert into books (id, pub_date, is_bestseller, slug, title, image, description, price, discount, author_id) values (330, '2012/09/25', 1, 'book-pjr-857', 'I Want You', 'http://dummyimage.com/777x486.png/ff4444/ffffff', 'Curabitur convallis. Duis consequat dui nec nisi volutpat eleifend. Donec ut dolor. Morbi vel lectus in quam fringilla rhoncus. Mauris enim leo, rhoncus sed, vestibulum sit amet, cursus id, turpis. Integer aliquet, massa id lobortis convallis, tortor risus dapibus augue, vel accumsan tellus nisi eu orci.', 2337, 0.23, 3);
insert into books (id, pub_date, is_bestseller, slug, title, image, description, price, discount, author_id) values (331, '2011/02/26', 1, 'book-jfs-920', 'King of Hearts', 'http://dummyimage.com/700x538.png/5fa2dd/ffffff', 'Suspendisse ornare consequat lectus. In est risus, auctor sed, tristique in, tempus sit amet, sem. Fusce consequat. Nulla nisl. Nunc nisl.', 1529, 0.38, 7);
insert into books (id, pub_date, is_bestseller, slug, title, image, description, price, discount, author_id) values (332, '2013/08/04', 0, 'book-qei-950', 'Lady Eve, The', 'http://dummyimage.com/254x775.png/ff4444/ffffff', 'Integer ac leo. Pellentesque ultrices mattis odio. Donec vitae nisi. Nam ultrices, libero non mattis pulvinar, nulla pede ullamcorper augue, a suscipit nulla elit ac nulla. Sed vel enim sit amet nunc viverra dapibus.', 1714, 0.09, 6);
insert into books (id, pub_date, is_bestseller, slug, title, image, description, price, discount, author_id) values (333, '2014/05/23', 0, 'book-nis-003', 'Cement Garden, The', 'http://dummyimage.com/324x355.png/cc0000/ffffff', 'Nullam molestie nibh in lectus. Pellentesque at nulla. Suspendisse potenti. Cras in purus eu magna vulputate luctus. Cum sociis natoque penatibus et magnis dis parturient montes, nascetur ridiculus mus.', 531, 0.34, 10);
insert into books (id, pub_date, is_bestseller, slug, title, image, description, price, discount, author_id) values (334, '2015/08/24', 0, 'book-zsu-869', 'Night Stalker, The', 'http://dummyimage.com/496x617.png/5fa2dd/ffffff', 'Ut tellus. Nulla ut erat id mauris vulputate elementum. Nullam varius. Nulla facilisi. Cras non velit nec nisi vulputate nonummy. Maecenas tincidunt lacus at velit.', 595, 0.23, 17);
insert into books (id, pub_date, is_bestseller, slug, title, image, description, price, discount, author_id) values (335, '2020/08/29', 1, 'book-itp-001', 'Shoot First, Die Later', 'http://dummyimage.com/454x546.png/dddddd/000000', 'Proin leo odio, porttitor id, consequat in, consequat ut, nulla. Sed accumsan felis. Ut at dolor quis odio consequat varius. Integer ac leo. Pellentesque ultrices mattis odio. Donec vitae nisi.', 529, 0.07, 2);
insert into books (id, pub_date, is_bestseller, slug, title, image, description, price, discount, author_id) values (336, '2017/05/02', 0, 'book-wfy-939', 'Robin Hood', 'http://dummyimage.com/669x581.png/dddddd/000000', 'Donec odio justo, sollicitudin ut, suscipit a, feugiat et, eros. Vestibulum ac est lacinia nisi venenatis tristique. Fusce congue, diam id ornare imperdiet, sapien urna pretium nisl, ut volutpat sapien arcu sed augue. Aliquam erat volutpat. In congue.', 1804, 0.37, 14);
insert into books (id, pub_date, is_bestseller, slug, title, image, description, price, discount, author_id) values (337, '2016/11/24', 0, 'book-orm-484', 'Darby O''Gill and the Little People', 'http://dummyimage.com/585x569.png/5fa2dd/ffffff', 'Duis bibendum. Morbi non quam nec dui luctus rutrum. Nulla tellus. In sagittis dui vel nisl. Duis ac nibh.', 906, 0.24, 12);
insert into books (id, pub_date, is_bestseller, slug, title, image, description, price, discount, author_id) values (338, '2013/12/31', 1, 'book-dcr-035', 'Breakfast of Champions', 'http://dummyimage.com/608x525.png/ff4444/ffffff', 'Fusce congue, diam id ornare imperdiet, sapien urna pretium nisl, ut volutpat sapien arcu sed augue. Aliquam erat volutpat. In congue. Etiam justo. Etiam pretium iaculis justo. In hac habitasse platea dictumst.', 2246, 0.09, 2);
insert into books (id, pub_date, is_bestseller, slug, title, image, description, price, discount, author_id) values (339, '2016/08/31', 0, 'book-bup-098', 'Amish Grace', 'http://dummyimage.com/298x671.png/ff4444/ffffff', 'Cras in purus eu magna vulputate luctus. Cum sociis natoque penatibus et magnis dis parturient montes, nascetur ridiculus mus. Vivamus vestibulum sagittis sapien. Cum sociis natoque penatibus et magnis dis parturient montes, nascetur ridiculus mus. Etiam vel augue.', 1601, 0.22, 11);
insert into books (id, pub_date, is_bestseller, slug, title, image, description, price, discount, author_id) values (340, '2015/12/06', 0, 'book-xxj-851', 'Come See the Paradise', 'http://dummyimage.com/301x521.png/5fa2dd/ffffff', 'Integer a nibh. In quis justo. Maecenas rhoncus aliquam lacus. Morbi quis tortor id nulla ultrices aliquet. Maecenas leo odio, condimentum id, luctus nec, molestie sed, justo.', 2162, 0.38, 8);
insert into books (id, pub_date, is_bestseller, slug, title, image, description, price, discount, author_id) values (341, '2011/09/07', 0, 'book-bah-907', 'Streaks, The (Pregi)', 'http://dummyimage.com/497x705.png/dddddd/000000', 'Aenean lectus. Pellentesque eget nunc. Donec quis orci eget orci vehicula condimentum. Curabitur in libero ut massa volutpat convallis. Morbi odio odio, elementum eu, interdum eu, tincidunt in, leo.', 1339, 0.25, 3);
insert into books (id, pub_date, is_bestseller, slug, title, image, description, price, discount, author_id) values (342, '2019/01/17', 0, 'book-lek-852', 'If I Want to Whistle, I Whistle (Eu cand vreau sa fluier, fluier)', 'http://dummyimage.com/567x781.png/cc0000/ffffff', 'Duis bibendum, felis sed interdum venenatis, turpis enim blandit mi, in porttitor pede justo eu massa. Donec dapibus. Duis at velit eu est congue elementum. In hac habitasse platea dictumst. Morbi vestibulum, velit id pretium iaculis, diam erat fermentum justo, nec condimentum neque sapien placerat ante. Nulla justo.', 1346, 0.32, 5);
insert into books (id, pub_date, is_bestseller, slug, title, image, description, price, discount, author_id) values (343, '2011/06/21', 0, 'book-bue-157', 'Back to the Secret Garden', 'http://dummyimage.com/338x684.png/dddddd/000000', 'Cras non velit nec nisi vulputate nonummy. Maecenas tincidunt lacus at velit. Vivamus vel nulla eget eros elementum pellentesque. Quisque porta volutpat erat. Quisque erat eros, viverra eget, congue eget, semper rutrum, nulla.', 2039, 0.48, 12);
insert into books (id, pub_date, is_bestseller, slug, title, image, description, price, discount, author_id) values (344, '2019/12/20', 1, 'book-jbd-648', 'Tyrannosaur', 'http://dummyimage.com/526x567.png/dddddd/000000', 'Vestibulum quam sapien, varius ut, blandit non, interdum in, ante. Vestibulum ante ipsum primis in faucibus orci luctus et ultrices posuere cubilia Curae; Duis faucibus accumsan odio. Curabitur convallis. Duis consequat dui nec nisi volutpat eleifend. Donec ut dolor.', 1935, 0.11, 9);
insert into books (id, pub_date, is_bestseller, slug, title, image, description, price, discount, author_id) values (345, '2014/09/10', 1, 'book-lwz-571', 'Ghoulies IV', 'http://dummyimage.com/677x799.png/5fa2dd/ffffff', 'In congue. Etiam justo. Etiam pretium iaculis justo. In hac habitasse platea dictumst. Etiam faucibus cursus urna. Ut tellus.', 296, 0.22, 20);
insert into books (id, pub_date, is_bestseller, slug, title, image, description, price, discount, author_id) values (346, '2018/12/15', 0, 'book-cst-695', 'Tale of Ham and Passion, A (Jamón, Jamón)', 'http://dummyimage.com/254x776.png/cc0000/ffffff', 'Suspendisse accumsan tortor quis turpis. Sed ante. Vivamus tortor. Duis mattis egestas metus. Aenean fermentum.', 1407, 0.31, 21);
insert into books (id, pub_date, is_bestseller, slug, title, image, description, price, discount, author_id) values (347, '2017/12/04', 0, 'book-skf-886', 'Manufacturing Consent: Noam Chomsky and the Media', 'http://dummyimage.com/691x360.png/ff4444/ffffff', 'Suspendisse potenti. Cras in purus eu magna vulputate luctus. Cum sociis natoque penatibus et magnis dis parturient montes, nascetur ridiculus mus. Vivamus vestibulum sagittis sapien. Cum sociis natoque penatibus et magnis dis parturient montes, nascetur ridiculus mus.', 314, 0.27, 2);
insert into books (id, pub_date, is_bestseller, slug, title, image, description, price, discount, author_id) values (348, '2015/09/23', 1, 'book-ufn-226', 'Jesus liebt mich', 'http://dummyimage.com/691x376.png/ff4444/ffffff', 'Morbi quis tortor id nulla ultrices aliquet. Maecenas leo odio, condimentum id, luctus nec, molestie sed, justo. Pellentesque viverra pede ac diam. Cras pellentesque volutpat dui. Maecenas tristique, est et tempus semper, est quam pharetra magna, ac consequat metus sapien ut nunc. Vestibulum ante ipsum primis in faucibus orci luctus et ultrices posuere cubilia Curae; Mauris viverra diam vitae quam.', 170, 0.18, 7);
insert into books (id, pub_date, is_bestseller, slug, title, image, description, price, discount, author_id) values (349, '2012/05/04', 1, 'book-cdp-812', 'Salaam Bombay!', 'http://dummyimage.com/482x424.png/ff4444/ffffff', 'Etiam pretium iaculis justo. In hac habitasse platea dictumst. Etiam faucibus cursus urna. Ut tellus. Nulla ut erat id mauris vulputate elementum.', 1153, 0.36, 20);
insert into books (id, pub_date, is_bestseller, slug, title, image, description, price, discount, author_id) values (350, '2016/10/06', 1, 'book-gwq-918', 'I''ll Sleep When I''m Dead', 'http://dummyimage.com/250x288.png/5fa2dd/ffffff', 'In hac habitasse platea dictumst. Aliquam augue quam, sollicitudin vitae, consectetuer eget, rutrum at, lorem. Integer tincidunt ante vel ipsum. Praesent blandit lacinia erat. Vestibulum sed magna at nunc commodo placerat.', 277, 0.26, 9);
insert into books (id, pub_date, is_bestseller, slug, title, image, description, price, discount, author_id) values (351, '2018/09/28', 0, 'book-khj-670', 'Track of the Cat', 'http://dummyimage.com/652x653.png/ff4444/ffffff', 'Integer aliquet, massa id lobortis convallis, tortor risus dapibus augue, vel accumsan tellus nisi eu orci. Mauris lacinia sapien quis libero. Nullam sit amet turpis elementum ligula vehicula consequat. Morbi a ipsum. Integer a nibh. In quis justo.', 938, 0.27, 8);
insert into books (id, pub_date, is_bestseller, slug, title, image, description, price, discount, author_id) values (352, '2011/02/25', 1, 'book-ibm-161', 'Castaway on the Moon (Kimssi pyoryugi)', 'http://dummyimage.com/386x669.png/ff4444/ffffff', 'Cras in purus eu magna vulputate luctus. Cum sociis natoque penatibus et magnis dis parturient montes, nascetur ridiculus mus. Vivamus vestibulum sagittis sapien. Cum sociis natoque penatibus et magnis dis parturient montes, nascetur ridiculus mus. Etiam vel augue. Vestibulum rutrum rutrum neque.', 2016, 0.07, 3);
insert into books (id, pub_date, is_bestseller, slug, title, image, description, price, discount, author_id) values (353, '2017/04/01', 1, 'book-rnn-520', 'Silent Night', 'http://dummyimage.com/575x765.png/cc0000/ffffff', 'Ut tellus. Nulla ut erat id mauris vulputate elementum. Nullam varius. Nulla facilisi. Cras non velit nec nisi vulputate nonummy.', 2482, 0.24, 3);
insert into books (id, pub_date, is_bestseller, slug, title, image, description, price, discount, author_id) values (354, '2020/10/22', 0, 'book-arx-121', 'Larry the Cable Guy: Health Inspector', 'http://dummyimage.com/570x379.png/dddddd/000000', 'Integer tincidunt ante vel ipsum. Praesent blandit lacinia erat. Vestibulum sed magna at nunc commodo placerat. Praesent blandit. Nam nulla.', 1782, 0.27, 18);
insert into books (id, pub_date, is_bestseller, slug, title, image, description, price, discount, author_id) values (355, '2015/07/07', 0, 'book-dps-344', 'American Flyers', 'http://dummyimage.com/475x313.png/cc0000/ffffff', 'In hac habitasse platea dictumst. Maecenas ut massa quis augue luctus tincidunt. Nulla mollis molestie lorem. Quisque ut erat. Curabitur gravida nisi at nibh. In hac habitasse platea dictumst.', 133, 0.06, 7);
insert into books (id, pub_date, is_bestseller, slug, title, image, description, price, discount, author_id) values (356, '2011/02/07', 1, 'book-fnc-380', 'Greed', 'http://dummyimage.com/338x559.png/ff4444/ffffff', 'Lorem ipsum dolor sit amet, consectetuer adipiscing elit. Proin risus. Praesent lectus. Vestibulum quam sapien, varius ut, blandit non, interdum in, ante. Vestibulum ante ipsum primis in faucibus orci luctus et ultrices posuere cubilia Curae; Duis faucibus accumsan odio. Curabitur convallis.', 2151, 0.31, 18);
insert into books (id, pub_date, is_bestseller, slug, title, image, description, price, discount, author_id) values (357, '2013/10/26', 1, 'book-dez-591', 'A Home at the End of the World', 'http://dummyimage.com/252x764.png/cc0000/ffffff', 'Etiam faucibus cursus urna. Ut tellus. Nulla ut erat id mauris vulputate elementum. Nullam varius. Nulla facilisi.', 405, 0.48, 9);
insert into books (id, pub_date, is_bestseller, slug, title, image, description, price, discount, author_id) values (358, '2017/06/15', 1, 'book-ceo-019', 'Sweet Bird of Youth', 'http://dummyimage.com/533x618.png/5fa2dd/ffffff', 'In quis justo. Maecenas rhoncus aliquam lacus. Morbi quis tortor id nulla ultrices aliquet. Maecenas leo odio, condimentum id, luctus nec, molestie sed, justo. Pellentesque viverra pede ac diam.', 1220, 0.22, 18);
insert into books (id, pub_date, is_bestseller, slug, title, image, description, price, discount, author_id) values (359, '2013/11/11', 1, 'book-zbp-127', 'Death and Cremation', 'http://dummyimage.com/593x766.png/cc0000/ffffff', 'Fusce consequat. Nulla nisl. Nunc nisl. Duis bibendum, felis sed interdum venenatis, turpis enim blandit mi, in porttitor pede justo eu massa. Donec dapibus.', 457, 0.14, 20);
insert into books (id, pub_date, is_bestseller, slug, title, image, description, price, discount, author_id) values (360, '2017/03/16', 0, 'book-axo-285', 'Five Minutes to Live', 'http://dummyimage.com/420x767.png/ff4444/ffffff', 'Nam ultrices, libero non mattis pulvinar, nulla pede ullamcorper augue, a suscipit nulla elit ac nulla. Sed vel enim sit amet nunc viverra dapibus. Nulla suscipit ligula in lacus. Curabitur at ipsum ac tellus semper interdum. Mauris ullamcorper purus sit amet nulla.', 1576, 0.13, 15);
insert into books (id, pub_date, is_bestseller, slug, title, image, description, price, discount, author_id) values (361, '2011/09/22', 1, 'book-qla-118', 'Ghost Dog: The Way of the Samurai', 'http://dummyimage.com/717x392.png/ff4444/ffffff', 'In eleifend quam a odio. In hac habitasse platea dictumst. Maecenas ut massa quis augue luctus tincidunt. Nulla mollis molestie lorem. Quisque ut erat. Curabitur gravida nisi at nibh.', 1254, 0.05, 21);
insert into books (id, pub_date, is_bestseller, slug, title, image, description, price, discount, author_id) values (362, '2012/06/28', 1, 'book-knx-864', 'Baxter', 'http://dummyimage.com/583x288.png/cc0000/ffffff', 'Phasellus in felis. Donec semper sapien a libero. Nam dui. Proin leo odio, porttitor id, consequat in, consequat ut, nulla. Sed accumsan felis. Ut at dolor quis odio consequat varius.', 1302, 0.41, 10);
insert into books (id, pub_date, is_bestseller, slug, title, image, description, price, discount, author_id) values (363, '2019/01/18', 0, 'book-dal-089', 'Burnt Money (Plata Quemada)', 'http://dummyimage.com/308x689.png/ff4444/ffffff', 'Maecenas rhoncus aliquam lacus. Morbi quis tortor id nulla ultrices aliquet. Maecenas leo odio, condimentum id, luctus nec, molestie sed, justo. Pellentesque viverra pede ac diam. Cras pellentesque volutpat dui.', 2386, 0.5, 6);
insert into books (id, pub_date, is_bestseller, slug, title, image, description, price, discount, author_id) values (364, '2017/04/14', 1, 'book-wje-323', 'Constant Gardener, The', 'http://dummyimage.com/339x732.png/5fa2dd/ffffff', 'Quisque porta volutpat erat. Quisque erat eros, viverra eget, congue eget, semper rutrum, nulla. Nunc purus. Phasellus in felis. Donec semper sapien a libero.', 635, 0.34, 19);
insert into books (id, pub_date, is_bestseller, slug, title, image, description, price, discount, author_id) values (365, '2016/09/09', 0, 'book-dmt-509', 'Woman Is the Future of Man (Yeojaneun namjaui miraeda)', 'http://dummyimage.com/484x298.png/ff4444/ffffff', 'Vestibulum ante ipsum primis in faucibus orci luctus et ultrices posuere cubilia Curae; Duis faucibus accumsan odio. Curabitur convallis. Duis consequat dui nec nisi volutpat eleifend. Donec ut dolor. Morbi vel lectus in quam fringilla rhoncus. Mauris enim leo, rhoncus sed, vestibulum sit amet, cursus id, turpis.', 1468, 0.43, 9);
insert into books (id, pub_date, is_bestseller, slug, title, image, description, price, discount, author_id) values (366, '2020/06/24', 1, 'book-tqo-737', 'RoboCop', 'http://dummyimage.com/555x552.png/dddddd/000000', 'Vestibulum ante ipsum primis in faucibus orci luctus et ultrices posuere cubilia Curae; Donec pharetra, magna vestibulum aliquet ultrices, erat tortor sollicitudin mi, sit amet lobortis sapien sapien non mi. Integer ac neque. Duis bibendum. Morbi non quam nec dui luctus rutrum. Nulla tellus.', 1283, 0.38, 9);
insert into books (id, pub_date, is_bestseller, slug, title, image, description, price, discount, author_id) values (367, '2020/11/01', 0, 'book-hvz-958', 'Chiedimi se sono felice', 'http://dummyimage.com/278x555.png/5fa2dd/ffffff', 'Aliquam erat volutpat. In congue. Etiam justo. Etiam pretium iaculis justo. In hac habitasse platea dictumst.', 1840, 0.45, 8);
insert into books (id, pub_date, is_bestseller, slug, title, image, description, price, discount, author_id) values (368, '2011/05/15', 1, 'book-clp-397', 'Borrowers, The', 'http://dummyimage.com/707x505.png/dddddd/000000', 'Aliquam sit amet diam in magna bibendum imperdiet. Nullam orci pede, venenatis non, sodales sed, tincidunt eu, felis. Fusce posuere felis sed lacus. Morbi sem mauris, laoreet ut, rhoncus aliquet, pulvinar sed, nisl. Nunc rhoncus dui vel sem.', 694, 0.45, 19);
insert into books (id, pub_date, is_bestseller, slug, title, image, description, price, discount, author_id) values (369, '2012/09/08', 1, 'book-kfn-625', 'Deliver Us from Evil', 'http://dummyimage.com/398x473.png/5fa2dd/ffffff', 'Donec vitae nisi. Nam ultrices, libero non mattis pulvinar, nulla pede ullamcorper augue, a suscipit nulla elit ac nulla. Sed vel enim sit amet nunc viverra dapibus. Nulla suscipit ligula in lacus. Curabitur at ipsum ac tellus semper interdum. Mauris ullamcorper purus sit amet nulla.', 1688, 0.43, 9);
insert into books (id, pub_date, is_bestseller, slug, title, image, description, price, discount, author_id) values (370, '2020/01/06', 0, 'book-iwj-630', 'French Cancan', 'http://dummyimage.com/292x568.png/5fa2dd/ffffff', 'Nulla tempus. Vivamus in felis eu sapien cursus vestibulum. Proin eu mi. Nulla ac enim. In tempor, turpis nec euismod scelerisque, quam turpis adipiscing lorem, vitae mattis nibh ligula nec sem. Duis aliquam convallis nunc.', 1762, 0.43, 18);
insert into books (id, pub_date, is_bestseller, slug, title, image, description, price, discount, author_id) values (371, '2014/01/16', 1, 'book-pos-930', 'Black Girl (La noire de...)', 'http://dummyimage.com/452x659.png/dddddd/000000', 'Nulla tellus. In sagittis dui vel nisl. Duis ac nibh. Fusce lacus purus, aliquet at, feugiat non, pretium quis, lectus. Suspendisse potenti. In eleifend quam a odio.', 214, 0.09, 13);
insert into books (id, pub_date, is_bestseller, slug, title, image, description, price, discount, author_id) values (372, '2012/01/16', 0, 'book-txw-023', 'Camp de Thiaroye', 'http://dummyimage.com/583x453.png/dddddd/000000', 'Cras mi pede, malesuada in, imperdiet et, commodo vulputate, justo. In blandit ultrices enim. Lorem ipsum dolor sit amet, consectetuer adipiscing elit. Proin interdum mauris non ligula pellentesque ultrices. Phasellus id sapien in sapien iaculis congue. Vivamus metus arcu, adipiscing molestie, hendrerit at, vulputate vitae, nisl.', 234, 0.21, 14);
insert into books (id, pub_date, is_bestseller, slug, title, image, description, price, discount, author_id) values (373, '2015/05/06', 0, 'book-zgj-489', 'Thoroughly Modern Millie', 'http://dummyimage.com/263x613.png/dddddd/000000', 'Nam dui. Proin leo odio, porttitor id, consequat in, consequat ut, nulla. Sed accumsan felis. Ut at dolor quis odio consequat varius. Integer ac leo.', 1235, 0.1, 12);
insert into books (id, pub_date, is_bestseller, slug, title, image, description, price, discount, author_id) values (374, '2018/02/04', 1, 'book-uaw-507', 'Spring is Here', 'http://dummyimage.com/512x558.png/5fa2dd/ffffff', 'In sagittis dui vel nisl. Duis ac nibh. Fusce lacus purus, aliquet at, feugiat non, pretium quis, lectus. Suspendisse potenti. In eleifend quam a odio.', 1531, 0.38, 1);
insert into books (id, pub_date, is_bestseller, slug, title, image, description, price, discount, author_id) values (375, '2020/08/27', 0, 'book-gjm-053', 'Another Cinderella Story', 'http://dummyimage.com/356x371.png/cc0000/ffffff', 'Morbi vel lectus in quam fringilla rhoncus. Mauris enim leo, rhoncus sed, vestibulum sit amet, cursus id, turpis. Integer aliquet, massa id lobortis convallis, tortor risus dapibus augue, vel accumsan tellus nisi eu orci. Mauris lacinia sapien quis libero. Nullam sit amet turpis elementum ligula vehicula consequat.', 2451, 0.44, 14);
insert into books (id, pub_date, is_bestseller, slug, title, image, description, price, discount, author_id) values (376, '2016/12/28', 0, 'book-ubv-447', 'Red', 'http://dummyimage.com/566x754.png/ff4444/ffffff', 'Nunc purus. Phasellus in felis. Donec semper sapien a libero. Nam dui. Proin leo odio, porttitor id, consequat in, consequat ut, nulla.', 1694, 0.3, 4);
insert into books (id, pub_date, is_bestseller, slug, title, image, description, price, discount, author_id) values (377, '2016/07/21', 1, 'book-wur-353', 'Scapegoat, The', 'http://dummyimage.com/736x332.png/ff4444/ffffff', 'Aliquam augue quam, sollicitudin vitae, consectetuer eget, rutrum at, lorem. Integer tincidunt ante vel ipsum. Praesent blandit lacinia erat. Vestibulum sed magna at nunc commodo placerat. Praesent blandit. Nam nulla.', 2300, 0.14, 11);
insert into books (id, pub_date, is_bestseller, slug, title, image, description, price, discount, author_id) values (378, '2017/11/28', 1, 'book-dyo-600', 'Bis zum Ellenbogen', 'http://dummyimage.com/370x666.png/cc0000/ffffff', 'Aliquam quis turpis eget elit sodales scelerisque. Mauris sit amet eros. Suspendisse accumsan tortor quis turpis. Sed ante. Vivamus tortor.', 1523, 0.47, 20);
insert into books (id, pub_date, is_bestseller, slug, title, image, description, price, discount, author_id) values (379, '2012/05/10', 0, 'book-zif-081', 'Joker Is Wild, The (All the Way)', 'http://dummyimage.com/655x722.png/5fa2dd/ffffff', 'Maecenas ut massa quis augue luctus tincidunt. Nulla mollis molestie lorem. Quisque ut erat. Curabitur gravida nisi at nibh. In hac habitasse platea dictumst. Aliquam augue quam, sollicitudin vitae, consectetuer eget, rutrum at, lorem.', 1145, 0.23, 6);
insert into books (id, pub_date, is_bestseller, slug, title, image, description, price, discount, author_id) values (380, '2015/05/02', 1, 'book-jkb-210', 'Miss Sadie Thompson', 'http://dummyimage.com/343x303.png/5fa2dd/ffffff', 'Aliquam non mauris. Morbi non lectus. Aliquam sit amet diam in magna bibendum imperdiet. Nullam orci pede, venenatis non, sodales sed, tincidunt eu, felis. Fusce posuere felis sed lacus. Morbi sem mauris, laoreet ut, rhoncus aliquet, pulvinar sed, nisl.', 322, 0.11, 9);
insert into books (id, pub_date, is_bestseller, slug, title, image, description, price, discount, author_id) values (381, '2015/10/20', 1, 'book-tvr-306', 'Happy New Year (La Bonne Année)', 'http://dummyimage.com/443x456.png/dddddd/000000', 'Sed vel enim sit amet nunc viverra dapibus. Nulla suscipit ligula in lacus. Curabitur at ipsum ac tellus semper interdum. Mauris ullamcorper purus sit amet nulla. Quisque arcu libero, rutrum ac, lobortis vel, dapibus at, diam.', 1803, 0.24, 16);
insert into books (id, pub_date, is_bestseller, slug, title, image, description, price, discount, author_id) values (382, '2014/02/20', 0, 'book-gcp-478', 'Twin Sisters (De tweeling)', 'http://dummyimage.com/645x633.png/ff4444/ffffff', 'Maecenas tristique, est et tempus semper, est quam pharetra magna, ac consequat metus sapien ut nunc. Vestibulum ante ipsum primis in faucibus orci luctus et ultrices posuere cubilia Curae; Mauris viverra diam vitae quam. Suspendisse potenti. Nullam porttitor lacus at turpis. Donec posuere metus vitae ipsum.', 2235, 0.32, 5);
insert into books (id, pub_date, is_bestseller, slug, title, image, description, price, discount, author_id) values (383, '2016/02/02', 1, 'book-zua-926', 'Kevin Smith: Too Fat For 40', 'http://dummyimage.com/481x700.png/ff4444/ffffff', 'Vestibulum quam sapien, varius ut, blandit non, interdum in, ante. Vestibulum ante ipsum primis in faucibus orci luctus et ultrices posuere cubilia Curae; Duis faucibus accumsan odio. Curabitur convallis. Duis consequat dui nec nisi volutpat eleifend. Donec ut dolor. Morbi vel lectus in quam fringilla rhoncus.', 1714, 0.4, 9);
insert into books (id, pub_date, is_bestseller, slug, title, image, description, price, discount, author_id) values (384, '2020/02/19', 1, 'book-xwd-933', 'Anchorman: The Legend of Ron Burgundy', 'http://dummyimage.com/677x318.png/cc0000/ffffff', 'Cum sociis natoque penatibus et magnis dis parturient montes, nascetur ridiculus mus. Etiam vel augue. Vestibulum rutrum rutrum neque. Aenean auctor gravida sem. Praesent id massa id nisl venenatis lacinia. Aenean sit amet justo.', 627, 0.17, 3);
insert into books (id, pub_date, is_bestseller, slug, title, image, description, price, discount, author_id) values (385, '2018/07/26', 1, 'book-gpp-601', 'Lost Angels', 'http://dummyimage.com/256x541.png/ff4444/ffffff', 'Quisque porta volutpat erat. Quisque erat eros, viverra eget, congue eget, semper rutrum, nulla. Nunc purus. Phasellus in felis. Donec semper sapien a libero.', 700, 0.35, 6);
insert into books (id, pub_date, is_bestseller, slug, title, image, description, price, discount, author_id) values (386, '2012/01/04', 0, 'book-teu-429', 'Mr. Jones', 'http://dummyimage.com/481x776.png/5fa2dd/ffffff', 'Nullam molestie nibh in lectus. Pellentesque at nulla. Suspendisse potenti. Cras in purus eu magna vulputate luctus. Cum sociis natoque penatibus et magnis dis parturient montes, nascetur ridiculus mus.', 1899, 0.07, 7);
insert into books (id, pub_date, is_bestseller, slug, title, image, description, price, discount, author_id) values (387, '2017/04/18', 0, 'book-pcw-626', 'American Boy: A Profile of: Steven Prince', 'http://dummyimage.com/278x459.png/5fa2dd/ffffff', 'Donec posuere metus vitae ipsum. Aliquam non mauris. Morbi non lectus. Aliquam sit amet diam in magna bibendum imperdiet. Nullam orci pede, venenatis non, sodales sed, tincidunt eu, felis. Fusce posuere felis sed lacus.', 2191, 0.47, 18);
insert into books (id, pub_date, is_bestseller, slug, title, image, description, price, discount, author_id) values (388, '2019/11/17', 1, 'book-yqn-507', 'Kung Fu Panda', 'http://dummyimage.com/374x536.png/cc0000/ffffff', 'Nulla ac enim. In tempor, turpis nec euismod scelerisque, quam turpis adipiscing lorem, vitae mattis nibh ligula nec sem. Duis aliquam convallis nunc. Proin at turpis a pede posuere nonummy. Integer non velit. Donec diam neque, vestibulum eget, vulputate ut, ultrices vel, augue.', 1687, 0.22, 17);
insert into books (id, pub_date, is_bestseller, slug, title, image, description, price, discount, author_id) values (389, '2017/05/23', 0, 'book-xpj-510', 'Big Sky, The', 'http://dummyimage.com/282x507.png/cc0000/ffffff', 'Integer ac leo. Pellentesque ultrices mattis odio. Donec vitae nisi. Nam ultrices, libero non mattis pulvinar, nulla pede ullamcorper augue, a suscipit nulla elit ac nulla. Sed vel enim sit amet nunc viverra dapibus.', 1949, 0.24, 1);
insert into books (id, pub_date, is_bestseller, slug, title, image, description, price, discount, author_id) values (390, '2015/04/25', 0, 'book-rfh-097', 'Border, The', 'http://dummyimage.com/338x359.png/dddddd/000000', 'Proin interdum mauris non ligula pellentesque ultrices. Phasellus id sapien in sapien iaculis congue. Vivamus metus arcu, adipiscing molestie, hendrerit at, vulputate vitae, nisl. Aenean lectus. Pellentesque eget nunc. Donec quis orci eget orci vehicula condimentum.', 1009, 0.08, 11);
insert into books (id, pub_date, is_bestseller, slug, title, image, description, price, discount, author_id) values (391, '2015/08/10', 0, 'book-wln-123', 'Full Metal Jacket', 'http://dummyimage.com/352x785.png/ff4444/ffffff', 'Vestibulum rutrum rutrum neque. Aenean auctor gravida sem. Praesent id massa id nisl venenatis lacinia. Aenean sit amet justo. Morbi ut odio. Cras mi pede, malesuada in, imperdiet et, commodo vulputate, justo.', 960, 0.05, 8);
insert into books (id, pub_date, is_bestseller, slug, title, image, description, price, discount, author_id) values (392, '2016/04/23', 0, 'book-txq-308', 'That Sugar Film', 'http://dummyimage.com/755x741.png/dddddd/000000', 'Proin eu mi. Nulla ac enim. In tempor, turpis nec euismod scelerisque, quam turpis adipiscing lorem, vitae mattis nibh ligula nec sem. Duis aliquam convallis nunc. Proin at turpis a pede posuere nonummy.', 1736, 0.42, 2);
insert into books (id, pub_date, is_bestseller, slug, title, image, description, price, discount, author_id) values (393, '2018/08/23', 1, 'book-nvl-303', 'Last Run, The', 'http://dummyimage.com/491x496.png/dddddd/000000', 'Integer ac leo. Pellentesque ultrices mattis odio. Donec vitae nisi. Nam ultrices, libero non mattis pulvinar, nulla pede ullamcorper augue, a suscipit nulla elit ac nulla. Sed vel enim sit amet nunc viverra dapibus. Nulla suscipit ligula in lacus.', 1400, 0.43, 5);
insert into books (id, pub_date, is_bestseller, slug, title, image, description, price, discount, author_id) values (394, '2012/06/25', 0, 'book-uni-320', 'Hand, The (Ruka)', 'http://dummyimage.com/333x260.png/5fa2dd/ffffff', 'Nullam orci pede, venenatis non, sodales sed, tincidunt eu, felis. Fusce posuere felis sed lacus. Morbi sem mauris, laoreet ut, rhoncus aliquet, pulvinar sed, nisl. Nunc rhoncus dui vel sem. Sed sagittis. Nam congue, risus semper porta volutpat, quam pede lobortis ligula, sit amet eleifend pede libero quis orci.', 408, 0.49, 12);
insert into books (id, pub_date, is_bestseller, slug, title, image, description, price, discount, author_id) values (395, '2019/08/16', 1, 'book-vsc-218', 'Bothersome Man, The (Brysomme mannen, Den)', 'http://dummyimage.com/346x301.png/cc0000/ffffff', 'Etiam faucibus cursus urna. Ut tellus. Nulla ut erat id mauris vulputate elementum. Nullam varius. Nulla facilisi.', 2323, 0.11, 2);
insert into books (id, pub_date, is_bestseller, slug, title, image, description, price, discount, author_id) values (396, '2019/10/04', 0, 'book-mqz-533', 'Sex Lives of the Potato Men', 'http://dummyimage.com/727x506.png/5fa2dd/ffffff', 'Nam congue, risus semper porta volutpat, quam pede lobortis ligula, sit amet eleifend pede libero quis orci. Nullam molestie nibh in lectus. Pellentesque at nulla. Suspendisse potenti. Cras in purus eu magna vulputate luctus.', 1158, 0.29, 14);
insert into books (id, pub_date, is_bestseller, slug, title, image, description, price, discount, author_id) values (397, '2020/10/20', 0, 'book-kqx-729', 'Civil Brand', 'http://dummyimage.com/703x347.png/5fa2dd/ffffff', 'Nulla justo. Aliquam quis turpis eget elit sodales scelerisque. Mauris sit amet eros. Suspendisse accumsan tortor quis turpis. Sed ante.', 2474, 0.16, 15);
insert into books (id, pub_date, is_bestseller, slug, title, image, description, price, discount, author_id) values (398, '2015/12/30', 0, 'book-xjb-196', 'Red Spectacles, The (Jigoku no banken: akai megane)', 'http://dummyimage.com/691x399.png/cc0000/ffffff', 'Nulla ut erat id mauris vulputate elementum. Nullam varius. Nulla facilisi. Cras non velit nec nisi vulputate nonummy. Maecenas tincidunt lacus at velit.', 472, 0.13, 6);
insert into books (id, pub_date, is_bestseller, slug, title, image, description, price, discount, author_id) values (399, '2019/12/15', 0, 'book-sbd-325', 'State of Play', 'http://dummyimage.com/495x282.png/ff4444/ffffff', 'Maecenas pulvinar lobortis est. Phasellus sit amet erat. Nulla tempus. Vivamus in felis eu sapien cursus vestibulum. Proin eu mi. Nulla ac enim.', 2248, 0.41, 5);
insert into books (id, pub_date, is_bestseller, slug, title, image, description, price, discount, author_id) values (400, '2013/03/19', 1, 'book-gay-474', 'Night and the City', 'http://dummyimage.com/692x795.png/dddddd/000000', 'Morbi non quam nec dui luctus rutrum. Nulla tellus. In sagittis dui vel nisl. Duis ac nibh. Fusce lacus purus, aliquet at, feugiat non, pretium quis, lectus.', 1249, 0.48, 2);
insert into books (id, pub_date, is_bestseller, slug, title, image, description, price, discount, author_id) values (401, '2015/01/30', 1, 'book-rgj-085', 'Exit to Eden', 'http://dummyimage.com/390x685.png/ff4444/ffffff', 'Mauris sit amet eros. Suspendisse accumsan tortor quis turpis. Sed ante. Vivamus tortor. Duis mattis egestas metus. Aenean fermentum.', 1109, 0.27, 21);
insert into books (id, pub_date, is_bestseller, slug, title, image, description, price, discount, author_id) values (402, '2016/10/29', 0, 'book-sga-626', 'Honkytonk Man', 'http://dummyimage.com/697x420.png/5fa2dd/ffffff', 'Proin interdum mauris non ligula pellentesque ultrices. Phasellus id sapien in sapien iaculis congue. Vivamus metus arcu, adipiscing molestie, hendrerit at, vulputate vitae, nisl. Aenean lectus. Pellentesque eget nunc.', 1004, 0.39, 15);
insert into books (id, pub_date, is_bestseller, slug, title, image, description, price, discount, author_id) values (403, '2018/12/28', 0, 'book-loj-925', 'Girl, The (Flickan)', 'http://dummyimage.com/575x447.png/5fa2dd/ffffff', 'Cum sociis natoque penatibus et magnis dis parturient montes, nascetur ridiculus mus. Etiam vel augue. Vestibulum rutrum rutrum neque. Aenean auctor gravida sem. Praesent id massa id nisl venenatis lacinia.', 2297, 0.23, 19);
insert into books (id, pub_date, is_bestseller, slug, title, image, description, price, discount, author_id) values (404, '2015/01/29', 0, 'book-ljn-534', 'À propos de Nice', 'http://dummyimage.com/440x331.png/cc0000/ffffff', 'Ut tellus. Nulla ut erat id mauris vulputate elementum. Nullam varius. Nulla facilisi. Cras non velit nec nisi vulputate nonummy.', 1724, 0.16, 4);
insert into books (id, pub_date, is_bestseller, slug, title, image, description, price, discount, author_id) values (405, '2016/08/27', 1, 'book-mtq-201', 'Inkwell, The', 'http://dummyimage.com/696x275.png/5fa2dd/ffffff', 'Duis mattis egestas metus. Aenean fermentum. Donec ut mauris eget massa tempor convallis. Nulla neque libero, convallis eget, eleifend luctus, ultricies eu, nibh. Quisque id justo sit amet sapien dignissim vestibulum. Vestibulum ante ipsum primis in faucibus orci luctus et ultrices posuere cubilia Curae; Nulla dapibus dolor vel est.', 1925, 0.26, 12);
insert into books (id, pub_date, is_bestseller, slug, title, image, description, price, discount, author_id) values (406, '2012/12/29', 0, 'book-gba-464', 'Goon', 'http://dummyimage.com/604x770.png/cc0000/ffffff', 'In sagittis dui vel nisl. Duis ac nibh. Fusce lacus purus, aliquet at, feugiat non, pretium quis, lectus. Suspendisse potenti. In eleifend quam a odio.', 1672, 0.14, 19);
insert into books (id, pub_date, is_bestseller, slug, title, image, description, price, discount, author_id) values (407, '2019/07/16', 0, 'book-ffv-697', 'Tomcats', 'http://dummyimage.com/420x474.png/ff4444/ffffff', 'Sed ante. Vivamus tortor. Duis mattis egestas metus. Aenean fermentum. Donec ut mauris eget massa tempor convallis. Nulla neque libero, convallis eget, eleifend luctus, ultricies eu, nibh.', 1575, 0.16, 2);
insert into books (id, pub_date, is_bestseller, slug, title, image, description, price, discount, author_id) values (408, '2018/07/09', 0, 'book-cjf-593', 'Manrape (Män kan inte våldtas) ', 'http://dummyimage.com/580x324.png/5fa2dd/ffffff', 'Aenean fermentum. Donec ut mauris eget massa tempor convallis. Nulla neque libero, convallis eget, eleifend luctus, ultricies eu, nibh. Quisque id justo sit amet sapien dignissim vestibulum. Vestibulum ante ipsum primis in faucibus orci luctus et ultrices posuere cubilia Curae; Nulla dapibus dolor vel est.', 2095, 0.4, 11);
insert into books (id, pub_date, is_bestseller, slug, title, image, description, price, discount, author_id) values (409, '2011/03/21', 1, 'book-zur-528', 'Brothers Grimm, The', 'http://dummyimage.com/389x512.png/ff4444/ffffff', 'Fusce congue, diam id ornare imperdiet, sapien urna pretium nisl, ut volutpat sapien arcu sed augue. Aliquam erat volutpat. In congue. Etiam justo. Etiam pretium iaculis justo. In hac habitasse platea dictumst.', 1921, 0.08, 8);
insert into books (id, pub_date, is_bestseller, slug, title, image, description, price, discount, author_id) values (410, '2015/01/17', 0, 'book-ive-923', 'Yamakasi - Les samouraïs des temps modernes', 'http://dummyimage.com/440x714.png/5fa2dd/ffffff', 'Aenean lectus. Pellentesque eget nunc. Donec quis orci eget orci vehicula condimentum. Curabitur in libero ut massa volutpat convallis. Morbi odio odio, elementum eu, interdum eu, tincidunt in, leo. Maecenas pulvinar lobortis est.', 591, 0.36, 3);
insert into books (id, pub_date, is_bestseller, slug, title, image, description, price, discount, author_id) values (411, '2012/06/03', 0, 'book-wgn-937', 'Marketa Lazarová', 'http://dummyimage.com/381x579.png/5fa2dd/ffffff', 'Curabitur in libero ut massa volutpat convallis. Morbi odio odio, elementum eu, interdum eu, tincidunt in, leo. Maecenas pulvinar lobortis est. Phasellus sit amet erat. Nulla tempus.', 838, 0.11, 6);
insert into books (id, pub_date, is_bestseller, slug, title, image, description, price, discount, author_id) values (412, '2020/02/08', 1, 'book-hfs-457', 'Century of the Self, The', 'http://dummyimage.com/342x727.png/cc0000/ffffff', 'Aliquam quis turpis eget elit sodales scelerisque. Mauris sit amet eros. Suspendisse accumsan tortor quis turpis. Sed ante. Vivamus tortor. Duis mattis egestas metus.', 2379, 0.24, 18);
insert into books (id, pub_date, is_bestseller, slug, title, image, description, price, discount, author_id) values (413, '2013/05/20', 1, 'book-xwc-291', 'Bull Durham', 'http://dummyimage.com/646x547.png/dddddd/000000', 'Sed accumsan felis. Ut at dolor quis odio consequat varius. Integer ac leo. Pellentesque ultrices mattis odio. Donec vitae nisi. Nam ultrices, libero non mattis pulvinar, nulla pede ullamcorper augue, a suscipit nulla elit ac nulla.', 1862, 0.43, 16);
insert into books (id, pub_date, is_bestseller, slug, title, image, description, price, discount, author_id) values (414, '2014/06/24', 0, 'book-ylx-223', 'Airbag', 'http://dummyimage.com/295x438.png/cc0000/ffffff', 'Morbi odio odio, elementum eu, interdum eu, tincidunt in, leo. Maecenas pulvinar lobortis est. Phasellus sit amet erat. Nulla tempus. Vivamus in felis eu sapien cursus vestibulum.', 1085, 0.46, 18);
insert into books (id, pub_date, is_bestseller, slug, title, image, description, price, discount, author_id) values (415, '2018/06/24', 0, 'book-hwu-920', 'Bend of the River', 'http://dummyimage.com/359x335.png/dddddd/000000', 'Donec vitae nisi. Nam ultrices, libero non mattis pulvinar, nulla pede ullamcorper augue, a suscipit nulla elit ac nulla. Sed vel enim sit amet nunc viverra dapibus. Nulla suscipit ligula in lacus. Curabitur at ipsum ac tellus semper interdum.', 923, 0.26, 10);
insert into books (id, pub_date, is_bestseller, slug, title, image, description, price, discount, author_id) values (416, '2013/05/06', 0, 'book-nbt-900', 'God''s Pocket', 'http://dummyimage.com/569x273.png/ff4444/ffffff', 'Morbi a ipsum. Integer a nibh. In quis justo. Maecenas rhoncus aliquam lacus. Morbi quis tortor id nulla ultrices aliquet. Maecenas leo odio, condimentum id, luctus nec, molestie sed, justo.', 235, 0.27, 6);
insert into books (id, pub_date, is_bestseller, slug, title, image, description, price, discount, author_id) values (417, '2017/10/26', 0, 'book-dou-565', 'A Man Called Magnum', 'http://dummyimage.com/395x440.png/dddddd/000000', 'Morbi a ipsum. Integer a nibh. In quis justo. Maecenas rhoncus aliquam lacus. Morbi quis tortor id nulla ultrices aliquet. Maecenas leo odio, condimentum id, luctus nec, molestie sed, justo.', 120, 0.14, 13);
insert into books (id, pub_date, is_bestseller, slug, title, image, description, price, discount, author_id) values (418, '2018/02/28', 0, 'book-vze-334', 'Bronies: The Extremely Unexpected Adult Fans of My Little Pony', 'http://dummyimage.com/261x508.png/cc0000/ffffff', 'Vestibulum ac est lacinia nisi venenatis tristique. Fusce congue, diam id ornare imperdiet, sapien urna pretium nisl, ut volutpat sapien arcu sed augue. Aliquam erat volutpat. In congue. Etiam justo.', 277, 0.33, 16);
insert into books (id, pub_date, is_bestseller, slug, title, image, description, price, discount, author_id) values (419, '2015/10/12', 1, 'book-iyl-725', 'Flock of Dodos: The Evolution-Intelligent Design Circus', 'http://dummyimage.com/365x780.png/dddddd/000000', 'Aliquam erat volutpat. In congue. Etiam justo. Etiam pretium iaculis justo. In hac habitasse platea dictumst. Etiam faucibus cursus urna.', 2206, 0.35, 4);
insert into books (id, pub_date, is_bestseller, slug, title, image, description, price, discount, author_id) values (420, '2014/07/12', 0, 'book-twd-799', 'Naked Fear', 'http://dummyimage.com/396x431.png/dddddd/000000', 'In hac habitasse platea dictumst. Maecenas ut massa quis augue luctus tincidunt. Nulla mollis molestie lorem. Quisque ut erat. Curabitur gravida nisi at nibh.', 1309, 0.41, 3);
insert into books (id, pub_date, is_bestseller, slug, title, image, description, price, discount, author_id) values (421, '2019/07/19', 1, 'book-kzb-462', 'My Mom Is a Character (Minha Mãe é uma Peça: O Filme)', 'http://dummyimage.com/607x421.png/dddddd/000000', 'Nulla tempus. Vivamus in felis eu sapien cursus vestibulum. Proin eu mi. Nulla ac enim. In tempor, turpis nec euismod scelerisque, quam turpis adipiscing lorem, vitae mattis nibh ligula nec sem.', 819, 0.34, 7);
insert into books (id, pub_date, is_bestseller, slug, title, image, description, price, discount, author_id) values (422, '2017/08/21', 0, 'book-onc-854', 'See the Sea', 'http://dummyimage.com/627x599.png/dddddd/000000', 'Cum sociis natoque penatibus et magnis dis parturient montes, nascetur ridiculus mus. Etiam vel augue. Vestibulum rutrum rutrum neque. Aenean auctor gravida sem. Praesent id massa id nisl venenatis lacinia. Aenean sit amet justo.', 578, 0.5, 4);
insert into books (id, pub_date, is_bestseller, slug, title, image, description, price, discount, author_id) values (423, '2012/04/26', 1, 'book-lwq-756', 'Unforgiven', 'http://dummyimage.com/772x289.png/ff4444/ffffff', 'Integer pede justo, lacinia eget, tincidunt eget, tempus vel, pede. Morbi porttitor lorem id ligula. Suspendisse ornare consequat lectus. In est risus, auctor sed, tristique in, tempus sit amet, sem. Fusce consequat.', 2436, 0.41, 7);
insert into books (id, pub_date, is_bestseller, slug, title, image, description, price, discount, author_id) values (424, '2013/01/25', 0, 'book-uzu-545', 'The Expedition to the End of the World', 'http://dummyimage.com/488x481.png/ff4444/ffffff', 'Etiam faucibus cursus urna. Ut tellus. Nulla ut erat id mauris vulputate elementum. Nullam varius. Nulla facilisi. Cras non velit nec nisi vulputate nonummy.', 2212, 0.3, 21);
insert into books (id, pub_date, is_bestseller, slug, title, image, description, price, discount, author_id) values (425, '2011/11/25', 0, 'book-dmh-931', 'Inception', 'http://dummyimage.com/645x721.png/dddddd/000000', 'Vestibulum ante ipsum primis in faucibus orci luctus et ultrices posuere cubilia Curae; Mauris viverra diam vitae quam. Suspendisse potenti. Nullam porttitor lacus at turpis. Donec posuere metus vitae ipsum. Aliquam non mauris. Morbi non lectus.', 754, 0.3, 18);
insert into books (id, pub_date, is_bestseller, slug, title, image, description, price, discount, author_id) values (426, '2013/08/11', 1, 'book-cze-760', 'Sarah, Plain and Tall', 'http://dummyimage.com/721x654.png/dddddd/000000', 'Suspendisse potenti. In eleifend quam a odio. In hac habitasse platea dictumst. Maecenas ut massa quis augue luctus tincidunt. Nulla mollis molestie lorem.', 930, 0.25, 9);
insert into books (id, pub_date, is_bestseller, slug, title, image, description, price, discount, author_id) values (427, '2019/06/18', 1, 'book-ljt-345', 'Amour fou, L''', 'http://dummyimage.com/656x455.png/dddddd/000000', 'Nullam varius. Nulla facilisi. Cras non velit nec nisi vulputate nonummy. Maecenas tincidunt lacus at velit. Vivamus vel nulla eget eros elementum pellentesque.', 1575, 0.49, 19);
insert into books (id, pub_date, is_bestseller, slug, title, image, description, price, discount, author_id) values (428, '2013/05/30', 1, 'book-deo-641', 'Queen of the Mountains', 'http://dummyimage.com/341x578.png/dddddd/000000', 'Vivamus metus arcu, adipiscing molestie, hendrerit at, vulputate vitae, nisl. Aenean lectus. Pellentesque eget nunc. Donec quis orci eget orci vehicula condimentum. Curabitur in libero ut massa volutpat convallis.', 526, 0.17, 20);
insert into books (id, pub_date, is_bestseller, slug, title, image, description, price, discount, author_id) values (429, '2012/11/18', 1, 'book-uyp-816', '27 Club, The', 'http://dummyimage.com/781x769.png/cc0000/ffffff', 'Morbi porttitor lorem id ligula. Suspendisse ornare consequat lectus. In est risus, auctor sed, tristique in, tempus sit amet, sem. Fusce consequat. Nulla nisl.', 424, 0.25, 21);
insert into books (id, pub_date, is_bestseller, slug, title, image, description, price, discount, author_id) values (430, '2014/06/25', 0, 'book-azu-976', 'For the Love of Benji', 'http://dummyimage.com/540x555.png/5fa2dd/ffffff', 'Donec ut mauris eget massa tempor convallis. Nulla neque libero, convallis eget, eleifend luctus, ultricies eu, nibh. Quisque id justo sit amet sapien dignissim vestibulum. Vestibulum ante ipsum primis in faucibus orci luctus et ultrices posuere cubilia Curae; Nulla dapibus dolor vel est. Donec odio justo, sollicitudin ut, suscipit a, feugiat et, eros. Vestibulum ac est lacinia nisi venenatis tristique.', 1149, 0.25, 13);
insert into books (id, pub_date, is_bestseller, slug, title, image, description, price, discount, author_id) values (431, '2016/05/26', 1, 'book-lmi-711', 'Re-Animator', 'http://dummyimage.com/669x313.png/ff4444/ffffff', 'Aenean sit amet justo. Morbi ut odio. Cras mi pede, malesuada in, imperdiet et, commodo vulputate, justo. In blandit ultrices enim. Lorem ipsum dolor sit amet, consectetuer adipiscing elit. Proin interdum mauris non ligula pellentesque ultrices.', 2386, 0.18, 1);
insert into books (id, pub_date, is_bestseller, slug, title, image, description, price, discount, author_id) values (432, '2014/08/10', 0, 'book-ieo-965', 'Urban Justice', 'http://dummyimage.com/653x726.png/cc0000/ffffff', 'Vestibulum ac est lacinia nisi venenatis tristique. Fusce congue, diam id ornare imperdiet, sapien urna pretium nisl, ut volutpat sapien arcu sed augue. Aliquam erat volutpat. In congue. Etiam justo.', 1680, 0.44, 19);
insert into books (id, pub_date, is_bestseller, slug, title, image, description, price, discount, author_id) values (433, '2010/11/14', 1, 'book-ucl-732', 'Mad Money', 'http://dummyimage.com/587x367.png/5fa2dd/ffffff', 'Nulla facilisi. Cras non velit nec nisi vulputate nonummy. Maecenas tincidunt lacus at velit. Vivamus vel nulla eget eros elementum pellentesque. Quisque porta volutpat erat.', 1638, 0.34, 14);
insert into books (id, pub_date, is_bestseller, slug, title, image, description, price, discount, author_id) values (434, '2015/08/19', 1, 'book-vmo-605', 'Away We Go', 'http://dummyimage.com/724x754.png/cc0000/ffffff', 'Duis consequat dui nec nisi volutpat eleifend. Donec ut dolor. Morbi vel lectus in quam fringilla rhoncus. Mauris enim leo, rhoncus sed, vestibulum sit amet, cursus id, turpis. Integer aliquet, massa id lobortis convallis, tortor risus dapibus augue, vel accumsan tellus nisi eu orci. Mauris lacinia sapien quis libero.', 1581, 0.43, 7);
insert into books (id, pub_date, is_bestseller, slug, title, image, description, price, discount, author_id) values (435, '2017/04/10', 1, 'book-iaq-289', 'Bionicle: The Legend Reborn', 'http://dummyimage.com/327x713.png/cc0000/ffffff', 'Cum sociis natoque penatibus et magnis dis parturient montes, nascetur ridiculus mus. Vivamus vestibulum sagittis sapien. Cum sociis natoque penatibus et magnis dis parturient montes, nascetur ridiculus mus. Etiam vel augue. Vestibulum rutrum rutrum neque.', 1318, 0.28, 19);
insert into books (id, pub_date, is_bestseller, slug, title, image, description, price, discount, author_id) values (436, '2012/07/03', 0, 'book-vvb-398', 'Hit, The', 'http://dummyimage.com/475x411.png/5fa2dd/ffffff', 'Curabitur in libero ut massa volutpat convallis. Morbi odio odio, elementum eu, interdum eu, tincidunt in, leo. Maecenas pulvinar lobortis est. Phasellus sit amet erat. Nulla tempus. Vivamus in felis eu sapien cursus vestibulum.', 1019, 0.12, 20);
insert into books (id, pub_date, is_bestseller, slug, title, image, description, price, discount, author_id) values (437, '2014/04/21', 1, 'book-kti-851', 'Holy Innocents, The (Santos inocentes, Los)', 'http://dummyimage.com/678x299.png/dddddd/000000', 'Duis consequat dui nec nisi volutpat eleifend. Donec ut dolor. Morbi vel lectus in quam fringilla rhoncus. Mauris enim leo, rhoncus sed, vestibulum sit amet, cursus id, turpis. Integer aliquet, massa id lobortis convallis, tortor risus dapibus augue, vel accumsan tellus nisi eu orci. Mauris lacinia sapien quis libero.', 2005, 0.48, 20);
insert into books (id, pub_date, is_bestseller, slug, title, image, description, price, discount, author_id) values (438, '2018/02/18', 1, 'book-wuw-369', '3 Strikes', 'http://dummyimage.com/573x651.png/cc0000/ffffff', 'Vestibulum ac est lacinia nisi venenatis tristique. Fusce congue, diam id ornare imperdiet, sapien urna pretium nisl, ut volutpat sapien arcu sed augue. Aliquam erat volutpat. In congue. Etiam justo. Etiam pretium iaculis justo.', 456, 0.12, 3);
insert into books (id, pub_date, is_bestseller, slug, title, image, description, price, discount, author_id) values (439, '2011/07/05', 0, 'book-guw-601', 'Sudden Death', 'http://dummyimage.com/383x688.png/5fa2dd/ffffff', 'Aliquam non mauris. Morbi non lectus. Aliquam sit amet diam in magna bibendum imperdiet. Nullam orci pede, venenatis non, sodales sed, tincidunt eu, felis. Fusce posuere felis sed lacus. Morbi sem mauris, laoreet ut, rhoncus aliquet, pulvinar sed, nisl.', 1815, 0.36, 8);
insert into books (id, pub_date, is_bestseller, slug, title, image, description, price, discount, author_id) values (440, '2017/06/23', 1, 'book-naz-535', 'Harmonists, The', 'http://dummyimage.com/524x746.png/cc0000/ffffff', 'Proin at turpis a pede posuere nonummy. Integer non velit. Donec diam neque, vestibulum eget, vulputate ut, ultrices vel, augue. Vestibulum ante ipsum primis in faucibus orci luctus et ultrices posuere cubilia Curae; Donec pharetra, magna vestibulum aliquet ultrices, erat tortor sollicitudin mi, sit amet lobortis sapien sapien non mi. Integer ac neque.', 965, 0.17, 19);
insert into books (id, pub_date, is_bestseller, slug, title, image, description, price, discount, author_id) values (441, '2016/08/16', 0, 'book-otf-125', 'Baxter', 'http://dummyimage.com/456x646.png/dddddd/000000', 'Quisque id justo sit amet sapien dignissim vestibulum. Vestibulum ante ipsum primis in faucibus orci luctus et ultrices posuere cubilia Curae; Nulla dapibus dolor vel est. Donec odio justo, sollicitudin ut, suscipit a, feugiat et, eros. Vestibulum ac est lacinia nisi venenatis tristique. Fusce congue, diam id ornare imperdiet, sapien urna pretium nisl, ut volutpat sapien arcu sed augue.', 263, 0.15, 12);
insert into books (id, pub_date, is_bestseller, slug, title, image, description, price, discount, author_id) values (442, '2014/02/24', 0, 'book-fgg-378', 'Jazz', 'http://dummyimage.com/279x427.png/5fa2dd/ffffff', 'Suspendisse potenti. Cras in purus eu magna vulputate luctus. Cum sociis natoque penatibus et magnis dis parturient montes, nascetur ridiculus mus. Vivamus vestibulum sagittis sapien. Cum sociis natoque penatibus et magnis dis parturient montes, nascetur ridiculus mus. Etiam vel augue.', 996, 0.26, 14);
insert into books (id, pub_date, is_bestseller, slug, title, image, description, price, discount, author_id) values (443, '2015/07/27', 1, 'book-aah-288', 'Errors of the Human Body ', 'http://dummyimage.com/298x644.png/5fa2dd/ffffff', 'Nunc rhoncus dui vel sem. Sed sagittis. Nam congue, risus semper porta volutpat, quam pede lobortis ligula, sit amet eleifend pede libero quis orci. Nullam molestie nibh in lectus. Pellentesque at nulla. Suspendisse potenti.', 166, 0.2, 7);
insert into books (id, pub_date, is_bestseller, slug, title, image, description, price, discount, author_id) values (444, '2019/03/09', 0, 'book-ejn-624', 'Hour of the Furnaces, The (Hora de los hornos, La)', 'http://dummyimage.com/346x771.png/cc0000/ffffff', 'Fusce posuere felis sed lacus. Morbi sem mauris, laoreet ut, rhoncus aliquet, pulvinar sed, nisl. Nunc rhoncus dui vel sem. Sed sagittis. Nam congue, risus semper porta volutpat, quam pede lobortis ligula, sit amet eleifend pede libero quis orci.', 1839, 0.39, 8);
insert into books (id, pub_date, is_bestseller, slug, title, image, description, price, discount, author_id) values (445, '2018/05/16', 0, 'book-ikp-386', 'Kalevala - Uusi aika', 'http://dummyimage.com/477x678.png/5fa2dd/ffffff', 'Nam nulla. Integer pede justo, lacinia eget, tincidunt eget, tempus vel, pede. Morbi porttitor lorem id ligula. Suspendisse ornare consequat lectus. In est risus, auctor sed, tristique in, tempus sit amet, sem. Fusce consequat.', 1326, 0.28, 1);
insert into books (id, pub_date, is_bestseller, slug, title, image, description, price, discount, author_id) values (446, '2017/01/17', 1, 'book-sqa-747', 'Valentin (Valentín)', 'http://dummyimage.com/695x568.png/ff4444/ffffff', 'Phasellus sit amet erat. Nulla tempus. Vivamus in felis eu sapien cursus vestibulum. Proin eu mi. Nulla ac enim. In tempor, turpis nec euismod scelerisque, quam turpis adipiscing lorem, vitae mattis nibh ligula nec sem.', 2235, 0.05, 16);
insert into books (id, pub_date, is_bestseller, slug, title, image, description, price, discount, author_id) values (447, '2014/04/24', 1, 'book-axh-442', 'Coraline', 'http://dummyimage.com/718x380.png/cc0000/ffffff', 'Suspendisse potenti. In eleifend quam a odio. In hac habitasse platea dictumst. Maecenas ut massa quis augue luctus tincidunt. Nulla mollis molestie lorem.', 1956, 0.49, 6);
insert into books (id, pub_date, is_bestseller, slug, title, image, description, price, discount, author_id) values (448, '2019/06/03', 0, 'book-pay-363', 'Hornets'' Nest', 'http://dummyimage.com/700x478.png/cc0000/ffffff', 'In hac habitasse platea dictumst. Aliquam augue quam, sollicitudin vitae, consectetuer eget, rutrum at, lorem. Integer tincidunt ante vel ipsum. Praesent blandit lacinia erat. Vestibulum sed magna at nunc commodo placerat. Praesent blandit.', 1737, 0.07, 18);
insert into books (id, pub_date, is_bestseller, slug, title, image, description, price, discount, author_id) values (449, '2012/04/29', 0, 'book-idh-223', 'Docking the Boat (Att angöra en brygga)', 'http://dummyimage.com/761x323.png/cc0000/ffffff', 'Nullam sit amet turpis elementum ligula vehicula consequat. Morbi a ipsum. Integer a nibh. In quis justo. Maecenas rhoncus aliquam lacus.', 591, 0.21, 5);
insert into books (id, pub_date, is_bestseller, slug, title, image, description, price, discount, author_id) values (450, '2015/04/20', 0, 'book-upa-213', 'Meat Love', 'http://dummyimage.com/567x298.png/5fa2dd/ffffff', 'Integer aliquet, massa id lobortis convallis, tortor risus dapibus augue, vel accumsan tellus nisi eu orci. Mauris lacinia sapien quis libero. Nullam sit amet turpis elementum ligula vehicula consequat. Morbi a ipsum. Integer a nibh. In quis justo.', 1621, 0.28, 15);
insert into books (id, pub_date, is_bestseller, slug, title, image, description, price, discount, author_id) values (451, '2014/06/16', 1, 'book-kaj-036', 'Election', 'http://dummyimage.com/303x484.png/ff4444/ffffff', 'Fusce posuere felis sed lacus. Morbi sem mauris, laoreet ut, rhoncus aliquet, pulvinar sed, nisl. Nunc rhoncus dui vel sem. Sed sagittis. Nam congue, risus semper porta volutpat, quam pede lobortis ligula, sit amet eleifend pede libero quis orci.', 1303, 0.2, 11);
insert into books (id, pub_date, is_bestseller, slug, title, image, description, price, discount, author_id) values (452, '2018/08/09', 1, 'book-qfb-464', 'Konopielka', 'http://dummyimage.com/707x398.png/5fa2dd/ffffff', 'Duis mattis egestas metus. Aenean fermentum. Donec ut mauris eget massa tempor convallis. Nulla neque libero, convallis eget, eleifend luctus, ultricies eu, nibh. Quisque id justo sit amet sapien dignissim vestibulum.', 880, 0.4, 7);
insert into books (id, pub_date, is_bestseller, slug, title, image, description, price, discount, author_id) values (453, '2013/08/29', 0, 'book-gaj-356', 'Miser, The (L''avare)', 'http://dummyimage.com/790x588.png/ff4444/ffffff', 'Pellentesque ultrices mattis odio. Donec vitae nisi. Nam ultrices, libero non mattis pulvinar, nulla pede ullamcorper augue, a suscipit nulla elit ac nulla. Sed vel enim sit amet nunc viverra dapibus. Nulla suscipit ligula in lacus.', 592, 0.36, 13);
insert into books (id, pub_date, is_bestseller, slug, title, image, description, price, discount, author_id) values (454, '2011/06/13', 1, 'book-nel-555', 'Thunderbolt (Pik lik feng)', 'http://dummyimage.com/584x341.png/ff4444/ffffff', 'Phasellus sit amet erat. Nulla tempus. Vivamus in felis eu sapien cursus vestibulum. Proin eu mi. Nulla ac enim.', 700, 0.36, 18);
insert into books (id, pub_date, is_bestseller, slug, title, image, description, price, discount, author_id) values (455, '2020/02/13', 0, 'book-siv-266', 'Mysterious Island', 'http://dummyimage.com/434x450.png/ff4444/ffffff', 'Quisque id justo sit amet sapien dignissim vestibulum. Vestibulum ante ipsum primis in faucibus orci luctus et ultrices posuere cubilia Curae; Nulla dapibus dolor vel est. Donec odio justo, sollicitudin ut, suscipit a, feugiat et, eros. Vestibulum ac est lacinia nisi venenatis tristique. Fusce congue, diam id ornare imperdiet, sapien urna pretium nisl, ut volutpat sapien arcu sed augue. Aliquam erat volutpat.', 1525, 0.08, 9);
insert into books (id, pub_date, is_bestseller, slug, title, image, description, price, discount, author_id) values (456, '2015/10/16', 1, 'book-lel-298', 'Great Diamond Robbery, The', 'http://dummyimage.com/357x319.png/5fa2dd/ffffff', 'Aenean lectus. Pellentesque eget nunc. Donec quis orci eget orci vehicula condimentum. Curabitur in libero ut massa volutpat convallis. Morbi odio odio, elementum eu, interdum eu, tincidunt in, leo.', 2102, 0.05, 21);
insert into books (id, pub_date, is_bestseller, slug, title, image, description, price, discount, author_id) values (457, '2020/09/30', 1, 'book-bax-796', 'Ten Skies', 'http://dummyimage.com/475x686.png/cc0000/ffffff', 'Phasellus sit amet erat. Nulla tempus. Vivamus in felis eu sapien cursus vestibulum. Proin eu mi. Nulla ac enim.', 1368, 0.07, 20);
insert into books (id, pub_date, is_bestseller, slug, title, image, description, price, discount, author_id) values (458, '2010/12/24', 0, 'book-zln-691', 'High School', 'http://dummyimage.com/265x568.png/5fa2dd/ffffff', 'Pellentesque eget nunc. Donec quis orci eget orci vehicula condimentum. Curabitur in libero ut massa volutpat convallis. Morbi odio odio, elementum eu, interdum eu, tincidunt in, leo. Maecenas pulvinar lobortis est.', 2108, 0.39, 8);
insert into books (id, pub_date, is_bestseller, slug, title, image, description, price, discount, author_id) values (459, '2013/06/29', 1, 'book-ycu-687', 'And Then Came Lola', 'http://dummyimage.com/638x628.png/5fa2dd/ffffff', 'Suspendisse accumsan tortor quis turpis. Sed ante. Vivamus tortor. Duis mattis egestas metus. Aenean fermentum. Donec ut mauris eget massa tempor convallis.', 1731, 0.33, 17);
insert into books (id, pub_date, is_bestseller, slug, title, image, description, price, discount, author_id) values (460, '2019/01/05', 1, 'book-yqs-638', 'Ingmar Bergman on Life and Work (Ingmar Bergman: Om liv och arbete)', 'http://dummyimage.com/415x547.png/dddddd/000000', 'Vestibulum ante ipsum primis in faucibus orci luctus et ultrices posuere cubilia Curae; Nulla dapibus dolor vel est. Donec odio justo, sollicitudin ut, suscipit a, feugiat et, eros. Vestibulum ac est lacinia nisi venenatis tristique. Fusce congue, diam id ornare imperdiet, sapien urna pretium nisl, ut volutpat sapien arcu sed augue. Aliquam erat volutpat. In congue.', 168, 0.39, 10);
insert into books (id, pub_date, is_bestseller, slug, title, image, description, price, discount, author_id) values (461, '2018/11/27', 1, 'book-vqp-653', 'Electric Boogaloo: The Wild, Untold Story of Cannon Films', 'http://dummyimage.com/749x528.png/ff4444/ffffff', 'Praesent blandit lacinia erat. Vestibulum sed magna at nunc commodo placerat. Praesent blandit. Nam nulla. Integer pede justo, lacinia eget, tincidunt eget, tempus vel, pede.', 1115, 0.5, 5);
insert into books (id, pub_date, is_bestseller, slug, title, image, description, price, discount, author_id) values (462, '2011/06/09', 1, 'book-avl-881', 'Brazilian Western (Faroeste Caboclo)', 'http://dummyimage.com/748x280.png/dddddd/000000', 'Integer aliquet, massa id lobortis convallis, tortor risus dapibus augue, vel accumsan tellus nisi eu orci. Mauris lacinia sapien quis libero. Nullam sit amet turpis elementum ligula vehicula consequat. Morbi a ipsum. Integer a nibh.', 564, 0.47, 18);
insert into books (id, pub_date, is_bestseller, slug, title, image, description, price, discount, author_id) values (463, '2019/01/06', 0, 'book-zfi-224', 'Tyler Perry''s Meet the Browns', 'http://dummyimage.com/346x749.png/ff4444/ffffff', 'Nunc nisl. Duis bibendum, felis sed interdum venenatis, turpis enim blandit mi, in porttitor pede justo eu massa. Donec dapibus. Duis at velit eu est congue elementum. In hac habitasse platea dictumst.', 1980, 0.16, 6);
insert into books (id, pub_date, is_bestseller, slug, title, image, description, price, discount, author_id) values (464, '2011/12/14', 0, 'book-qwf-641', 'Royal Scandal, A', 'http://dummyimage.com/759x676.png/5fa2dd/ffffff', 'Quisque ut erat. Curabitur gravida nisi at nibh. In hac habitasse platea dictumst. Aliquam augue quam, sollicitudin vitae, consectetuer eget, rutrum at, lorem. Integer tincidunt ante vel ipsum. Praesent blandit lacinia erat.', 989, 0.07, 14);
insert into books (id, pub_date, is_bestseller, slug, title, image, description, price, discount, author_id) values (465, '2020/03/17', 0, 'book-cjf-557', 'Burma Conspiracy, The (Largo Winch II)', 'http://dummyimage.com/757x275.png/dddddd/000000', 'Nam ultrices, libero non mattis pulvinar, nulla pede ullamcorper augue, a suscipit nulla elit ac nulla. Sed vel enim sit amet nunc viverra dapibus. Nulla suscipit ligula in lacus. Curabitur at ipsum ac tellus semper interdum. Mauris ullamcorper purus sit amet nulla.', 487, 0.12, 1);
insert into books (id, pub_date, is_bestseller, slug, title, image, description, price, discount, author_id) values (466, '2016/05/20', 1, 'book-clf-879', 'Navigators, The', 'http://dummyimage.com/639x569.png/ff4444/ffffff', 'Duis bibendum. Morbi non quam nec dui luctus rutrum. Nulla tellus. In sagittis dui vel nisl. Duis ac nibh. Fusce lacus purus, aliquet at, feugiat non, pretium quis, lectus.', 1127, 0.12, 6);
insert into books (id, pub_date, is_bestseller, slug, title, image, description, price, discount, author_id) values (467, '2015/10/10', 1, 'book-jzi-254', 'Beyond the Fear', 'http://dummyimage.com/644x338.png/ff4444/ffffff', 'Pellentesque at nulla. Suspendisse potenti. Cras in purus eu magna vulputate luctus. Cum sociis natoque penatibus et magnis dis parturient montes, nascetur ridiculus mus. Vivamus vestibulum sagittis sapien. Cum sociis natoque penatibus et magnis dis parturient montes, nascetur ridiculus mus.', 2398, 0.35, 6);
insert into books (id, pub_date, is_bestseller, slug, title, image, description, price, discount, author_id) values (468, '2015/02/05', 1, 'book-hhw-227', 'Screwed in Tallinn (Torsk på Tallinn - En liten film om ensamhet)', 'http://dummyimage.com/479x439.png/dddddd/000000', 'Duis consequat dui nec nisi volutpat eleifend. Donec ut dolor. Morbi vel lectus in quam fringilla rhoncus. Mauris enim leo, rhoncus sed, vestibulum sit amet, cursus id, turpis. Integer aliquet, massa id lobortis convallis, tortor risus dapibus augue, vel accumsan tellus nisi eu orci.', 1161, 0.16, 3);
insert into books (id, pub_date, is_bestseller, slug, title, image, description, price, discount, author_id) values (469, '2015/03/14', 1, 'book-fzk-324', 'Swordfish', 'http://dummyimage.com/535x753.png/5fa2dd/ffffff', 'In tempor, turpis nec euismod scelerisque, quam turpis adipiscing lorem, vitae mattis nibh ligula nec sem. Duis aliquam convallis nunc. Proin at turpis a pede posuere nonummy. Integer non velit. Donec diam neque, vestibulum eget, vulputate ut, ultrices vel, augue.', 2112, 0.49, 15);
insert into books (id, pub_date, is_bestseller, slug, title, image, description, price, discount, author_id) values (470, '2015/12/20', 1, 'book-udy-806', 'Kung Fu Hustle (Gong fu)', 'http://dummyimage.com/431x749.png/ff4444/ffffff', 'Cras mi pede, malesuada in, imperdiet et, commodo vulputate, justo. In blandit ultrices enim. Lorem ipsum dolor sit amet, consectetuer adipiscing elit. Proin interdum mauris non ligula pellentesque ultrices. Phasellus id sapien in sapien iaculis congue.', 1906, 0.21, 16);
insert into books (id, pub_date, is_bestseller, slug, title, image, description, price, discount, author_id) values (471, '2014/09/17', 0, 'book-imi-167', 'Ballad of the Little Soldier (Ballade vom kleinen Soldaten)', 'http://dummyimage.com/250x772.png/ff4444/ffffff', 'Donec semper sapien a libero. Nam dui. Proin leo odio, porttitor id, consequat in, consequat ut, nulla. Sed accumsan felis. Ut at dolor quis odio consequat varius. Integer ac leo.', 1210, 0.09, 2);
insert into books (id, pub_date, is_bestseller, slug, title, image, description, price, discount, author_id) values (472, '2016/12/25', 1, 'book-cpr-492', 'Big Sleep, The', 'http://dummyimage.com/336x776.png/ff4444/ffffff', 'In sagittis dui vel nisl. Duis ac nibh. Fusce lacus purus, aliquet at, feugiat non, pretium quis, lectus. Suspendisse potenti. In eleifend quam a odio. In hac habitasse platea dictumst.', 976, 0.16, 10);
insert into books (id, pub_date, is_bestseller, slug, title, image, description, price, discount, author_id) values (473, '2017/05/08', 1, 'book-umb-577', 'Hear My Song', 'http://dummyimage.com/273x445.png/5fa2dd/ffffff', 'Duis bibendum. Morbi non quam nec dui luctus rutrum. Nulla tellus. In sagittis dui vel nisl. Duis ac nibh.', 1949, 0.13, 2);
insert into books (id, pub_date, is_bestseller, slug, title, image, description, price, discount, author_id) values (474, '2020/03/13', 0, 'book-kak-973', 'Yesterday', 'http://dummyimage.com/280x334.png/5fa2dd/ffffff', 'Vestibulum ante ipsum primis in faucibus orci luctus et ultrices posuere cubilia Curae; Duis faucibus accumsan odio. Curabitur convallis. Duis consequat dui nec nisi volutpat eleifend. Donec ut dolor. Morbi vel lectus in quam fringilla rhoncus. Mauris enim leo, rhoncus sed, vestibulum sit amet, cursus id, turpis.', 1392, 0.23, 19);
insert into books (id, pub_date, is_bestseller, slug, title, image, description, price, discount, author_id) values (475, '2020/05/18', 0, 'book-blx-825', 'In Too Deep', 'http://dummyimage.com/269x724.png/cc0000/ffffff', 'Maecenas tristique, est et tempus semper, est quam pharetra magna, ac consequat metus sapien ut nunc. Vestibulum ante ipsum primis in faucibus orci luctus et ultrices posuere cubilia Curae; Mauris viverra diam vitae quam. Suspendisse potenti. Nullam porttitor lacus at turpis. Donec posuere metus vitae ipsum.', 1008, 0.37, 7);
insert into books (id, pub_date, is_bestseller, slug, title, image, description, price, discount, author_id) values (476, '2019/10/06', 0, 'book-ipp-474', 'Nightwing', 'http://dummyimage.com/799x266.png/5fa2dd/ffffff', 'Proin at turpis a pede posuere nonummy. Integer non velit. Donec diam neque, vestibulum eget, vulputate ut, ultrices vel, augue. Vestibulum ante ipsum primis in faucibus orci luctus et ultrices posuere cubilia Curae; Donec pharetra, magna vestibulum aliquet ultrices, erat tortor sollicitudin mi, sit amet lobortis sapien sapien non mi. Integer ac neque.', 1556, 0.13, 19);
insert into books (id, pub_date, is_bestseller, slug, title, image, description, price, discount, author_id) values (477, '2017/12/11', 1, 'book-ulk-323', 'No Such Thing', 'http://dummyimage.com/546x263.png/cc0000/ffffff', 'Donec ut dolor. Morbi vel lectus in quam fringilla rhoncus. Mauris enim leo, rhoncus sed, vestibulum sit amet, cursus id, turpis. Integer aliquet, massa id lobortis convallis, tortor risus dapibus augue, vel accumsan tellus nisi eu orci. Mauris lacinia sapien quis libero. Nullam sit amet turpis elementum ligula vehicula consequat.', 1303, 0.49, 9);
insert into books (id, pub_date, is_bestseller, slug, title, image, description, price, discount, author_id) values (478, '2011/12/29', 0, 'book-aoe-804', 'Life After People', 'http://dummyimage.com/319x756.png/dddddd/000000', 'Pellentesque viverra pede ac diam. Cras pellentesque volutpat dui. Maecenas tristique, est et tempus semper, est quam pharetra magna, ac consequat metus sapien ut nunc. Vestibulum ante ipsum primis in faucibus orci luctus et ultrices posuere cubilia Curae; Mauris viverra diam vitae quam. Suspendisse potenti.', 1393, 0.12, 17);
insert into books (id, pub_date, is_bestseller, slug, title, image, description, price, discount, author_id) values (479, '2017/03/29', 1, 'book-tfl-958', 'Game of Werewolves', 'http://dummyimage.com/519x658.png/cc0000/ffffff', 'Vestibulum ante ipsum primis in faucibus orci luctus et ultrices posuere cubilia Curae; Duis faucibus accumsan odio. Curabitur convallis. Duis consequat dui nec nisi volutpat eleifend. Donec ut dolor. Morbi vel lectus in quam fringilla rhoncus.', 2066, 0.38, 9);
insert into books (id, pub_date, is_bestseller, slug, title, image, description, price, discount, author_id) values (480, '2012/05/17', 0, 'book-ocs-976', '5 Days of War', 'http://dummyimage.com/284x274.png/dddddd/000000', 'Curabitur in libero ut massa volutpat convallis. Morbi odio odio, elementum eu, interdum eu, tincidunt in, leo. Maecenas pulvinar lobortis est. Phasellus sit amet erat. Nulla tempus. Vivamus in felis eu sapien cursus vestibulum.', 1529, 0.14, 12);
insert into books (id, pub_date, is_bestseller, slug, title, image, description, price, discount, author_id) values (481, '2011/09/28', 0, 'book-ijd-350', 'Buffalo Girls', 'http://dummyimage.com/600x717.png/5fa2dd/ffffff', 'Duis aliquam convallis nunc. Proin at turpis a pede posuere nonummy. Integer non velit. Donec diam neque, vestibulum eget, vulputate ut, ultrices vel, augue. Vestibulum ante ipsum primis in faucibus orci luctus et ultrices posuere cubilia Curae; Donec pharetra, magna vestibulum aliquet ultrices, erat tortor sollicitudin mi, sit amet lobortis sapien sapien non mi. Integer ac neque.', 1213, 0.23, 14);
insert into books (id, pub_date, is_bestseller, slug, title, image, description, price, discount, author_id) values (482, '2014/10/18', 1, 'book-xhd-144', 'Lon Chaney: A Thousand Faces', 'http://dummyimage.com/765x347.png/ff4444/ffffff', 'Vivamus metus arcu, adipiscing molestie, hendrerit at, vulputate vitae, nisl. Aenean lectus. Pellentesque eget nunc. Donec quis orci eget orci vehicula condimentum. Curabitur in libero ut massa volutpat convallis.', 1247, 0.36, 4);
insert into books (id, pub_date, is_bestseller, slug, title, image, description, price, discount, author_id) values (483, '2017/06/12', 0, 'book-iun-634', 'Red Riding: 1980', 'http://dummyimage.com/413x626.png/dddddd/000000', 'Quisque ut erat. Curabitur gravida nisi at nibh. In hac habitasse platea dictumst. Aliquam augue quam, sollicitudin vitae, consectetuer eget, rutrum at, lorem. Integer tincidunt ante vel ipsum.', 1936, 0.36, 2);
insert into books (id, pub_date, is_bestseller, slug, title, image, description, price, discount, author_id) values (484, '2016/07/30', 1, 'book-fnb-112', 'Little Sister', 'http://dummyimage.com/417x557.png/ff4444/ffffff', 'Cras mi pede, malesuada in, imperdiet et, commodo vulputate, justo. In blandit ultrices enim. Lorem ipsum dolor sit amet, consectetuer adipiscing elit. Proin interdum mauris non ligula pellentesque ultrices. Phasellus id sapien in sapien iaculis congue. Vivamus metus arcu, adipiscing molestie, hendrerit at, vulputate vitae, nisl.', 2208, 0.33, 2);
insert into books (id, pub_date, is_bestseller, slug, title, image, description, price, discount, author_id) values (485, '2019/09/19', 1, 'book-cun-672', 'Eat', 'http://dummyimage.com/723x501.png/5fa2dd/ffffff', 'Cum sociis natoque penatibus et magnis dis parturient montes, nascetur ridiculus mus. Etiam vel augue. Vestibulum rutrum rutrum neque. Aenean auctor gravida sem. Praesent id massa id nisl venenatis lacinia.', 1921, 0.22, 8);
insert into books (id, pub_date, is_bestseller, slug, title, image, description, price, discount, author_id) values (486, '2018/07/07', 1, 'book-ajs-188', 'Captive Heart: The James Mink Story', 'http://dummyimage.com/783x491.png/cc0000/ffffff', 'Aliquam quis turpis eget elit sodales scelerisque. Mauris sit amet eros. Suspendisse accumsan tortor quis turpis. Sed ante. Vivamus tortor.', 935, 0.11, 9);
insert into books (id, pub_date, is_bestseller, slug, title, image, description, price, discount, author_id) values (487, '2014/05/03', 1, 'book-cmz-384', 'Death to Smoochy', 'http://dummyimage.com/254x728.png/dddddd/000000', 'Suspendisse potenti. Nullam porttitor lacus at turpis. Donec posuere metus vitae ipsum. Aliquam non mauris. Morbi non lectus. Aliquam sit amet diam in magna bibendum imperdiet.', 750, 0.37, 10);
insert into books (id, pub_date, is_bestseller, slug, title, image, description, price, discount, author_id) values (488, '2011/09/28', 0, 'book-ghp-957', 'Salla: Selling the Silence', 'http://dummyimage.com/775x460.png/5fa2dd/ffffff', 'Maecenas tincidunt lacus at velit. Vivamus vel nulla eget eros elementum pellentesque. Quisque porta volutpat erat. Quisque erat eros, viverra eget, congue eget, semper rutrum, nulla. Nunc purus.', 1639, 0.12, 12);
insert into books (id, pub_date, is_bestseller, slug, title, image, description, price, discount, author_id) values (489, '2012/05/18', 1, 'book-hma-516', 'Life of Pi', 'http://dummyimage.com/521x641.png/ff4444/ffffff', 'Donec odio justo, sollicitudin ut, suscipit a, feugiat et, eros. Vestibulum ac est lacinia nisi venenatis tristique. Fusce congue, diam id ornare imperdiet, sapien urna pretium nisl, ut volutpat sapien arcu sed augue. Aliquam erat volutpat. In congue.', 1320, 0.17, 1);
insert into books (id, pub_date, is_bestseller, slug, title, image, description, price, discount, author_id) values (490, '2012/12/02', 1, 'book-jxn-328', 'Great World of Sound', 'http://dummyimage.com/260x458.png/cc0000/ffffff', 'Duis mattis egestas metus. Aenean fermentum. Donec ut mauris eget massa tempor convallis. Nulla neque libero, convallis eget, eleifend luctus, ultricies eu, nibh. Quisque id justo sit amet sapien dignissim vestibulum.', 2151, 0.43, 19);
insert into books (id, pub_date, is_bestseller, slug, title, image, description, price, discount, author_id) values (491, '2015/03/24', 1, 'book-gne-855', 'Surviving the Game', 'http://dummyimage.com/738x508.png/5fa2dd/ffffff', 'Nam congue, risus semper porta volutpat, quam pede lobortis ligula, sit amet eleifend pede libero quis orci. Nullam molestie nibh in lectus. Pellentesque at nulla. Suspendisse potenti. Cras in purus eu magna vulputate luctus. Cum sociis natoque penatibus et magnis dis parturient montes, nascetur ridiculus mus.', 2471, 0.49, 20);
insert into books (id, pub_date, is_bestseller, slug, title, image, description, price, discount, author_id) values (492, '2018/03/08', 0, 'book-mpo-039', 'At First Sight (Entre Nous) (Coup de foudre)', 'http://dummyimage.com/378x743.png/5fa2dd/ffffff', 'In eleifend quam a odio. In hac habitasse platea dictumst. Maecenas ut massa quis augue luctus tincidunt. Nulla mollis molestie lorem. Quisque ut erat. Curabitur gravida nisi at nibh.', 1529, 0.28, 14);
insert into books (id, pub_date, is_bestseller, slug, title, image, description, price, discount, author_id) values (493, '2017/07/28', 0, 'book-dlv-013', 'Nymphomaniac: Volume I', 'http://dummyimage.com/706x789.png/dddddd/000000', 'Phasellus id sapien in sapien iaculis congue. Vivamus metus arcu, adipiscing molestie, hendrerit at, vulputate vitae, nisl. Aenean lectus. Pellentesque eget nunc. Donec quis orci eget orci vehicula condimentum.', 1272, 0.1, 21);
insert into books (id, pub_date, is_bestseller, slug, title, image, description, price, discount, author_id) values (494, '2016/12/04', 0, 'book-rkv-745', 'Men of Respect', 'http://dummyimage.com/788x777.png/dddddd/000000', 'Etiam faucibus cursus urna. Ut tellus. Nulla ut erat id mauris vulputate elementum. Nullam varius. Nulla facilisi.', 188, 0.43, 8);
insert into books (id, pub_date, is_bestseller, slug, title, image, description, price, discount, author_id) values (495, '2015/04/02', 0, 'book-quh-017', 'Shooting War', 'http://dummyimage.com/308x266.png/5fa2dd/ffffff', 'Praesent blandit lacinia erat. Vestibulum sed magna at nunc commodo placerat. Praesent blandit. Nam nulla. Integer pede justo, lacinia eget, tincidunt eget, tempus vel, pede.', 2044, 0.4, 8);
insert into books (id, pub_date, is_bestseller, slug, title, image, description, price, discount, author_id) values (496, '2011/09/19', 1, 'book-mhm-366', 'Forbidden City Cop (Dai lap mat tam 008)', 'http://dummyimage.com/277x670.png/dddddd/000000', 'Nulla mollis molestie lorem. Quisque ut erat. Curabitur gravida nisi at nibh. In hac habitasse platea dictumst. Aliquam augue quam, sollicitudin vitae, consectetuer eget, rutrum at, lorem. Integer tincidunt ante vel ipsum.', 2448, 0.13, 16);
insert into books (id, pub_date, is_bestseller, slug, title, image, description, price, discount, author_id) values (497, '2010/11/21', 1, 'book-tdg-361', 'House of Bamboo', 'http://dummyimage.com/511x656.png/cc0000/ffffff', 'Morbi non lectus. Aliquam sit amet diam in magna bibendum imperdiet. Nullam orci pede, venenatis non, sodales sed, tincidunt eu, felis. Fusce posuere felis sed lacus. Morbi sem mauris, laoreet ut, rhoncus aliquet, pulvinar sed, nisl. Nunc rhoncus dui vel sem.', 1323, 0.5, 15);
insert into books (id, pub_date, is_bestseller, slug, title, image, description, price, discount, author_id) values (498, '2015/11/21', 0, 'book-bqu-824', 'Need for Speed', 'http://dummyimage.com/733x519.png/dddddd/000000', 'Integer non velit. Donec diam neque, vestibulum eget, vulputate ut, ultrices vel, augue. Vestibulum ante ipsum primis in faucibus orci luctus et ultrices posuere cubilia Curae; Donec pharetra, magna vestibulum aliquet ultrices, erat tortor sollicitudin mi, sit amet lobortis sapien sapien non mi. Integer ac neque. Duis bibendum.', 836, 0.2, 7);
insert into books (id, pub_date, is_bestseller, slug, title, image, description, price, discount, author_id) values (499, '2011/01/20', 0, 'book-hpg-860', 'Love Affair', 'http://dummyimage.com/441x628.png/ff4444/ffffff', 'Pellentesque eget nunc. Donec quis orci eget orci vehicula condimentum. Curabitur in libero ut massa volutpat convallis. Morbi odio odio, elementum eu, interdum eu, tincidunt in, leo. Maecenas pulvinar lobortis est. Phasellus sit amet erat.', 1126, 0.12, 4);
insert into books (id, pub_date, is_bestseller, slug, title, image, description, price, discount, author_id) values (500, '2020/08/13', 1, 'book-iep-714', 'Lilian''s Story', 'http://dummyimage.com/440x594.png/dddddd/000000', 'Donec posuere metus vitae ipsum. Aliquam non mauris. Morbi non lectus. Aliquam sit amet diam in magna bibendum imperdiet. Nullam orci pede, venenatis non, sodales sed, tincidunt eu, felis.', 1750, 0.19, 9);
insert into books (id, pub_date, is_bestseller, slug, title, image, description, price, discount, author_id) values (501, '2020/05/24', 1, 'book-tmt-879', 'Fiend with the Electronic Brain (Blood of Ghastly Horror)', 'http://dummyimage.com/741x417.png/dddddd/000000', 'Pellentesque eget nunc. Donec quis orci eget orci vehicula condimentum. Curabitur in libero ut massa volutpat convallis. Morbi odio odio, elementum eu, interdum eu, tincidunt in, leo. Maecenas pulvinar lobortis est.', 2316, 0.33, 16);
insert into books (id, pub_date, is_bestseller, slug, title, image, description, price, discount, author_id) values (502, '2012/12/11', 0, 'book-yqj-608', 'Goya: Crazy Like a Genius', 'http://dummyimage.com/476x694.png/dddddd/000000', 'Cum sociis natoque penatibus et magnis dis parturient montes, nascetur ridiculus mus. Vivamus vestibulum sagittis sapien. Cum sociis natoque penatibus et magnis dis parturient montes, nascetur ridiculus mus. Etiam vel augue. Vestibulum rutrum rutrum neque.', 428, 0.31, 18);
insert into books (id, pub_date, is_bestseller, slug, title, image, description, price, discount, author_id) values (503, '2020/02/23', 1, 'book-aob-992', 'Broadway Serenade', 'http://dummyimage.com/771x514.png/cc0000/ffffff', 'Morbi ut odio. Cras mi pede, malesuada in, imperdiet et, commodo vulputate, justo. In blandit ultrices enim. Lorem ipsum dolor sit amet, consectetuer adipiscing elit. Proin interdum mauris non ligula pellentesque ultrices.', 2009, 0.46, 1);
insert into books (id, pub_date, is_bestseller, slug, title, image, description, price, discount, author_id) values (504, '2017/11/17', 1, 'book-ujy-692', 'Brown''s Requiem', 'http://dummyimage.com/651x345.png/cc0000/ffffff', 'Phasellus id sapien in sapien iaculis congue. Vivamus metus arcu, adipiscing molestie, hendrerit at, vulputate vitae, nisl. Aenean lectus. Pellentesque eget nunc. Donec quis orci eget orci vehicula condimentum. Curabitur in libero ut massa volutpat convallis.', 1086, 0.42, 11);
insert into books (id, pub_date, is_bestseller, slug, title, image, description, price, discount, author_id) values (505, '2016/01/08', 1, 'book-tbn-657', 'Oceans (Océans)', 'http://dummyimage.com/461x392.png/cc0000/ffffff', 'Nunc nisl. Duis bibendum, felis sed interdum venenatis, turpis enim blandit mi, in porttitor pede justo eu massa. Donec dapibus. Duis at velit eu est congue elementum. In hac habitasse platea dictumst.', 2455, 0.24, 10);
insert into books (id, pub_date, is_bestseller, slug, title, image, description, price, discount, author_id) values (506, '2012/12/06', 0, 'book-khn-263', 'De la servitude moderne', 'http://dummyimage.com/335x599.png/cc0000/ffffff', 'Aenean sit amet justo. Morbi ut odio. Cras mi pede, malesuada in, imperdiet et, commodo vulputate, justo. In blandit ultrices enim. Lorem ipsum dolor sit amet, consectetuer adipiscing elit.', 2494, 0.14, 5);
insert into books (id, pub_date, is_bestseller, slug, title, image, description, price, discount, author_id) values (507, '2015/12/14', 0, 'book-esu-560', 'Faust', 'http://dummyimage.com/572x564.png/5fa2dd/ffffff', 'Suspendisse potenti. Cras in purus eu magna vulputate luctus. Cum sociis natoque penatibus et magnis dis parturient montes, nascetur ridiculus mus. Vivamus vestibulum sagittis sapien. Cum sociis natoque penatibus et magnis dis parturient montes, nascetur ridiculus mus. Etiam vel augue.', 2437, 0.32, 8);
insert into books (id, pub_date, is_bestseller, slug, title, image, description, price, discount, author_id) values (508, '2011/05/25', 1, 'book-ryg-398', 'Snow White and the Seven Dwarfs', 'http://dummyimage.com/477x424.png/cc0000/ffffff', 'Morbi porttitor lorem id ligula. Suspendisse ornare consequat lectus. In est risus, auctor sed, tristique in, tempus sit amet, sem. Fusce consequat. Nulla nisl. Nunc nisl.', 258, 0.14, 7);
insert into books (id, pub_date, is_bestseller, slug, title, image, description, price, discount, author_id) values (509, '2011/06/03', 1, 'book-yha-029', 'Little Soldier (Lille soldat)', 'http://dummyimage.com/541x704.png/ff4444/ffffff', 'Aliquam erat volutpat. In congue. Etiam justo. Etiam pretium iaculis justo. In hac habitasse platea dictumst. Etiam faucibus cursus urna.', 635, 0.44, 14);
insert into books (id, pub_date, is_bestseller, slug, title, image, description, price, discount, author_id) values (510, '2013/05/17', 1, 'book-rlc-225', 'Heartbreaker (L''Arnacoeur)', 'http://dummyimage.com/480x744.png/ff4444/ffffff', 'Phasellus id sapien in sapien iaculis congue. Vivamus metus arcu, adipiscing molestie, hendrerit at, vulputate vitae, nisl. Aenean lectus. Pellentesque eget nunc. Donec quis orci eget orci vehicula condimentum.', 2350, 0.16, 8);
insert into books (id, pub_date, is_bestseller, slug, title, image, description, price, discount, author_id) values (511, '2014/09/01', 0, 'book-xtd-748', 'Top Dog', 'http://dummyimage.com/609x399.png/ff4444/ffffff', 'Maecenas ut massa quis augue luctus tincidunt. Nulla mollis molestie lorem. Quisque ut erat. Curabitur gravida nisi at nibh. In hac habitasse platea dictumst. Aliquam augue quam, sollicitudin vitae, consectetuer eget, rutrum at, lorem.', 2280, 0.13, 5);
insert into books (id, pub_date, is_bestseller, slug, title, image, description, price, discount, author_id) values (512, '2016/10/30', 0, 'book-oze-262', 'Get Hard', 'http://dummyimage.com/521x782.png/dddddd/000000', 'Phasellus sit amet erat. Nulla tempus. Vivamus in felis eu sapien cursus vestibulum. Proin eu mi. Nulla ac enim.', 395, 0.14, 6);
insert into books (id, pub_date, is_bestseller, slug, title, image, description, price, discount, author_id) values (513, '2011/04/06', 1, 'book-lwg-803', 'Dark Matter', 'http://dummyimage.com/462x255.png/5fa2dd/ffffff', 'Praesent blandit. Nam nulla. Integer pede justo, lacinia eget, tincidunt eget, tempus vel, pede. Morbi porttitor lorem id ligula. Suspendisse ornare consequat lectus. In est risus, auctor sed, tristique in, tempus sit amet, sem.', 1556, 0.13, 15);
insert into books (id, pub_date, is_bestseller, slug, title, image, description, price, discount, author_id) values (514, '2017/02/13', 0, 'book-zjg-044', 'Three Comrades', 'http://dummyimage.com/740x787.png/cc0000/ffffff', 'Nulla tellus. In sagittis dui vel nisl. Duis ac nibh. Fusce lacus purus, aliquet at, feugiat non, pretium quis, lectus. Suspendisse potenti. In eleifend quam a odio.', 684, 0.41, 18);
insert into books (id, pub_date, is_bestseller, slug, title, image, description, price, discount, author_id) values (515, '2015/03/12', 0, 'book-zee-579', 'Driven', 'http://dummyimage.com/517x461.png/cc0000/ffffff', 'Pellentesque ultrices mattis odio. Donec vitae nisi. Nam ultrices, libero non mattis pulvinar, nulla pede ullamcorper augue, a suscipit nulla elit ac nulla. Sed vel enim sit amet nunc viverra dapibus. Nulla suscipit ligula in lacus. Curabitur at ipsum ac tellus semper interdum.', 249, 0.45, 5);
insert into books (id, pub_date, is_bestseller, slug, title, image, description, price, discount, author_id) values (516, '2017/10/22', 1, 'book-bbj-795', 'Dark Night of the Scarecrow', 'http://dummyimage.com/466x709.png/dddddd/000000', 'Phasellus sit amet erat. Nulla tempus. Vivamus in felis eu sapien cursus vestibulum. Proin eu mi. Nulla ac enim. In tempor, turpis nec euismod scelerisque, quam turpis adipiscing lorem, vitae mattis nibh ligula nec sem.', 1248, 0.08, 19);
insert into books (id, pub_date, is_bestseller, slug, title, image, description, price, discount, author_id) values (517, '2015/01/06', 1, 'book-ylq-975', 'Trainer on the Beach 2', 'http://dummyimage.com/338x761.png/dddddd/000000', 'In hac habitasse platea dictumst. Etiam faucibus cursus urna. Ut tellus. Nulla ut erat id mauris vulputate elementum. Nullam varius.', 402, 0.24, 7);
insert into books (id, pub_date, is_bestseller, slug, title, image, description, price, discount, author_id) values (518, '2013/05/25', 1, 'book-ywp-903', 'Passion of the Christ, The', 'http://dummyimage.com/706x341.png/dddddd/000000', 'Phasellus id sapien in sapien iaculis congue. Vivamus metus arcu, adipiscing molestie, hendrerit at, vulputate vitae, nisl. Aenean lectus. Pellentesque eget nunc. Donec quis orci eget orci vehicula condimentum. Curabitur in libero ut massa volutpat convallis.', 1900, 0.5, 16);
insert into books (id, pub_date, is_bestseller, slug, title, image, description, price, discount, author_id) values (519, '2015/11/08', 0, 'book-xhz-471', 'Welcome to the Space Show (Uchû shô e yôkoso)', 'http://dummyimage.com/466x484.png/5fa2dd/ffffff', 'Morbi quis tortor id nulla ultrices aliquet. Maecenas leo odio, condimentum id, luctus nec, molestie sed, justo. Pellentesque viverra pede ac diam. Cras pellentesque volutpat dui. Maecenas tristique, est et tempus semper, est quam pharetra magna, ac consequat metus sapien ut nunc. Vestibulum ante ipsum primis in faucibus orci luctus et ultrices posuere cubilia Curae; Mauris viverra diam vitae quam.', 2332, 0.33, 8);
insert into books (id, pub_date, is_bestseller, slug, title, image, description, price, discount, author_id) values (520, '2012/12/21', 0, 'book-irr-320', 'Men with Guns', 'http://dummyimage.com/365x648.png/dddddd/000000', 'Quisque id justo sit amet sapien dignissim vestibulum. Vestibulum ante ipsum primis in faucibus orci luctus et ultrices posuere cubilia Curae; Nulla dapibus dolor vel est. Donec odio justo, sollicitudin ut, suscipit a, feugiat et, eros. Vestibulum ac est lacinia nisi venenatis tristique. Fusce congue, diam id ornare imperdiet, sapien urna pretium nisl, ut volutpat sapien arcu sed augue. Aliquam erat volutpat.', 592, 0.22, 15);
insert into books (id, pub_date, is_bestseller, slug, title, image, description, price, discount, author_id) values (521, '2019/05/25', 1, 'book-ylv-570', 'Paris-Manhattan', 'http://dummyimage.com/380x667.png/ff4444/ffffff', 'Nulla tellus. In sagittis dui vel nisl. Duis ac nibh. Fusce lacus purus, aliquet at, feugiat non, pretium quis, lectus. Suspendisse potenti.', 1583, 0.4, 19);
insert into books (id, pub_date, is_bestseller, slug, title, image, description, price, discount, author_id) values (522, '2012/03/07', 0, 'book-nmt-913', 'Cinderella', 'http://dummyimage.com/533x534.png/5fa2dd/ffffff', 'Nam dui. Proin leo odio, porttitor id, consequat in, consequat ut, nulla. Sed accumsan felis. Ut at dolor quis odio consequat varius. Integer ac leo.', 457, 0.44, 2);
insert into books (id, pub_date, is_bestseller, slug, title, image, description, price, discount, author_id) values (523, '2020/06/20', 0, 'book-lwc-467', 'Sword and the Sorcerer, The', 'http://dummyimage.com/423x354.png/5fa2dd/ffffff', 'Pellentesque viverra pede ac diam. Cras pellentesque volutpat dui. Maecenas tristique, est et tempus semper, est quam pharetra magna, ac consequat metus sapien ut nunc. Vestibulum ante ipsum primis in faucibus orci luctus et ultrices posuere cubilia Curae; Mauris viverra diam vitae quam. Suspendisse potenti. Nullam porttitor lacus at turpis.', 1884, 0.41, 12);
insert into books (id, pub_date, is_bestseller, slug, title, image, description, price, discount, author_id) values (524, '2013/09/07', 0, 'book-esm-724', 'Blindman', 'http://dummyimage.com/586x765.png/5fa2dd/ffffff', 'Integer tincidunt ante vel ipsum. Praesent blandit lacinia erat. Vestibulum sed magna at nunc commodo placerat. Praesent blandit. Nam nulla.', 1910, 0.23, 2);
insert into books (id, pub_date, is_bestseller, slug, title, image, description, price, discount, author_id) values (525, '2019/11/19', 0, 'book-bne-262', 'Seduced and Abandoned', 'http://dummyimage.com/775x771.png/dddddd/000000', 'Vestibulum rutrum rutrum neque. Aenean auctor gravida sem. Praesent id massa id nisl venenatis lacinia. Aenean sit amet justo. Morbi ut odio. Cras mi pede, malesuada in, imperdiet et, commodo vulputate, justo.', 2091, 0.39, 5);
insert into books (id, pub_date, is_bestseller, slug, title, image, description, price, discount, author_id) values (526, '2018/03/21', 1, 'book-jex-716', 'Shriek If You Know What I Did Last Friday the Thirteenth', 'http://dummyimage.com/609x339.png/dddddd/000000', 'Fusce consequat. Nulla nisl. Nunc nisl. Duis bibendum, felis sed interdum venenatis, turpis enim blandit mi, in porttitor pede justo eu massa. Donec dapibus.', 1314, 0.27, 13);
insert into books (id, pub_date, is_bestseller, slug, title, image, description, price, discount, author_id) values (527, '2016/10/31', 0, 'book-vhj-744', 'Last Days on Mars, The', 'http://dummyimage.com/659x556.png/5fa2dd/ffffff', 'In eleifend quam a odio. In hac habitasse platea dictumst. Maecenas ut massa quis augue luctus tincidunt. Nulla mollis molestie lorem. Quisque ut erat. Curabitur gravida nisi at nibh.', 205, 0.31, 20);
insert into books (id, pub_date, is_bestseller, slug, title, image, description, price, discount, author_id) values (528, '2014/07/29', 0, 'book-yjm-798', 'Carla''s Song', 'http://dummyimage.com/647x527.png/ff4444/ffffff', 'Vestibulum quam sapien, varius ut, blandit non, interdum in, ante. Vestibulum ante ipsum primis in faucibus orci luctus et ultrices posuere cubilia Curae; Duis faucibus accumsan odio. Curabitur convallis. Duis consequat dui nec nisi volutpat eleifend. Donec ut dolor.', 623, 0.12, 3);
insert into books (id, pub_date, is_bestseller, slug, title, image, description, price, discount, author_id) values (529, '2013/02/12', 1, 'book-qrs-185', 'That''s Black Entertainment', 'http://dummyimage.com/304x771.png/5fa2dd/ffffff', 'In sagittis dui vel nisl. Duis ac nibh. Fusce lacus purus, aliquet at, feugiat non, pretium quis, lectus. Suspendisse potenti. In eleifend quam a odio.', 1583, 0.15, 3);
insert into books (id, pub_date, is_bestseller, slug, title, image, description, price, discount, author_id) values (530, '2012/03/21', 1, 'book-xfp-182', 'Sucker, The (Corniaud, Le)', 'http://dummyimage.com/692x499.png/5fa2dd/ffffff', 'Morbi non quam nec dui luctus rutrum. Nulla tellus. In sagittis dui vel nisl. Duis ac nibh. Fusce lacus purus, aliquet at, feugiat non, pretium quis, lectus. Suspendisse potenti.', 1328, 0.17, 2);
insert into books (id, pub_date, is_bestseller, slug, title, image, description, price, discount, author_id) values (531, '2020/07/09', 1, 'book-hfh-235', 'Dark Water', 'http://dummyimage.com/737x292.png/cc0000/ffffff', 'In congue. Etiam justo. Etiam pretium iaculis justo. In hac habitasse platea dictumst. Etiam faucibus cursus urna.', 2040, 0.26, 9);
insert into books (id, pub_date, is_bestseller, slug, title, image, description, price, discount, author_id) values (532, '2019/04/22', 1, 'book-pyl-201', 'Letter to Momo, A (Momo e no tegami)', 'http://dummyimage.com/762x738.png/dddddd/000000', 'Donec diam neque, vestibulum eget, vulputate ut, ultrices vel, augue. Vestibulum ante ipsum primis in faucibus orci luctus et ultrices posuere cubilia Curae; Donec pharetra, magna vestibulum aliquet ultrices, erat tortor sollicitudin mi, sit amet lobortis sapien sapien non mi. Integer ac neque. Duis bibendum. Morbi non quam nec dui luctus rutrum.', 1348, 0.45, 14);
insert into books (id, pub_date, is_bestseller, slug, title, image, description, price, discount, author_id) values (533, '2015/10/27', 0, 'book-ips-269', 'Prata Palomares', 'http://dummyimage.com/364x469.png/dddddd/000000', 'Donec dapibus. Duis at velit eu est congue elementum. In hac habitasse platea dictumst. Morbi vestibulum, velit id pretium iaculis, diam erat fermentum justo, nec condimentum neque sapien placerat ante. Nulla justo. Aliquam quis turpis eget elit sodales scelerisque.', 890, 0.16, 13);
insert into books (id, pub_date, is_bestseller, slug, title, image, description, price, discount, author_id) values (534, '2018/03/17', 1, 'book-eym-695', 'Week-End at the Waldorf', 'http://dummyimage.com/382x551.png/cc0000/ffffff', 'Maecenas tincidunt lacus at velit. Vivamus vel nulla eget eros elementum pellentesque. Quisque porta volutpat erat. Quisque erat eros, viverra eget, congue eget, semper rutrum, nulla. Nunc purus. Phasellus in felis.', 1836, 0.19, 20);
insert into books (id, pub_date, is_bestseller, slug, title, image, description, price, discount, author_id) values (535, '2013/10/01', 1, 'book-szr-716', 'Purely Belter', 'http://dummyimage.com/540x790.png/5fa2dd/ffffff', 'Morbi odio odio, elementum eu, interdum eu, tincidunt in, leo. Maecenas pulvinar lobortis est. Phasellus sit amet erat. Nulla tempus. Vivamus in felis eu sapien cursus vestibulum. Proin eu mi.', 2310, 0.28, 17);
insert into books (id, pub_date, is_bestseller, slug, title, image, description, price, discount, author_id) values (536, '2018/05/02', 1, 'book-joz-354', 'Family Resemblances (Un air de famille)', 'http://dummyimage.com/595x283.png/5fa2dd/ffffff', 'Etiam vel augue. Vestibulum rutrum rutrum neque. Aenean auctor gravida sem. Praesent id massa id nisl venenatis lacinia. Aenean sit amet justo. Morbi ut odio.', 1175, 0.17, 2);
insert into books (id, pub_date, is_bestseller, slug, title, image, description, price, discount, author_id) values (537, '2019/11/03', 0, 'book-yuh-731', 'Last Lovecraft: Relic of Cthulhu, The', 'http://dummyimage.com/776x513.png/dddddd/000000', 'Quisque porta volutpat erat. Quisque erat eros, viverra eget, congue eget, semper rutrum, nulla. Nunc purus. Phasellus in felis. Donec semper sapien a libero. Nam dui.', 2002, 0.39, 5);
insert into books (id, pub_date, is_bestseller, slug, title, image, description, price, discount, author_id) values (538, '2011/08/10', 0, 'book-mzx-651', 'Chambre en ville, Une (Room in Town, A)', 'http://dummyimage.com/380x680.png/ff4444/ffffff', 'Duis aliquam convallis nunc. Proin at turpis a pede posuere nonummy. Integer non velit. Donec diam neque, vestibulum eget, vulputate ut, ultrices vel, augue. Vestibulum ante ipsum primis in faucibus orci luctus et ultrices posuere cubilia Curae; Donec pharetra, magna vestibulum aliquet ultrices, erat tortor sollicitudin mi, sit amet lobortis sapien sapien non mi. Integer ac neque.', 1252, 0.18, 9);
insert into books (id, pub_date, is_bestseller, slug, title, image, description, price, discount, author_id) values (539, '2015/08/29', 1, 'book-fft-948', 'ATL', 'http://dummyimage.com/749x351.png/ff4444/ffffff', 'Proin eu mi. Nulla ac enim. In tempor, turpis nec euismod scelerisque, quam turpis adipiscing lorem, vitae mattis nibh ligula nec sem. Duis aliquam convallis nunc. Proin at turpis a pede posuere nonummy. Integer non velit.', 902, 0.4, 12);
insert into books (id, pub_date, is_bestseller, slug, title, image, description, price, discount, author_id) values (540, '2016/12/08', 0, 'book-ncn-764', 'Ritual (Shiki-Jitsu)', 'http://dummyimage.com/411x690.png/dddddd/000000', 'In eleifend quam a odio. In hac habitasse platea dictumst. Maecenas ut massa quis augue luctus tincidunt. Nulla mollis molestie lorem. Quisque ut erat. Curabitur gravida nisi at nibh.', 1399, 0.31, 9);
insert into books (id, pub_date, is_bestseller, slug, title, image, description, price, discount, author_id) values (541, '2016/08/09', 0, 'book-xzb-681', 'Dead Bang', 'http://dummyimage.com/574x675.png/ff4444/ffffff', 'Donec ut dolor. Morbi vel lectus in quam fringilla rhoncus. Mauris enim leo, rhoncus sed, vestibulum sit amet, cursus id, turpis. Integer aliquet, massa id lobortis convallis, tortor risus dapibus augue, vel accumsan tellus nisi eu orci. Mauris lacinia sapien quis libero.', 1822, 0.1, 21);
insert into books (id, pub_date, is_bestseller, slug, title, image, description, price, discount, author_id) values (542, '2020/07/15', 0, 'book-fyu-934', 'SpongeBob Movie: Sponge Out of Water, The', 'http://dummyimage.com/513x599.png/5fa2dd/ffffff', 'Integer ac leo. Pellentesque ultrices mattis odio. Donec vitae nisi. Nam ultrices, libero non mattis pulvinar, nulla pede ullamcorper augue, a suscipit nulla elit ac nulla. Sed vel enim sit amet nunc viverra dapibus.', 2434, 0.28, 7);
insert into books (id, pub_date, is_bestseller, slug, title, image, description, price, discount, author_id) values (543, '2014/09/23', 1, 'book-eqo-966', 'Puppet Master III: Toulon''s Revenge', 'http://dummyimage.com/648x416.png/5fa2dd/ffffff', 'Donec diam neque, vestibulum eget, vulputate ut, ultrices vel, augue. Vestibulum ante ipsum primis in faucibus orci luctus et ultrices posuere cubilia Curae; Donec pharetra, magna vestibulum aliquet ultrices, erat tortor sollicitudin mi, sit amet lobortis sapien sapien non mi. Integer ac neque. Duis bibendum. Morbi non quam nec dui luctus rutrum.', 1960, 0.28, 16);
insert into books (id, pub_date, is_bestseller, slug, title, image, description, price, discount, author_id) values (544, '2018/02/04', 1, 'book-jxm-876', 'My Brother Tom', 'http://dummyimage.com/342x585.png/dddddd/000000', 'Ut at dolor quis odio consequat varius. Integer ac leo. Pellentesque ultrices mattis odio. Donec vitae nisi. Nam ultrices, libero non mattis pulvinar, nulla pede ullamcorper augue, a suscipit nulla elit ac nulla.', 775, 0.08, 18);
insert into books (id, pub_date, is_bestseller, slug, title, image, description, price, discount, author_id) values (545, '2019/08/04', 0, 'book-fbg-693', 'It''s A Wonderful World', 'http://dummyimage.com/644x501.png/5fa2dd/ffffff', 'Duis ac nibh. Fusce lacus purus, aliquet at, feugiat non, pretium quis, lectus. Suspendisse potenti. In eleifend quam a odio. In hac habitasse platea dictumst.', 295, 0.3, 18);
insert into books (id, pub_date, is_bestseller, slug, title, image, description, price, discount, author_id) values (546, '2015/07/22', 1, 'book-yce-563', 'Revolutionary Road', 'http://dummyimage.com/523x403.png/dddddd/000000', 'Nullam orci pede, venenatis non, sodales sed, tincidunt eu, felis. Fusce posuere felis sed lacus. Morbi sem mauris, laoreet ut, rhoncus aliquet, pulvinar sed, nisl. Nunc rhoncus dui vel sem. Sed sagittis.', 516, 0.13, 11);
insert into books (id, pub_date, is_bestseller, slug, title, image, description, price, discount, author_id) values (547, '2020/10/10', 1, 'book-omm-466', 'Hippie Revolution, The', 'http://dummyimage.com/510x617.png/ff4444/ffffff', 'Pellentesque at nulla. Suspendisse potenti. Cras in purus eu magna vulputate luctus. Cum sociis natoque penatibus et magnis dis parturient montes, nascetur ridiculus mus. Vivamus vestibulum sagittis sapien.', 1812, 0.11, 12);
insert into books (id, pub_date, is_bestseller, slug, title, image, description, price, discount, author_id) values (548, '2012/03/19', 1, 'book-mak-442', 'Indiscreet', 'http://dummyimage.com/559x689.png/5fa2dd/ffffff', 'In eleifend quam a odio. In hac habitasse platea dictumst. Maecenas ut massa quis augue luctus tincidunt. Nulla mollis molestie lorem. Quisque ut erat.', 749, 0.33, 19);
insert into books (id, pub_date, is_bestseller, slug, title, image, description, price, discount, author_id) values (549, '2016/10/27', 0, 'book-zlc-393', 'You Are the Apple of My Eye', 'http://dummyimage.com/675x630.png/5fa2dd/ffffff', 'Aliquam non mauris. Morbi non lectus. Aliquam sit amet diam in magna bibendum imperdiet. Nullam orci pede, venenatis non, sodales sed, tincidunt eu, felis. Fusce posuere felis sed lacus. Morbi sem mauris, laoreet ut, rhoncus aliquet, pulvinar sed, nisl.', 1319, 0.35, 13);
insert into books (id, pub_date, is_bestseller, slug, title, image, description, price, discount, author_id) values (550, '2015/02/05', 0, 'book-vcx-289', 'Daybreakers', 'http://dummyimage.com/704x293.png/ff4444/ffffff', 'Integer a nibh. In quis justo. Maecenas rhoncus aliquam lacus. Morbi quis tortor id nulla ultrices aliquet. Maecenas leo odio, condimentum id, luctus nec, molestie sed, justo. Pellentesque viverra pede ac diam.', 451, 0.11, 5);
insert into books (id, pub_date, is_bestseller, slug, title, image, description, price, discount, author_id) values (551, '2012/01/06', 0, 'book-sra-835', 'Used People', 'http://dummyimage.com/471x397.png/5fa2dd/ffffff', 'Curabitur gravida nisi at nibh. In hac habitasse platea dictumst. Aliquam augue quam, sollicitudin vitae, consectetuer eget, rutrum at, lorem. Integer tincidunt ante vel ipsum. Praesent blandit lacinia erat.', 474, 0.3, 5);
insert into books (id, pub_date, is_bestseller, slug, title, image, description, price, discount, author_id) values (552, '2012/04/13', 1, 'book-xyc-021', 'Wings in the Dark', 'http://dummyimage.com/730x329.png/ff4444/ffffff', 'Nulla mollis molestie lorem. Quisque ut erat. Curabitur gravida nisi at nibh. In hac habitasse platea dictumst. Aliquam augue quam, sollicitudin vitae, consectetuer eget, rutrum at, lorem. Integer tincidunt ante vel ipsum.', 528, 0.3, 13);
insert into books (id, pub_date, is_bestseller, slug, title, image, description, price, discount, author_id) values (553, '2018/08/10', 0, 'book-swd-888', 'Odd Couple (Bo ming chan dao duo ming qiang) (Eternal Conflict)', 'http://dummyimage.com/389x575.png/5fa2dd/ffffff', 'Praesent id massa id nisl venenatis lacinia. Aenean sit amet justo. Morbi ut odio. Cras mi pede, malesuada in, imperdiet et, commodo vulputate, justo. In blandit ultrices enim.', 925, 0.16, 7);
insert into books (id, pub_date, is_bestseller, slug, title, image, description, price, discount, author_id) values (554, '2017/04/19', 1, 'book-dnt-204', 'Stranger Than Paradise', 'http://dummyimage.com/753x282.png/5fa2dd/ffffff', 'Proin risus. Praesent lectus. Vestibulum quam sapien, varius ut, blandit non, interdum in, ante. Vestibulum ante ipsum primis in faucibus orci luctus et ultrices posuere cubilia Curae; Duis faucibus accumsan odio. Curabitur convallis. Duis consequat dui nec nisi volutpat eleifend.', 446, 0.29, 5);
insert into books (id, pub_date, is_bestseller, slug, title, image, description, price, discount, author_id) values (555, '2014/09/12', 1, 'book-cko-481', 'Ruby Gentry', 'http://dummyimage.com/253x592.png/5fa2dd/ffffff', 'Vestibulum ante ipsum primis in faucibus orci luctus et ultrices posuere cubilia Curae; Duis faucibus accumsan odio. Curabitur convallis. Duis consequat dui nec nisi volutpat eleifend. Donec ut dolor. Morbi vel lectus in quam fringilla rhoncus.', 762, 0.1, 7);
insert into books (id, pub_date, is_bestseller, slug, title, image, description, price, discount, author_id) values (556, '2016/10/04', 1, 'book-dxg-730', 'Free Money', 'http://dummyimage.com/570x425.png/dddddd/000000', 'Donec diam neque, vestibulum eget, vulputate ut, ultrices vel, augue. Vestibulum ante ipsum primis in faucibus orci luctus et ultrices posuere cubilia Curae; Donec pharetra, magna vestibulum aliquet ultrices, erat tortor sollicitudin mi, sit amet lobortis sapien sapien non mi. Integer ac neque. Duis bibendum. Morbi non quam nec dui luctus rutrum. Nulla tellus.', 1013, 0.3, 8);
insert into books (id, pub_date, is_bestseller, slug, title, image, description, price, discount, author_id) values (557, '2019/01/28', 1, 'book-yxi-458', 'Disney Princess Collection: Jasmine''s Enchanted Tales: Jasmine''s Wish', 'http://dummyimage.com/508x396.png/cc0000/ffffff', 'Vivamus in felis eu sapien cursus vestibulum. Proin eu mi. Nulla ac enim. In tempor, turpis nec euismod scelerisque, quam turpis adipiscing lorem, vitae mattis nibh ligula nec sem. Duis aliquam convallis nunc. Proin at turpis a pede posuere nonummy.', 600, 0.15, 12);
insert into books (id, pub_date, is_bestseller, slug, title, image, description, price, discount, author_id) values (558, '2017/10/19', 0, 'book-prd-434', 'Diary of a Mad Housewife', 'http://dummyimage.com/322x268.png/ff4444/ffffff', 'Nunc rhoncus dui vel sem. Sed sagittis. Nam congue, risus semper porta volutpat, quam pede lobortis ligula, sit amet eleifend pede libero quis orci. Nullam molestie nibh in lectus. Pellentesque at nulla. Suspendisse potenti.', 2223, 0.36, 8);
insert into books (id, pub_date, is_bestseller, slug, title, image, description, price, discount, author_id) values (559, '2013/04/27', 1, 'book-ein-677', 'Primer', 'http://dummyimage.com/554x271.png/cc0000/ffffff', 'Vivamus metus arcu, adipiscing molestie, hendrerit at, vulputate vitae, nisl. Aenean lectus. Pellentesque eget nunc. Donec quis orci eget orci vehicula condimentum. Curabitur in libero ut massa volutpat convallis.', 2340, 0.42, 6);
insert into books (id, pub_date, is_bestseller, slug, title, image, description, price, discount, author_id) values (560, '2016/08/20', 0, 'book-lzz-428', 'Mermaids', 'http://dummyimage.com/391x800.png/cc0000/ffffff', 'Morbi a ipsum. Integer a nibh. In quis justo. Maecenas rhoncus aliquam lacus. Morbi quis tortor id nulla ultrices aliquet. Maecenas leo odio, condimentum id, luctus nec, molestie sed, justo.', 170, 0.29, 12);
insert into books (id, pub_date, is_bestseller, slug, title, image, description, price, discount, author_id) values (561, '2012/10/04', 0, 'book-hkk-222', 'Dragon Ball Z: Dead Zone (Doragon bôru Z 1: Ora no Gohan wo kaese)', 'http://dummyimage.com/456x602.png/ff4444/ffffff', 'Fusce lacus purus, aliquet at, feugiat non, pretium quis, lectus. Suspendisse potenti. In eleifend quam a odio. In hac habitasse platea dictumst. Maecenas ut massa quis augue luctus tincidunt. Nulla mollis molestie lorem.', 1239, 0.14, 19);
insert into books (id, pub_date, is_bestseller, slug, title, image, description, price, discount, author_id) values (562, '2020/02/15', 1, 'book-vcp-824', 'The Haunted House', 'http://dummyimage.com/586x576.png/cc0000/ffffff', 'Maecenas tincidunt lacus at velit. Vivamus vel nulla eget eros elementum pellentesque. Quisque porta volutpat erat. Quisque erat eros, viverra eget, congue eget, semper rutrum, nulla. Nunc purus.', 1380, 0.08, 3);
insert into books (id, pub_date, is_bestseller, slug, title, image, description, price, discount, author_id) values (563, '2012/05/25', 0, 'book-nfm-523', 'Disturbia', 'http://dummyimage.com/426x455.png/5fa2dd/ffffff', 'Morbi vestibulum, velit id pretium iaculis, diam erat fermentum justo, nec condimentum neque sapien placerat ante. Nulla justo. Aliquam quis turpis eget elit sodales scelerisque. Mauris sit amet eros. Suspendisse accumsan tortor quis turpis.', 2076, 0.14, 4);
insert into books (id, pub_date, is_bestseller, slug, title, image, description, price, discount, author_id) values (564, '2017/03/24', 1, 'book-egl-777', 'Lost in Siberia (Ausgerechnet Sibirien)', 'http://dummyimage.com/747x735.png/5fa2dd/ffffff', 'Nunc purus. Phasellus in felis. Donec semper sapien a libero. Nam dui. Proin leo odio, porttitor id, consequat in, consequat ut, nulla.', 1793, 0.22, 17);
insert into books (id, pub_date, is_bestseller, slug, title, image, description, price, discount, author_id) values (565, '2012/07/21', 0, 'book-eft-291', 'Skenbart: En film om tåg', 'http://dummyimage.com/629x703.png/ff4444/ffffff', 'Pellentesque viverra pede ac diam. Cras pellentesque volutpat dui. Maecenas tristique, est et tempus semper, est quam pharetra magna, ac consequat metus sapien ut nunc. Vestibulum ante ipsum primis in faucibus orci luctus et ultrices posuere cubilia Curae; Mauris viverra diam vitae quam. Suspendisse potenti. Nullam porttitor lacus at turpis.', 2474, 0.16, 3);
insert into books (id, pub_date, is_bestseller, slug, title, image, description, price, discount, author_id) values (566, '2020/03/01', 0, 'book-qzp-354', 'Hotline', 'http://dummyimage.com/728x269.png/ff4444/ffffff', 'Nunc rhoncus dui vel sem. Sed sagittis. Nam congue, risus semper porta volutpat, quam pede lobortis ligula, sit amet eleifend pede libero quis orci. Nullam molestie nibh in lectus. Pellentesque at nulla.', 531, 0.43, 8);
insert into books (id, pub_date, is_bestseller, slug, title, image, description, price, discount, author_id) values (567, '2012/12/31', 0, 'book-egq-839', 'Hottest State, The', 'http://dummyimage.com/412x790.png/5fa2dd/ffffff', 'Cras non velit nec nisi vulputate nonummy. Maecenas tincidunt lacus at velit. Vivamus vel nulla eget eros elementum pellentesque. Quisque porta volutpat erat. Quisque erat eros, viverra eget, congue eget, semper rutrum, nulla.', 534, 0.08, 16);
insert into books (id, pub_date, is_bestseller, slug, title, image, description, price, discount, author_id) values (568, '2017/08/24', 1, 'book-gdo-902', 'Incident at Blood Pass (Machibuse) (Ambush)', 'http://dummyimage.com/739x425.png/5fa2dd/ffffff', 'Nam dui. Proin leo odio, porttitor id, consequat in, consequat ut, nulla. Sed accumsan felis. Ut at dolor quis odio consequat varius. Integer ac leo.', 2289, 0.11, 21);
insert into books (id, pub_date, is_bestseller, slug, title, image, description, price, discount, author_id) values (569, '2017/10/03', 0, 'book-quy-036', 'Dragon Ball Z: Fusion Reborn (Doragon bôru Z 12: Fukkatsu no fyushon!! Gokû to Bejîta)', 'http://dummyimage.com/368x271.png/cc0000/ffffff', 'In hac habitasse platea dictumst. Maecenas ut massa quis augue luctus tincidunt. Nulla mollis molestie lorem. Quisque ut erat. Curabitur gravida nisi at nibh. In hac habitasse platea dictumst.', 2320, 0.4, 8);
insert into books (id, pub_date, is_bestseller, slug, title, image, description, price, discount, author_id) values (570, '2015/11/29', 0, 'book-rlu-973', 'The Butterfly Effect 3: Revelations', 'http://dummyimage.com/380x612.png/5fa2dd/ffffff', 'Lorem ipsum dolor sit amet, consectetuer adipiscing elit. Proin risus. Praesent lectus. Vestibulum quam sapien, varius ut, blandit non, interdum in, ante. Vestibulum ante ipsum primis in faucibus orci luctus et ultrices posuere cubilia Curae; Duis faucibus accumsan odio.', 349, 0.29, 16);
insert into books (id, pub_date, is_bestseller, slug, title, image, description, price, discount, author_id) values (571, '2013/10/16', 1, 'book-kqe-763', 'Ninja Assassin', 'http://dummyimage.com/506x484.png/cc0000/ffffff', 'Morbi vestibulum, velit id pretium iaculis, diam erat fermentum justo, nec condimentum neque sapien placerat ante. Nulla justo. Aliquam quis turpis eget elit sodales scelerisque. Mauris sit amet eros. Suspendisse accumsan tortor quis turpis.', 788, 0.15, 6);
insert into books (id, pub_date, is_bestseller, slug, title, image, description, price, discount, author_id) values (572, '2013/02/17', 0, 'book-sli-503', 'Floating Skyscrapers', 'http://dummyimage.com/615x446.png/ff4444/ffffff', 'Integer pede justo, lacinia eget, tincidunt eget, tempus vel, pede. Morbi porttitor lorem id ligula. Suspendisse ornare consequat lectus. In est risus, auctor sed, tristique in, tempus sit amet, sem. Fusce consequat.', 818, 0.25, 8);
insert into books (id, pub_date, is_bestseller, slug, title, image, description, price, discount, author_id) values (573, '2015/05/01', 1, 'book-ihw-355', 'Erin Brockovich', 'http://dummyimage.com/746x422.png/dddddd/000000', 'In sagittis dui vel nisl. Duis ac nibh. Fusce lacus purus, aliquet at, feugiat non, pretium quis, lectus. Suspendisse potenti. In eleifend quam a odio. In hac habitasse platea dictumst.', 2350, 0.2, 19);
insert into books (id, pub_date, is_bestseller, slug, title, image, description, price, discount, author_id) values (574, '2012/12/21', 0, 'book-qzu-840', 'Siberian Education (Educazione siberiana)', 'http://dummyimage.com/666x409.png/cc0000/ffffff', 'Nulla tempus. Vivamus in felis eu sapien cursus vestibulum. Proin eu mi. Nulla ac enim. In tempor, turpis nec euismod scelerisque, quam turpis adipiscing lorem, vitae mattis nibh ligula nec sem.', 1780, 0.5, 8);
insert into books (id, pub_date, is_bestseller, slug, title, image, description, price, discount, author_id) values (575, '2012/08/31', 0, 'book-xzg-800', 'Love Bug, The', 'http://dummyimage.com/787x380.png/cc0000/ffffff', 'Proin risus. Praesent lectus. Vestibulum quam sapien, varius ut, blandit non, interdum in, ante. Vestibulum ante ipsum primis in faucibus orci luctus et ultrices posuere cubilia Curae; Duis faucibus accumsan odio. Curabitur convallis.', 1673, 0.29, 6);
insert into books (id, pub_date, is_bestseller, slug, title, image, description, price, discount, author_id) values (576, '2012/09/24', 1, 'book-dqi-284', 'Ricky Gervais Live 2: Politics', 'http://dummyimage.com/265x252.png/dddddd/000000', 'Aliquam non mauris. Morbi non lectus. Aliquam sit amet diam in magna bibendum imperdiet. Nullam orci pede, venenatis non, sodales sed, tincidunt eu, felis. Fusce posuere felis sed lacus. Morbi sem mauris, laoreet ut, rhoncus aliquet, pulvinar sed, nisl.', 425, 0.33, 14);
insert into books (id, pub_date, is_bestseller, slug, title, image, description, price, discount, author_id) values (577, '2015/10/28', 1, 'book-ico-307', 'Tortilla Soup', 'http://dummyimage.com/604x721.png/ff4444/ffffff', 'Vestibulum quam sapien, varius ut, blandit non, interdum in, ante. Vestibulum ante ipsum primis in faucibus orci luctus et ultrices posuere cubilia Curae; Duis faucibus accumsan odio. Curabitur convallis. Duis consequat dui nec nisi volutpat eleifend. Donec ut dolor. Morbi vel lectus in quam fringilla rhoncus.', 732, 0.16, 17);
insert into books (id, pub_date, is_bestseller, slug, title, image, description, price, discount, author_id) values (578, '2019/12/02', 0, 'book-mdl-545', 'Carter, The', 'http://dummyimage.com/789x582.png/ff4444/ffffff', 'Vestibulum quam sapien, varius ut, blandit non, interdum in, ante. Vestibulum ante ipsum primis in faucibus orci luctus et ultrices posuere cubilia Curae; Duis faucibus accumsan odio. Curabitur convallis. Duis consequat dui nec nisi volutpat eleifend. Donec ut dolor. Morbi vel lectus in quam fringilla rhoncus.', 1597, 0.3, 8);
insert into books (id, pub_date, is_bestseller, slug, title, image, description, price, discount, author_id) values (579, '2018/11/28', 0, 'book-yjp-220', 'Day a Pig Fell Into the Well, The (Daijiga umule pajinnal)', 'http://dummyimage.com/792x339.png/cc0000/ffffff', 'In est risus, auctor sed, tristique in, tempus sit amet, sem. Fusce consequat. Nulla nisl. Nunc nisl. Duis bibendum, felis sed interdum venenatis, turpis enim blandit mi, in porttitor pede justo eu massa.', 1325, 0.24, 1);
insert into books (id, pub_date, is_bestseller, slug, title, image, description, price, discount, author_id) values (580, '2017/09/13', 0, 'book-cbu-368', 'Promised Life, The (Vie promise, La)', 'http://dummyimage.com/337x764.png/cc0000/ffffff', 'Integer non velit. Donec diam neque, vestibulum eget, vulputate ut, ultrices vel, augue. Vestibulum ante ipsum primis in faucibus orci luctus et ultrices posuere cubilia Curae; Donec pharetra, magna vestibulum aliquet ultrices, erat tortor sollicitudin mi, sit amet lobortis sapien sapien non mi. Integer ac neque. Duis bibendum.', 557, 0.2, 11);
insert into books (id, pub_date, is_bestseller, slug, title, image, description, price, discount, author_id) values (581, '2016/07/17', 0, 'book-yyl-744', 'White Night (Hvid nat)', 'http://dummyimage.com/683x627.png/5fa2dd/ffffff', 'Curabitur gravida nisi at nibh. In hac habitasse platea dictumst. Aliquam augue quam, sollicitudin vitae, consectetuer eget, rutrum at, lorem. Integer tincidunt ante vel ipsum. Praesent blandit lacinia erat.', 1018, 0.08, 4);
insert into books (id, pub_date, is_bestseller, slug, title, image, description, price, discount, author_id) values (582, '2013/05/22', 1, 'book-hlh-631', 'Dealin'' with Idiots', 'http://dummyimage.com/430x428.png/ff4444/ffffff', 'Proin leo odio, porttitor id, consequat in, consequat ut, nulla. Sed accumsan felis. Ut at dolor quis odio consequat varius. Integer ac leo. Pellentesque ultrices mattis odio.', 579, 0.41, 10);
insert into books (id, pub_date, is_bestseller, slug, title, image, description, price, discount, author_id) values (583, '2015/12/09', 1, 'book-nui-333', 'Pirates', 'http://dummyimage.com/440x773.png/dddddd/000000', 'Donec odio justo, sollicitudin ut, suscipit a, feugiat et, eros. Vestibulum ac est lacinia nisi venenatis tristique. Fusce congue, diam id ornare imperdiet, sapien urna pretium nisl, ut volutpat sapien arcu sed augue. Aliquam erat volutpat. In congue.', 2415, 0.33, 21);
insert into books (id, pub_date, is_bestseller, slug, title, image, description, price, discount, author_id) values (584, '2020/05/31', 0, 'book-ztd-097', 'Black Sunday', 'http://dummyimage.com/542x432.png/5fa2dd/ffffff', 'Sed sagittis. Nam congue, risus semper porta volutpat, quam pede lobortis ligula, sit amet eleifend pede libero quis orci. Nullam molestie nibh in lectus. Pellentesque at nulla. Suspendisse potenti. Cras in purus eu magna vulputate luctus.', 1123, 0.3, 17);
insert into books (id, pub_date, is_bestseller, slug, title, image, description, price, discount, author_id) values (585, '2020/06/06', 0, 'book-lxl-105', 'Warsaw Bridge (Pont de Varsòvia)', 'http://dummyimage.com/265x608.png/cc0000/ffffff', 'Integer aliquet, massa id lobortis convallis, tortor risus dapibus augue, vel accumsan tellus nisi eu orci. Mauris lacinia sapien quis libero. Nullam sit amet turpis elementum ligula vehicula consequat. Morbi a ipsum. Integer a nibh. In quis justo.', 583, 0.34, 6);
insert into books (id, pub_date, is_bestseller, slug, title, image, description, price, discount, author_id) values (586, '2016/11/29', 1, 'book-mih-043', 'D.O.A.', 'http://dummyimage.com/629x542.png/cc0000/ffffff', 'Nullam molestie nibh in lectus. Pellentesque at nulla. Suspendisse potenti. Cras in purus eu magna vulputate luctus. Cum sociis natoque penatibus et magnis dis parturient montes, nascetur ridiculus mus. Vivamus vestibulum sagittis sapien.', 1229, 0.45, 8);
insert into books (id, pub_date, is_bestseller, slug, title, image, description, price, discount, author_id) values (587, '2020/10/21', 0, 'book-ssx-510', 'Sadie Thompson', 'http://dummyimage.com/363x269.png/dddddd/000000', 'Integer aliquet, massa id lobortis convallis, tortor risus dapibus augue, vel accumsan tellus nisi eu orci. Mauris lacinia sapien quis libero. Nullam sit amet turpis elementum ligula vehicula consequat. Morbi a ipsum. Integer a nibh.', 2078, 0.27, 12);
insert into books (id, pub_date, is_bestseller, slug, title, image, description, price, discount, author_id) values (588, '2017/06/30', 0, 'book-dlm-715', 'The Final Girl', 'http://dummyimage.com/678x744.png/cc0000/ffffff', 'Morbi non quam nec dui luctus rutrum. Nulla tellus. In sagittis dui vel nisl. Duis ac nibh. Fusce lacus purus, aliquet at, feugiat non, pretium quis, lectus.', 1945, 0.44, 20);
insert into books (id, pub_date, is_bestseller, slug, title, image, description, price, discount, author_id) values (589, '2010/11/30', 0, 'book-lqe-535', 'Yi Yi', 'http://dummyimage.com/409x730.png/ff4444/ffffff', 'Duis mattis egestas metus. Aenean fermentum. Donec ut mauris eget massa tempor convallis. Nulla neque libero, convallis eget, eleifend luctus, ultricies eu, nibh. Quisque id justo sit amet sapien dignissim vestibulum. Vestibulum ante ipsum primis in faucibus orci luctus et ultrices posuere cubilia Curae; Nulla dapibus dolor vel est.', 110, 0.45, 1);
insert into books (id, pub_date, is_bestseller, slug, title, image, description, price, discount, author_id) values (590, '2017/10/09', 1, 'book-kji-114', 'Toni', 'http://dummyimage.com/733x779.png/5fa2dd/ffffff', 'In hac habitasse platea dictumst. Maecenas ut massa quis augue luctus tincidunt. Nulla mollis molestie lorem. Quisque ut erat. Curabitur gravida nisi at nibh. In hac habitasse platea dictumst.', 1006, 0.34, 5);
insert into books (id, pub_date, is_bestseller, slug, title, image, description, price, discount, author_id) values (591, '2014/05/18', 0, 'book-kwn-396', 'Manhunt', 'http://dummyimage.com/722x498.png/cc0000/ffffff', 'Quisque erat eros, viverra eget, congue eget, semper rutrum, nulla. Nunc purus. Phasellus in felis. Donec semper sapien a libero. Nam dui.', 850, 0.29, 4);
insert into books (id, pub_date, is_bestseller, slug, title, image, description, price, discount, author_id) values (592, '2015/03/04', 0, 'book-few-107', 'White Light/Black Rain: The Destruction of Hiroshima and Nagasaki', 'http://dummyimage.com/348x311.png/dddddd/000000', 'Suspendisse potenti. Cras in purus eu magna vulputate luctus. Cum sociis natoque penatibus et magnis dis parturient montes, nascetur ridiculus mus. Vivamus vestibulum sagittis sapien. Cum sociis natoque penatibus et magnis dis parturient montes, nascetur ridiculus mus. Etiam vel augue.', 2241, 0.26, 2);
insert into books (id, pub_date, is_bestseller, slug, title, image, description, price, discount, author_id) values (593, '2012/10/28', 1, 'book-nwr-648', 'Casper', 'http://dummyimage.com/462x734.png/5fa2dd/ffffff', 'Cum sociis natoque penatibus et magnis dis parturient montes, nascetur ridiculus mus. Vivamus vestibulum sagittis sapien. Cum sociis natoque penatibus et magnis dis parturient montes, nascetur ridiculus mus. Etiam vel augue. Vestibulum rutrum rutrum neque. Aenean auctor gravida sem.', 1978, 0.4, 14);
insert into books (id, pub_date, is_bestseller, slug, title, image, description, price, discount, author_id) values (594, '2014/10/19', 0, 'book-kfn-102', 'Watch Out, We''re Mad (...Altrimenti ci arrabbiamo!)', 'http://dummyimage.com/736x520.png/dddddd/000000', 'Fusce congue, diam id ornare imperdiet, sapien urna pretium nisl, ut volutpat sapien arcu sed augue. Aliquam erat volutpat. In congue. Etiam justo. Etiam pretium iaculis justo. In hac habitasse platea dictumst.', 1304, 0.29, 13);
insert into books (id, pub_date, is_bestseller, slug, title, image, description, price, discount, author_id) values (595, '2018/09/03', 1, 'book-hhm-811', 'Pest, The', 'http://dummyimage.com/478x784.png/ff4444/ffffff', 'Integer ac neque. Duis bibendum. Morbi non quam nec dui luctus rutrum. Nulla tellus. In sagittis dui vel nisl.', 499, 0.21, 4);
insert into books (id, pub_date, is_bestseller, slug, title, image, description, price, discount, author_id) values (596, '2017/04/28', 0, 'book-glt-202', 'King of Kings, The', 'http://dummyimage.com/674x461.png/ff4444/ffffff', 'Morbi odio odio, elementum eu, interdum eu, tincidunt in, leo. Maecenas pulvinar lobortis est. Phasellus sit amet erat. Nulla tempus. Vivamus in felis eu sapien cursus vestibulum. Proin eu mi.', 1952, 0.45, 1);
insert into books (id, pub_date, is_bestseller, slug, title, image, description, price, discount, author_id) values (597, '2011/01/13', 0, 'book-epv-651', 'One Way Passage', 'http://dummyimage.com/708x666.png/cc0000/ffffff', 'Vivamus in felis eu sapien cursus vestibulum. Proin eu mi. Nulla ac enim. In tempor, turpis nec euismod scelerisque, quam turpis adipiscing lorem, vitae mattis nibh ligula nec sem. Duis aliquam convallis nunc.', 1043, 0.42, 8);
insert into books (id, pub_date, is_bestseller, slug, title, image, description, price, discount, author_id) values (598, '2019/10/07', 1, 'book-szl-466', 'Made in America', 'http://dummyimage.com/473x550.png/5fa2dd/ffffff', 'Etiam pretium iaculis justo. In hac habitasse platea dictumst. Etiam faucibus cursus urna. Ut tellus. Nulla ut erat id mauris vulputate elementum.', 1975, 0.21, 12);
insert into books (id, pub_date, is_bestseller, slug, title, image, description, price, discount, author_id) values (599, '2015/10/10', 1, 'book-jlp-304', 'Days of Thunder', 'http://dummyimage.com/501x525.png/cc0000/ffffff', 'Vestibulum ante ipsum primis in faucibus orci luctus et ultrices posuere cubilia Curae; Nulla dapibus dolor vel est. Donec odio justo, sollicitudin ut, suscipit a, feugiat et, eros. Vestibulum ac est lacinia nisi venenatis tristique. Fusce congue, diam id ornare imperdiet, sapien urna pretium nisl, ut volutpat sapien arcu sed augue. Aliquam erat volutpat. In congue.', 2272, 0.2, 1);
insert into books (id, pub_date, is_bestseller, slug, title, image, description, price, discount, author_id) values (600, '2018/05/21', 0, 'book-gan-145', 'In Search of a Midnight Kiss', 'http://dummyimage.com/295x506.png/cc0000/ffffff', 'Cum sociis natoque penatibus et magnis dis parturient montes, nascetur ridiculus mus. Etiam vel augue. Vestibulum rutrum rutrum neque. Aenean auctor gravida sem. Praesent id massa id nisl venenatis lacinia.', 1999, 0.08, 14);
insert into books (id, pub_date, is_bestseller, slug, title, image, description, price, discount, author_id) values (601, '2013/11/26', 0, 'book-xso-742', 'Mosaic', 'http://dummyimage.com/456x545.png/5fa2dd/ffffff', 'Morbi non quam nec dui luctus rutrum. Nulla tellus. In sagittis dui vel nisl. Duis ac nibh. Fusce lacus purus, aliquet at, feugiat non, pretium quis, lectus.', 1950, 0.18, 19);
insert into books (id, pub_date, is_bestseller, slug, title, image, description, price, discount, author_id) values (602, '2016/01/13', 1, 'book-ajb-836', 'Gone', 'http://dummyimage.com/699x773.png/5fa2dd/ffffff', 'Fusce lacus purus, aliquet at, feugiat non, pretium quis, lectus. Suspendisse potenti. In eleifend quam a odio. In hac habitasse platea dictumst. Maecenas ut massa quis augue luctus tincidunt.', 2050, 0.09, 7);
insert into books (id, pub_date, is_bestseller, slug, title, image, description, price, discount, author_id) values (603, '2013/03/28', 1, 'book-tlf-109', 'Deep Blue Sea, The', 'http://dummyimage.com/727x723.png/cc0000/ffffff', 'Morbi odio odio, elementum eu, interdum eu, tincidunt in, leo. Maecenas pulvinar lobortis est. Phasellus sit amet erat. Nulla tempus. Vivamus in felis eu sapien cursus vestibulum. Proin eu mi.', 2280, 0.44, 19);
insert into books (id, pub_date, is_bestseller, slug, title, image, description, price, discount, author_id) values (604, '2011/10/26', 0, 'book-rit-511', 'Cameraman''s Revenge, The (Mest kinematograficheskogo operatora)', 'http://dummyimage.com/698x501.png/dddddd/000000', 'Fusce consequat. Nulla nisl. Nunc nisl. Duis bibendum, felis sed interdum venenatis, turpis enim blandit mi, in porttitor pede justo eu massa. Donec dapibus. Duis at velit eu est congue elementum.', 2228, 0.36, 7);
insert into books (id, pub_date, is_bestseller, slug, title, image, description, price, discount, author_id) values (605, '2013/09/29', 0, 'book-mpo-415', 'Arthur', 'http://dummyimage.com/796x503.png/5fa2dd/ffffff', 'Aliquam erat volutpat. In congue. Etiam justo. Etiam pretium iaculis justo. In hac habitasse platea dictumst.', 1643, 0.43, 9);
insert into books (id, pub_date, is_bestseller, slug, title, image, description, price, discount, author_id) values (606, '2012/02/12', 0, 'book-jij-398', 'The Violent Enemy', 'http://dummyimage.com/770x276.png/5fa2dd/ffffff', 'Nullam sit amet turpis elementum ligula vehicula consequat. Morbi a ipsum. Integer a nibh. In quis justo. Maecenas rhoncus aliquam lacus.', 328, 0.24, 16);
insert into books (id, pub_date, is_bestseller, slug, title, image, description, price, discount, author_id) values (607, '2018/01/04', 0, 'book-glj-961', 'Complicit', 'http://dummyimage.com/370x272.png/5fa2dd/ffffff', 'Proin eu mi. Nulla ac enim. In tempor, turpis nec euismod scelerisque, quam turpis adipiscing lorem, vitae mattis nibh ligula nec sem. Duis aliquam convallis nunc. Proin at turpis a pede posuere nonummy.', 1794, 0.31, 11);
insert into books (id, pub_date, is_bestseller, slug, title, image, description, price, discount, author_id) values (608, '2018/03/12', 0, 'book-jgm-402', 'Shiro Amakusa, the Christian Rebel (Amakusa Shiro tokisada)', 'http://dummyimage.com/582x609.png/dddddd/000000', 'Nunc rhoncus dui vel sem. Sed sagittis. Nam congue, risus semper porta volutpat, quam pede lobortis ligula, sit amet eleifend pede libero quis orci. Nullam molestie nibh in lectus. Pellentesque at nulla.', 895, 0.47, 4);
insert into books (id, pub_date, is_bestseller, slug, title, image, description, price, discount, author_id) values (609, '2019/11/28', 0, 'book-hga-375', 'W.', 'http://dummyimage.com/780x713.png/cc0000/ffffff', 'Nulla mollis molestie lorem. Quisque ut erat. Curabitur gravida nisi at nibh. In hac habitasse platea dictumst. Aliquam augue quam, sollicitudin vitae, consectetuer eget, rutrum at, lorem. Integer tincidunt ante vel ipsum.', 658, 0.09, 21);
insert into books (id, pub_date, is_bestseller, slug, title, image, description, price, discount, author_id) values (610, '2019/12/27', 0, 'book-auy-714', 'Dr. Jekyll and Ms. Hyde', 'http://dummyimage.com/627x316.png/cc0000/ffffff', 'Etiam vel augue. Vestibulum rutrum rutrum neque. Aenean auctor gravida sem. Praesent id massa id nisl venenatis lacinia. Aenean sit amet justo. Morbi ut odio.', 1129, 0.17, 8);
insert into books (id, pub_date, is_bestseller, slug, title, image, description, price, discount, author_id) values (611, '2018/10/10', 0, 'book-mjd-421', 'Blind Fury', 'http://dummyimage.com/488x731.png/dddddd/000000', 'Quisque erat eros, viverra eget, congue eget, semper rutrum, nulla. Nunc purus. Phasellus in felis. Donec semper sapien a libero. Nam dui. Proin leo odio, porttitor id, consequat in, consequat ut, nulla.', 349, 0.31, 16);
insert into books (id, pub_date, is_bestseller, slug, title, image, description, price, discount, author_id) values (612, '2012/11/20', 1, 'book-dkz-713', 'Doll Squad, The', 'http://dummyimage.com/587x614.png/ff4444/ffffff', 'Suspendisse potenti. Cras in purus eu magna vulputate luctus. Cum sociis natoque penatibus et magnis dis parturient montes, nascetur ridiculus mus. Vivamus vestibulum sagittis sapien. Cum sociis natoque penatibus et magnis dis parturient montes, nascetur ridiculus mus. Etiam vel augue.', 1615, 0.19, 4);
insert into books (id, pub_date, is_bestseller, slug, title, image, description, price, discount, author_id) values (613, '2016/04/27', 1, 'book-ctw-847', 'Unknown Soldier, The (Unbekannte Soldat, Der)', 'http://dummyimage.com/596x778.png/5fa2dd/ffffff', 'Maecenas pulvinar lobortis est. Phasellus sit amet erat. Nulla tempus. Vivamus in felis eu sapien cursus vestibulum. Proin eu mi.', 2265, 0.29, 4);
insert into books (id, pub_date, is_bestseller, slug, title, image, description, price, discount, author_id) values (614, '2014/06/20', 1, 'book-hxl-871', 'Bourne Identity, The', 'http://dummyimage.com/694x747.png/dddddd/000000', 'Vestibulum ante ipsum primis in faucibus orci luctus et ultrices posuere cubilia Curae; Donec pharetra, magna vestibulum aliquet ultrices, erat tortor sollicitudin mi, sit amet lobortis sapien sapien non mi. Integer ac neque. Duis bibendum. Morbi non quam nec dui luctus rutrum. Nulla tellus.', 578, 0.22, 9);
insert into books (id, pub_date, is_bestseller, slug, title, image, description, price, discount, author_id) values (615, '2018/11/03', 1, 'book-ycd-589', 'Main Prem Ki Diwani Hoon', 'http://dummyimage.com/686x730.png/ff4444/ffffff', 'Donec diam neque, vestibulum eget, vulputate ut, ultrices vel, augue. Vestibulum ante ipsum primis in faucibus orci luctus et ultrices posuere cubilia Curae; Donec pharetra, magna vestibulum aliquet ultrices, erat tortor sollicitudin mi, sit amet lobortis sapien sapien non mi. Integer ac neque. Duis bibendum. Morbi non quam nec dui luctus rutrum. Nulla tellus.', 2019, 0.45, 15);
insert into books (id, pub_date, is_bestseller, slug, title, image, description, price, discount, author_id) values (616, '2020/03/10', 1, 'book-ijq-158', 'Jim Carrey: Unnatural Act', 'http://dummyimage.com/446x739.png/cc0000/ffffff', 'In hac habitasse platea dictumst. Morbi vestibulum, velit id pretium iaculis, diam erat fermentum justo, nec condimentum neque sapien placerat ante. Nulla justo. Aliquam quis turpis eget elit sodales scelerisque. Mauris sit amet eros.', 2272, 0.44, 5);
insert into books (id, pub_date, is_bestseller, slug, title, image, description, price, discount, author_id) values (617, '2017/08/11', 0, 'book-jzo-713', 'Just 4 Kicks', 'http://dummyimage.com/472x768.png/dddddd/000000', 'Integer tincidunt ante vel ipsum. Praesent blandit lacinia erat. Vestibulum sed magna at nunc commodo placerat. Praesent blandit. Nam nulla. Integer pede justo, lacinia eget, tincidunt eget, tempus vel, pede.', 2054, 0.34, 15);
insert into books (id, pub_date, is_bestseller, slug, title, image, description, price, discount, author_id) values (618, '2018/05/10', 1, 'book-wrz-332', 'Dark Habits (Entre tinieblas)', 'http://dummyimage.com/335x429.png/ff4444/ffffff', 'Cras pellentesque volutpat dui. Maecenas tristique, est et tempus semper, est quam pharetra magna, ac consequat metus sapien ut nunc. Vestibulum ante ipsum primis in faucibus orci luctus et ultrices posuere cubilia Curae; Mauris viverra diam vitae quam. Suspendisse potenti. Nullam porttitor lacus at turpis. Donec posuere metus vitae ipsum.', 1554, 0.5, 8);
insert into books (id, pub_date, is_bestseller, slug, title, image, description, price, discount, author_id) values (619, '2019/01/12', 0, 'book-ruo-493', 'D2: The Mighty Ducks', 'http://dummyimage.com/384x690.png/dddddd/000000', 'Cras non velit nec nisi vulputate nonummy. Maecenas tincidunt lacus at velit. Vivamus vel nulla eget eros elementum pellentesque. Quisque porta volutpat erat. Quisque erat eros, viverra eget, congue eget, semper rutrum, nulla. Nunc purus.', 1895, 0.19, 11);
insert into books (id, pub_date, is_bestseller, slug, title, image, description, price, discount, author_id) values (620, '2010/11/12', 0, 'book-vwb-197', 'Bottle Rocket', 'http://dummyimage.com/414x281.png/dddddd/000000', 'Morbi odio odio, elementum eu, interdum eu, tincidunt in, leo. Maecenas pulvinar lobortis est. Phasellus sit amet erat. Nulla tempus. Vivamus in felis eu sapien cursus vestibulum. Proin eu mi.', 2048, 0.2, 15);
insert into books (id, pub_date, is_bestseller, slug, title, image, description, price, discount, author_id) values (621, '2017/03/03', 0, 'book-idl-036', 'Blue Like Jazz', 'http://dummyimage.com/470x683.png/dddddd/000000', 'Pellentesque viverra pede ac diam. Cras pellentesque volutpat dui. Maecenas tristique, est et tempus semper, est quam pharetra magna, ac consequat metus sapien ut nunc. Vestibulum ante ipsum primis in faucibus orci luctus et ultrices posuere cubilia Curae; Mauris viverra diam vitae quam. Suspendisse potenti.', 1105, 0.22, 4);
insert into books (id, pub_date, is_bestseller, slug, title, image, description, price, discount, author_id) values (622, '2012/04/05', 0, 'book-bzl-714', 'Road Home, The (Wo de fu qin mu qin)', 'http://dummyimage.com/668x665.png/dddddd/000000', 'Ut at dolor quis odio consequat varius. Integer ac leo. Pellentesque ultrices mattis odio. Donec vitae nisi. Nam ultrices, libero non mattis pulvinar, nulla pede ullamcorper augue, a suscipit nulla elit ac nulla.', 569, 0.19, 17);
insert into books (id, pub_date, is_bestseller, slug, title, image, description, price, discount, author_id) values (623, '2015/04/21', 1, 'book-nbm-210', 'Amira & Sam', 'http://dummyimage.com/800x624.png/cc0000/ffffff', 'Duis ac nibh. Fusce lacus purus, aliquet at, feugiat non, pretium quis, lectus. Suspendisse potenti. In eleifend quam a odio. In hac habitasse platea dictumst. Maecenas ut massa quis augue luctus tincidunt.', 784, 0.15, 4);
insert into books (id, pub_date, is_bestseller, slug, title, image, description, price, discount, author_id) values (624, '2011/12/23', 1, 'book-tjp-598', 'River of Grass', 'http://dummyimage.com/685x553.png/5fa2dd/ffffff', 'Sed vel enim sit amet nunc viverra dapibus. Nulla suscipit ligula in lacus. Curabitur at ipsum ac tellus semper interdum. Mauris ullamcorper purus sit amet nulla. Quisque arcu libero, rutrum ac, lobortis vel, dapibus at, diam. Nam tristique tortor eu pede.', 2108, 0.29, 4);
insert into books (id, pub_date, is_bestseller, slug, title, image, description, price, discount, author_id) values (625, '2019/08/10', 1, 'book-ykf-584', 'Eddy Duchin Story, The', 'http://dummyimage.com/318x623.png/dddddd/000000', 'Etiam justo. Etiam pretium iaculis justo. In hac habitasse platea dictumst. Etiam faucibus cursus urna. Ut tellus. Nulla ut erat id mauris vulputate elementum.', 655, 0.28, 19);
insert into books (id, pub_date, is_bestseller, slug, title, image, description, price, discount, author_id) values (626, '2013/12/27', 1, 'book-pjk-824', 'Diary of a Shinjuku Thief (Shinjuku dorobo nikki)', 'http://dummyimage.com/292x767.png/dddddd/000000', 'Donec semper sapien a libero. Nam dui. Proin leo odio, porttitor id, consequat in, consequat ut, nulla. Sed accumsan felis. Ut at dolor quis odio consequat varius. Integer ac leo.', 1734, 0.38, 3);
insert into books (id, pub_date, is_bestseller, slug, title, image, description, price, discount, author_id) values (627, '2019/07/04', 0, 'book-tpu-868', 'This is Martin Bonner', 'http://dummyimage.com/421x492.png/cc0000/ffffff', 'Morbi vestibulum, velit id pretium iaculis, diam erat fermentum justo, nec condimentum neque sapien placerat ante. Nulla justo. Aliquam quis turpis eget elit sodales scelerisque. Mauris sit amet eros. Suspendisse accumsan tortor quis turpis. Sed ante.', 1019, 0.21, 8);
insert into books (id, pub_date, is_bestseller, slug, title, image, description, price, discount, author_id) values (628, '2019/09/23', 1, 'book-llk-396', 'Felony', 'http://dummyimage.com/708x610.png/ff4444/ffffff', 'Donec diam neque, vestibulum eget, vulputate ut, ultrices vel, augue. Vestibulum ante ipsum primis in faucibus orci luctus et ultrices posuere cubilia Curae; Donec pharetra, magna vestibulum aliquet ultrices, erat tortor sollicitudin mi, sit amet lobortis sapien sapien non mi. Integer ac neque. Duis bibendum. Morbi non quam nec dui luctus rutrum. Nulla tellus.', 1548, 0.35, 20);
insert into books (id, pub_date, is_bestseller, slug, title, image, description, price, discount, author_id) values (629, '2020/10/08', 0, 'book-jlh-619', 'Charlie''s Angels', 'http://dummyimage.com/719x252.png/cc0000/ffffff', 'Nullam porttitor lacus at turpis. Donec posuere metus vitae ipsum. Aliquam non mauris. Morbi non lectus. Aliquam sit amet diam in magna bibendum imperdiet.', 669, 0.3, 7);
insert into books (id, pub_date, is_bestseller, slug, title, image, description, price, discount, author_id) values (630, '2015/08/09', 0, 'book-ngu-432', 'Asylum', 'http://dummyimage.com/689x319.png/ff4444/ffffff', 'Ut at dolor quis odio consequat varius. Integer ac leo. Pellentesque ultrices mattis odio. Donec vitae nisi. Nam ultrices, libero non mattis pulvinar, nulla pede ullamcorper augue, a suscipit nulla elit ac nulla.', 2347, 0.42, 1);
insert into books (id, pub_date, is_bestseller, slug, title, image, description, price, discount, author_id) values (631, '2013/10/24', 0, 'book-tfu-153', 'Brothers Bloom, The', 'http://dummyimage.com/259x585.png/ff4444/ffffff', 'Vestibulum rutrum rutrum neque. Aenean auctor gravida sem. Praesent id massa id nisl venenatis lacinia. Aenean sit amet justo. Morbi ut odio. Cras mi pede, malesuada in, imperdiet et, commodo vulputate, justo.', 1314, 0.05, 20);
insert into books (id, pub_date, is_bestseller, slug, title, image, description, price, discount, author_id) values (632, '2017/12/28', 0, 'book-hul-999', 'Against All Flags', 'http://dummyimage.com/447x250.png/5fa2dd/ffffff', 'Quisque porta volutpat erat. Quisque erat eros, viverra eget, congue eget, semper rutrum, nulla. Nunc purus. Phasellus in felis. Donec semper sapien a libero.', 1976, 0.45, 4);
insert into books (id, pub_date, is_bestseller, slug, title, image, description, price, discount, author_id) values (633, '2016/10/03', 0, 'book-erk-209', 'Panic', 'http://dummyimage.com/504x719.png/ff4444/ffffff', 'Suspendisse accumsan tortor quis turpis. Sed ante. Vivamus tortor. Duis mattis egestas metus. Aenean fermentum.', 316, 0.44, 4);
insert into books (id, pub_date, is_bestseller, slug, title, image, description, price, discount, author_id) values (634, '2011/07/31', 0, 'book-jxo-433', 'New Best Friend', 'http://dummyimage.com/698x257.png/dddddd/000000', 'Cum sociis natoque penatibus et magnis dis parturient montes, nascetur ridiculus mus. Etiam vel augue. Vestibulum rutrum rutrum neque. Aenean auctor gravida sem. Praesent id massa id nisl venenatis lacinia. Aenean sit amet justo.', 284, 0.41, 10);
insert into books (id, pub_date, is_bestseller, slug, title, image, description, price, discount, author_id) values (635, '2019/07/19', 0, 'book-iim-270', 'Phish: Bittersweet Motel', 'http://dummyimage.com/419x260.png/5fa2dd/ffffff', 'Quisque erat eros, viverra eget, congue eget, semper rutrum, nulla. Nunc purus. Phasellus in felis. Donec semper sapien a libero. Nam dui. Proin leo odio, porttitor id, consequat in, consequat ut, nulla.', 994, 0.12, 19);
insert into books (id, pub_date, is_bestseller, slug, title, image, description, price, discount, author_id) values (636, '2015/11/30', 0, 'book-buw-600', 'Family Jewels, The (Eierdiebe)', 'http://dummyimage.com/752x592.png/dddddd/000000', 'Aenean auctor gravida sem. Praesent id massa id nisl venenatis lacinia. Aenean sit amet justo. Morbi ut odio. Cras mi pede, malesuada in, imperdiet et, commodo vulputate, justo.', 1057, 0.17, 17);
insert into books (id, pub_date, is_bestseller, slug, title, image, description, price, discount, author_id) values (637, '2018/12/30', 1, 'book-cbp-693', 'Pooh''s Heffalump Movie', 'http://dummyimage.com/387x265.png/ff4444/ffffff', 'Vestibulum quam sapien, varius ut, blandit non, interdum in, ante. Vestibulum ante ipsum primis in faucibus orci luctus et ultrices posuere cubilia Curae; Duis faucibus accumsan odio. Curabitur convallis. Duis consequat dui nec nisi volutpat eleifend. Donec ut dolor. Morbi vel lectus in quam fringilla rhoncus.', 2478, 0.15, 18);
insert into books (id, pub_date, is_bestseller, slug, title, image, description, price, discount, author_id) values (638, '2016/12/19', 0, 'book-isr-200', 'Rock the Boat', 'http://dummyimage.com/765x591.png/5fa2dd/ffffff', 'Integer ac neque. Duis bibendum. Morbi non quam nec dui luctus rutrum. Nulla tellus. In sagittis dui vel nisl.', 1957, 0.27, 12);
insert into books (id, pub_date, is_bestseller, slug, title, image, description, price, discount, author_id) values (639, '2011/05/17', 0, 'book-fjc-122', 'In My Sleep', 'http://dummyimage.com/503x707.png/5fa2dd/ffffff', 'Etiam pretium iaculis justo. In hac habitasse platea dictumst. Etiam faucibus cursus urna. Ut tellus. Nulla ut erat id mauris vulputate elementum. Nullam varius.', 2378, 0.09, 17);
insert into books (id, pub_date, is_bestseller, slug, title, image, description, price, discount, author_id) values (640, '2011/10/09', 1, 'book-rpf-045', 'Dara Ó Briain Talks Funny: Live in London', 'http://dummyimage.com/670x257.png/cc0000/ffffff', 'Proin eu mi. Nulla ac enim. In tempor, turpis nec euismod scelerisque, quam turpis adipiscing lorem, vitae mattis nibh ligula nec sem. Duis aliquam convallis nunc. Proin at turpis a pede posuere nonummy.', 383, 0.39, 3);
insert into books (id, pub_date, is_bestseller, slug, title, image, description, price, discount, author_id) values (641, '2016/11/21', 0, 'book-ody-690', 'Foxes', 'http://dummyimage.com/800x608.png/cc0000/ffffff', 'Donec diam neque, vestibulum eget, vulputate ut, ultrices vel, augue. Vestibulum ante ipsum primis in faucibus orci luctus et ultrices posuere cubilia Curae; Donec pharetra, magna vestibulum aliquet ultrices, erat tortor sollicitudin mi, sit amet lobortis sapien sapien non mi. Integer ac neque. Duis bibendum. Morbi non quam nec dui luctus rutrum.', 442, 0.49, 17);
insert into books (id, pub_date, is_bestseller, slug, title, image, description, price, discount, author_id) values (642, '2017/04/09', 1, 'book-mul-338', 'Mother Joan of the Angels (Matka Joanna od aniolów)', 'http://dummyimage.com/593x438.png/ff4444/ffffff', 'Integer ac neque. Duis bibendum. Morbi non quam nec dui luctus rutrum. Nulla tellus. In sagittis dui vel nisl. Duis ac nibh.', 1083, 0.28, 9);
insert into books (id, pub_date, is_bestseller, slug, title, image, description, price, discount, author_id) values (643, '2016/12/18', 0, 'book-nec-995', 'Liverpool', 'http://dummyimage.com/656x315.png/cc0000/ffffff', 'Morbi a ipsum. Integer a nibh. In quis justo. Maecenas rhoncus aliquam lacus. Morbi quis tortor id nulla ultrices aliquet.', 2022, 0.2, 19);
insert into books (id, pub_date, is_bestseller, slug, title, image, description, price, discount, author_id) values (644, '2018/01/19', 1, 'book-skw-902', 'Mystery Men', 'http://dummyimage.com/478x546.png/ff4444/ffffff', 'Maecenas ut massa quis augue luctus tincidunt. Nulla mollis molestie lorem. Quisque ut erat. Curabitur gravida nisi at nibh. In hac habitasse platea dictumst.', 234, 0.22, 11);
insert into books (id, pub_date, is_bestseller, slug, title, image, description, price, discount, author_id) values (645, '2011/02/05', 0, 'book-pcs-418', 'Wonderland', 'http://dummyimage.com/440x388.png/dddddd/000000', 'Nullam varius. Nulla facilisi. Cras non velit nec nisi vulputate nonummy. Maecenas tincidunt lacus at velit. Vivamus vel nulla eget eros elementum pellentesque.', 1805, 0.2, 21);
insert into books (id, pub_date, is_bestseller, slug, title, image, description, price, discount, author_id) values (646, '2014/06/16', 1, 'book-pqd-585', 'Chronicle of My Mother (Waga haha no ki)', 'http://dummyimage.com/755x485.png/dddddd/000000', 'Aliquam quis turpis eget elit sodales scelerisque. Mauris sit amet eros. Suspendisse accumsan tortor quis turpis. Sed ante. Vivamus tortor.', 798, 0.25, 2);
insert into books (id, pub_date, is_bestseller, slug, title, image, description, price, discount, author_id) values (647, '2017/06/27', 0, 'book-pxp-607', 'Brother (Brat)', 'http://dummyimage.com/776x644.png/dddddd/000000', 'Nulla facilisi. Cras non velit nec nisi vulputate nonummy. Maecenas tincidunt lacus at velit. Vivamus vel nulla eget eros elementum pellentesque. Quisque porta volutpat erat. Quisque erat eros, viverra eget, congue eget, semper rutrum, nulla.', 1312, 0.25, 10);
insert into books (id, pub_date, is_bestseller, slug, title, image, description, price, discount, author_id) values (648, '2015/03/01', 1, 'book-mbo-437', 'TiMER', 'http://dummyimage.com/673x709.png/ff4444/ffffff', 'Vestibulum ante ipsum primis in faucibus orci luctus et ultrices posuere cubilia Curae; Mauris viverra diam vitae quam. Suspendisse potenti. Nullam porttitor lacus at turpis. Donec posuere metus vitae ipsum. Aliquam non mauris.', 2230, 0.11, 6);
insert into books (id, pub_date, is_bestseller, slug, title, image, description, price, discount, author_id) values (649, '2014/10/28', 1, 'book-wzi-308', 'Armageddon (Armaguedon)', 'http://dummyimage.com/399x737.png/ff4444/ffffff', 'Cum sociis natoque penatibus et magnis dis parturient montes, nascetur ridiculus mus. Etiam vel augue. Vestibulum rutrum rutrum neque. Aenean auctor gravida sem. Praesent id massa id nisl venenatis lacinia. Aenean sit amet justo.', 955, 0.36, 5);
insert into books (id, pub_date, is_bestseller, slug, title, image, description, price, discount, author_id) values (650, '2016/12/26', 0, 'book-xmc-953', 'The Jackie Robinson Story', 'http://dummyimage.com/606x416.png/ff4444/ffffff', 'Ut at dolor quis odio consequat varius. Integer ac leo. Pellentesque ultrices mattis odio. Donec vitae nisi. Nam ultrices, libero non mattis pulvinar, nulla pede ullamcorper augue, a suscipit nulla elit ac nulla.', 323, 0.12, 5);
insert into books (id, pub_date, is_bestseller, slug, title, image, description, price, discount, author_id) values (651, '2017/08/26', 1, 'book-ghz-241', 'Happy End', 'http://dummyimage.com/714x571.png/dddddd/000000', 'Pellentesque at nulla. Suspendisse potenti. Cras in purus eu magna vulputate luctus. Cum sociis natoque penatibus et magnis dis parturient montes, nascetur ridiculus mus. Vivamus vestibulum sagittis sapien.', 775, 0.17, 10);
insert into books (id, pub_date, is_bestseller, slug, title, image, description, price, discount, author_id) values (652, '2019/07/07', 1, 'book-sgn-717', 'Galician Caress (Of Clay)', 'http://dummyimage.com/267x473.png/ff4444/ffffff', 'Lorem ipsum dolor sit amet, consectetuer adipiscing elit. Proin interdum mauris non ligula pellentesque ultrices. Phasellus id sapien in sapien iaculis congue. Vivamus metus arcu, adipiscing molestie, hendrerit at, vulputate vitae, nisl. Aenean lectus. Pellentesque eget nunc.', 102, 0.22, 16);
insert into books (id, pub_date, is_bestseller, slug, title, image, description, price, discount, author_id) values (653, '2020/09/27', 1, 'book-oie-943', 'In the Bedroom', 'http://dummyimage.com/461x613.png/ff4444/ffffff', 'Morbi vel lectus in quam fringilla rhoncus. Mauris enim leo, rhoncus sed, vestibulum sit amet, cursus id, turpis. Integer aliquet, massa id lobortis convallis, tortor risus dapibus augue, vel accumsan tellus nisi eu orci. Mauris lacinia sapien quis libero. Nullam sit amet turpis elementum ligula vehicula consequat.', 428, 0.34, 7);
insert into books (id, pub_date, is_bestseller, slug, title, image, description, price, discount, author_id) values (654, '2020/10/13', 0, 'book-ryl-814', 'Turkish Delight (Turks fruit)', 'http://dummyimage.com/476x610.png/5fa2dd/ffffff', 'Aliquam non mauris. Morbi non lectus. Aliquam sit amet diam in magna bibendum imperdiet. Nullam orci pede, venenatis non, sodales sed, tincidunt eu, felis. Fusce posuere felis sed lacus. Morbi sem mauris, laoreet ut, rhoncus aliquet, pulvinar sed, nisl.', 823, 0.39, 1);
insert into books (id, pub_date, is_bestseller, slug, title, image, description, price, discount, author_id) values (655, '2015/09/14', 1, 'book-sjm-898', 'Repulsion', 'http://dummyimage.com/263x690.png/dddddd/000000', 'Proin at turpis a pede posuere nonummy. Integer non velit. Donec diam neque, vestibulum eget, vulputate ut, ultrices vel, augue. Vestibulum ante ipsum primis in faucibus orci luctus et ultrices posuere cubilia Curae; Donec pharetra, magna vestibulum aliquet ultrices, erat tortor sollicitudin mi, sit amet lobortis sapien sapien non mi. Integer ac neque.', 1577, 0.15, 2);
insert into books (id, pub_date, is_bestseller, slug, title, image, description, price, discount, author_id) values (656, '2017/04/21', 0, 'book-gtt-078', 'Cutter''s Way', 'http://dummyimage.com/621x328.png/5fa2dd/ffffff', 'Morbi non quam nec dui luctus rutrum. Nulla tellus. In sagittis dui vel nisl. Duis ac nibh. Fusce lacus purus, aliquet at, feugiat non, pretium quis, lectus.', 1643, 0.28, 6);
insert into books (id, pub_date, is_bestseller, slug, title, image, description, price, discount, author_id) values (657, '2011/08/25', 0, 'book-mvc-560', 'Good Student, The (Mr. Gibb)', 'http://dummyimage.com/276x776.png/dddddd/000000', 'Praesent id massa id nisl venenatis lacinia. Aenean sit amet justo. Morbi ut odio. Cras mi pede, malesuada in, imperdiet et, commodo vulputate, justo. In blandit ultrices enim.', 2325, 0.36, 20);
insert into books (id, pub_date, is_bestseller, slug, title, image, description, price, discount, author_id) values (658, '2011/08/03', 0, 'book-oej-522', 'How the West Was Fun', 'http://dummyimage.com/594x633.png/5fa2dd/ffffff', 'Ut at dolor quis odio consequat varius. Integer ac leo. Pellentesque ultrices mattis odio. Donec vitae nisi. Nam ultrices, libero non mattis pulvinar, nulla pede ullamcorper augue, a suscipit nulla elit ac nulla.', 2040, 0.06, 1);
insert into books (id, pub_date, is_bestseller, slug, title, image, description, price, discount, author_id) values (659, '2020/10/05', 0, 'book-zzc-443', 'Katie Tippel (Keetje Tippel)', 'http://dummyimage.com/424x766.png/5fa2dd/ffffff', 'Vestibulum ac est lacinia nisi venenatis tristique. Fusce congue, diam id ornare imperdiet, sapien urna pretium nisl, ut volutpat sapien arcu sed augue. Aliquam erat volutpat. In congue. Etiam justo. Etiam pretium iaculis justo.', 2177, 0.12, 3);
insert into books (id, pub_date, is_bestseller, slug, title, image, description, price, discount, author_id) values (660, '2016/02/05', 0, 'book-xzn-272', 'Legend of the 7 Golden Vampires, The', 'http://dummyimage.com/543x514.png/5fa2dd/ffffff', 'Nulla mollis molestie lorem. Quisque ut erat. Curabitur gravida nisi at nibh. In hac habitasse platea dictumst. Aliquam augue quam, sollicitudin vitae, consectetuer eget, rutrum at, lorem.', 1638, 0.2, 17);
insert into books (id, pub_date, is_bestseller, slug, title, image, description, price, discount, author_id) values (661, '2018/11/29', 0, 'book-dyv-787', 'John Tucker Must Die', 'http://dummyimage.com/461x747.png/cc0000/ffffff', 'Nullam porttitor lacus at turpis. Donec posuere metus vitae ipsum. Aliquam non mauris. Morbi non lectus. Aliquam sit amet diam in magna bibendum imperdiet. Nullam orci pede, venenatis non, sodales sed, tincidunt eu, felis.', 2252, 0.1, 5);
insert into books (id, pub_date, is_bestseller, slug, title, image, description, price, discount, author_id) values (662, '2013/12/29', 1, 'book-bbg-895', 'Suspect, The', 'http://dummyimage.com/791x588.png/dddddd/000000', 'Nullam molestie nibh in lectus. Pellentesque at nulla. Suspendisse potenti. Cras in purus eu magna vulputate luctus. Cum sociis natoque penatibus et magnis dis parturient montes, nascetur ridiculus mus.', 1582, 0.13, 12);
insert into books (id, pub_date, is_bestseller, slug, title, image, description, price, discount, author_id) values (663, '2020/02/27', 0, 'book-nea-445', 'Off Beat', 'http://dummyimage.com/504x515.png/dddddd/000000', 'Proin eu mi. Nulla ac enim. In tempor, turpis nec euismod scelerisque, quam turpis adipiscing lorem, vitae mattis nibh ligula nec sem. Duis aliquam convallis nunc. Proin at turpis a pede posuere nonummy. Integer non velit.', 684, 0.19, 5);
insert into books (id, pub_date, is_bestseller, slug, title, image, description, price, discount, author_id) values (664, '2016/07/07', 0, 'book-eip-863', 'Excuse Me Darling, But Lucas Loved Me', 'http://dummyimage.com/292x465.png/ff4444/ffffff', 'Pellentesque at nulla. Suspendisse potenti. Cras in purus eu magna vulputate luctus. Cum sociis natoque penatibus et magnis dis parturient montes, nascetur ridiculus mus. Vivamus vestibulum sagittis sapien.', 2321, 0.29, 1);
insert into books (id, pub_date, is_bestseller, slug, title, image, description, price, discount, author_id) values (665, '2014/12/04', 0, 'book-vho-419', 'Dream Team, The', 'http://dummyimage.com/325x531.png/cc0000/ffffff', 'Aenean fermentum. Donec ut mauris eget massa tempor convallis. Nulla neque libero, convallis eget, eleifend luctus, ultricies eu, nibh. Quisque id justo sit amet sapien dignissim vestibulum. Vestibulum ante ipsum primis in faucibus orci luctus et ultrices posuere cubilia Curae; Nulla dapibus dolor vel est.', 1600, 0.45, 18);
insert into books (id, pub_date, is_bestseller, slug, title, image, description, price, discount, author_id) values (666, '2018/07/15', 1, 'book-quv-321', 'Sorrow and the Pity, The (Le chagrin et la pitié)', 'http://dummyimage.com/743x746.png/5fa2dd/ffffff', 'Donec ut mauris eget massa tempor convallis. Nulla neque libero, convallis eget, eleifend luctus, ultricies eu, nibh. Quisque id justo sit amet sapien dignissim vestibulum. Vestibulum ante ipsum primis in faucibus orci luctus et ultrices posuere cubilia Curae; Nulla dapibus dolor vel est. Donec odio justo, sollicitudin ut, suscipit a, feugiat et, eros. Vestibulum ac est lacinia nisi venenatis tristique.', 107, 0.28, 13);
insert into books (id, pub_date, is_bestseller, slug, title, image, description, price, discount, author_id) values (667, '2013/08/10', 0, 'book-fgp-762', 'Conan O''Brien Can''t Stop', 'http://dummyimage.com/321x762.png/cc0000/ffffff', 'Nulla mollis molestie lorem. Quisque ut erat. Curabitur gravida nisi at nibh. In hac habitasse platea dictumst. Aliquam augue quam, sollicitudin vitae, consectetuer eget, rutrum at, lorem.', 2318, 0.14, 16);
insert into books (id, pub_date, is_bestseller, slug, title, image, description, price, discount, author_id) values (668, '2019/12/01', 1, 'book-glx-871', 'Prayers for Bobby', 'http://dummyimage.com/778x391.png/cc0000/ffffff', 'In hac habitasse platea dictumst. Maecenas ut massa quis augue luctus tincidunt. Nulla mollis molestie lorem. Quisque ut erat. Curabitur gravida nisi at nibh. In hac habitasse platea dictumst.', 1049, 0.22, 8);
insert into books (id, pub_date, is_bestseller, slug, title, image, description, price, discount, author_id) values (669, '2012/12/06', 1, 'book-gsm-780', 'Little Brother, Big Trouble: A Christmas Adventure (Niko 2: Lentäjäveljekset)', 'http://dummyimage.com/317x603.png/5fa2dd/ffffff', 'Maecenas pulvinar lobortis est. Phasellus sit amet erat. Nulla tempus. Vivamus in felis eu sapien cursus vestibulum. Proin eu mi. Nulla ac enim.', 1036, 0.39, 1);
insert into books (id, pub_date, is_bestseller, slug, title, image, description, price, discount, author_id) values (670, '2017/04/10', 1, 'book-kjt-522', 'Shadows in an Empty Room', 'http://dummyimage.com/735x705.png/dddddd/000000', 'Sed ante. Vivamus tortor. Duis mattis egestas metus. Aenean fermentum. Donec ut mauris eget massa tempor convallis.', 2415, 0.35, 10);
insert into books (id, pub_date, is_bestseller, slug, title, image, description, price, discount, author_id) values (671, '2018/11/14', 0, 'book-qpj-709', 'Carnegie Hall', 'http://dummyimage.com/374x754.png/cc0000/ffffff', 'Nullam varius. Nulla facilisi. Cras non velit nec nisi vulputate nonummy. Maecenas tincidunt lacus at velit. Vivamus vel nulla eget eros elementum pellentesque.', 640, 0.34, 9);
insert into books (id, pub_date, is_bestseller, slug, title, image, description, price, discount, author_id) values (672, '2015/04/06', 1, 'book-krn-222', 'Heaven Can Wait', 'http://dummyimage.com/429x367.png/dddddd/000000', 'Curabitur gravida nisi at nibh. In hac habitasse platea dictumst. Aliquam augue quam, sollicitudin vitae, consectetuer eget, rutrum at, lorem. Integer tincidunt ante vel ipsum. Praesent blandit lacinia erat. Vestibulum sed magna at nunc commodo placerat.', 494, 0.47, 17);
insert into books (id, pub_date, is_bestseller, slug, title, image, description, price, discount, author_id) values (673, '2019/10/12', 0, 'book-hyc-759', 'Vampire, The', 'http://dummyimage.com/681x339.png/cc0000/ffffff', 'Donec quis orci eget orci vehicula condimentum. Curabitur in libero ut massa volutpat convallis. Morbi odio odio, elementum eu, interdum eu, tincidunt in, leo. Maecenas pulvinar lobortis est. Phasellus sit amet erat.', 512, 0.24, 3);
insert into books (id, pub_date, is_bestseller, slug, title, image, description, price, discount, author_id) values (674, '2012/11/17', 1, 'book-rxe-144', 'The Bride Wore Red', 'http://dummyimage.com/455x760.png/ff4444/ffffff', 'Duis mattis egestas metus. Aenean fermentum. Donec ut mauris eget massa tempor convallis. Nulla neque libero, convallis eget, eleifend luctus, ultricies eu, nibh. Quisque id justo sit amet sapien dignissim vestibulum. Vestibulum ante ipsum primis in faucibus orci luctus et ultrices posuere cubilia Curae; Nulla dapibus dolor vel est.', 2236, 0.28, 1);
insert into books (id, pub_date, is_bestseller, slug, title, image, description, price, discount, author_id) values (675, '2015/05/25', 1, 'book-yqz-795', 'I.Q.', 'http://dummyimage.com/513x331.png/ff4444/ffffff', 'Maecenas pulvinar lobortis est. Phasellus sit amet erat. Nulla tempus. Vivamus in felis eu sapien cursus vestibulum. Proin eu mi. Nulla ac enim.', 225, 0.45, 7);
insert into books (id, pub_date, is_bestseller, slug, title, image, description, price, discount, author_id) values (676, '2017/02/06', 0, 'book-jkg-195', 'Toy Story', 'http://dummyimage.com/367x403.png/ff4444/ffffff', 'Maecenas ut massa quis augue luctus tincidunt. Nulla mollis molestie lorem. Quisque ut erat. Curabitur gravida nisi at nibh. In hac habitasse platea dictumst. Aliquam augue quam, sollicitudin vitae, consectetuer eget, rutrum at, lorem.', 185, 0.37, 18);
insert into books (id, pub_date, is_bestseller, slug, title, image, description, price, discount, author_id) values (677, '2013/01/08', 1, 'book-lsq-747', 'Latitude Zero (Ido zero daisakusen)', 'http://dummyimage.com/672x679.png/ff4444/ffffff', 'Vestibulum ante ipsum primis in faucibus orci luctus et ultrices posuere cubilia Curae; Mauris viverra diam vitae quam. Suspendisse potenti. Nullam porttitor lacus at turpis. Donec posuere metus vitae ipsum. Aliquam non mauris. Morbi non lectus.', 2492, 0.08, 12);
insert into books (id, pub_date, is_bestseller, slug, title, image, description, price, discount, author_id) values (678, '2018/02/24', 0, 'book-dzl-214', 'Secondhand Lions', 'http://dummyimage.com/683x662.png/ff4444/ffffff', 'Vivamus tortor. Duis mattis egestas metus. Aenean fermentum. Donec ut mauris eget massa tempor convallis. Nulla neque libero, convallis eget, eleifend luctus, ultricies eu, nibh.', 1050, 0.12, 21);
insert into books (id, pub_date, is_bestseller, slug, title, image, description, price, discount, author_id) values (679, '2020/09/21', 0, 'book-ubk-099', '3 Needles', 'http://dummyimage.com/508x416.png/cc0000/ffffff', 'Duis ac nibh. Fusce lacus purus, aliquet at, feugiat non, pretium quis, lectus. Suspendisse potenti. In eleifend quam a odio. In hac habitasse platea dictumst. Maecenas ut massa quis augue luctus tincidunt.', 1137, 0.47, 15);
insert into books (id, pub_date, is_bestseller, slug, title, image, description, price, discount, author_id) values (680, '2012/08/07', 1, 'book-kph-865', 'Fly, The (Légy, A)', 'http://dummyimage.com/591x567.png/cc0000/ffffff', 'Morbi porttitor lorem id ligula. Suspendisse ornare consequat lectus. In est risus, auctor sed, tristique in, tempus sit amet, sem. Fusce consequat. Nulla nisl.', 1818, 0.24, 5);
insert into books (id, pub_date, is_bestseller, slug, title, image, description, price, discount, author_id) values (681, '2019/07/04', 0, 'book-vmt-903', 'Town & Country', 'http://dummyimage.com/655x788.png/5fa2dd/ffffff', 'Maecenas tincidunt lacus at velit. Vivamus vel nulla eget eros elementum pellentesque. Quisque porta volutpat erat. Quisque erat eros, viverra eget, congue eget, semper rutrum, nulla. Nunc purus. Phasellus in felis.', 1796, 0.18, 8);
insert into books (id, pub_date, is_bestseller, slug, title, image, description, price, discount, author_id) values (682, '2013/03/30', 1, 'book-znu-604', 'Peter & the Wolf', 'http://dummyimage.com/550x516.png/5fa2dd/ffffff', 'Aliquam erat volutpat. In congue. Etiam justo. Etiam pretium iaculis justo. In hac habitasse platea dictumst. Etiam faucibus cursus urna.', 2150, 0.5, 9);
insert into books (id, pub_date, is_bestseller, slug, title, image, description, price, discount, author_id) values (683, '2013/07/01', 1, 'book-hyh-859', 'Bab''Aziz -The Prince Who Contemplated His Soul', 'http://dummyimage.com/473x742.png/cc0000/ffffff', 'Nulla ut erat id mauris vulputate elementum. Nullam varius. Nulla facilisi. Cras non velit nec nisi vulputate nonummy. Maecenas tincidunt lacus at velit.', 1001, 0.13, 4);
insert into books (id, pub_date, is_bestseller, slug, title, image, description, price, discount, author_id) values (684, '2013/01/25', 0, 'book-ryx-210', 'Aileen: Life and Death of a Serial Killer', 'http://dummyimage.com/381x519.png/ff4444/ffffff', 'Nullam sit amet turpis elementum ligula vehicula consequat. Morbi a ipsum. Integer a nibh. In quis justo. Maecenas rhoncus aliquam lacus. Morbi quis tortor id nulla ultrices aliquet.', 2006, 0.09, 16);
insert into books (id, pub_date, is_bestseller, slug, title, image, description, price, discount, author_id) values (685, '2012/09/01', 1, 'book-rgt-313', 'Me and Morrison (Minä ja Morrison)', 'http://dummyimage.com/624x444.png/dddddd/000000', 'Duis aliquam convallis nunc. Proin at turpis a pede posuere nonummy. Integer non velit. Donec diam neque, vestibulum eget, vulputate ut, ultrices vel, augue. Vestibulum ante ipsum primis in faucibus orci luctus et ultrices posuere cubilia Curae; Donec pharetra, magna vestibulum aliquet ultrices, erat tortor sollicitudin mi, sit amet lobortis sapien sapien non mi.', 1361, 0.45, 10);
insert into books (id, pub_date, is_bestseller, slug, title, image, description, price, discount, author_id) values (686, '2014/07/09', 1, 'book-qky-861', 'Chungking Express (Chung Hing sam lam)', 'http://dummyimage.com/256x613.png/cc0000/ffffff', 'Phasellus sit amet erat. Nulla tempus. Vivamus in felis eu sapien cursus vestibulum. Proin eu mi. Nulla ac enim.', 135, 0.48, 11);
insert into books (id, pub_date, is_bestseller, slug, title, image, description, price, discount, author_id) values (687, '2013/05/19', 1, 'book-rvs-904', 'Triad Election (Election 2) (Hak se wui yi wo wai kwai)', 'http://dummyimage.com/261x672.png/dddddd/000000', 'Pellentesque viverra pede ac diam. Cras pellentesque volutpat dui. Maecenas tristique, est et tempus semper, est quam pharetra magna, ac consequat metus sapien ut nunc. Vestibulum ante ipsum primis in faucibus orci luctus et ultrices posuere cubilia Curae; Mauris viverra diam vitae quam. Suspendisse potenti. Nullam porttitor lacus at turpis.', 743, 0.05, 18);
insert into books (id, pub_date, is_bestseller, slug, title, image, description, price, discount, author_id) values (688, '2017/01/04', 0, 'book-vdh-544', 'Brothers at War', 'http://dummyimage.com/326x414.png/ff4444/ffffff', 'Fusce consequat. Nulla nisl. Nunc nisl. Duis bibendum, felis sed interdum venenatis, turpis enim blandit mi, in porttitor pede justo eu massa. Donec dapibus. Duis at velit eu est congue elementum.', 1348, 0.48, 4);
insert into books (id, pub_date, is_bestseller, slug, title, image, description, price, discount, author_id) values (689, '2014/05/19', 0, 'book-era-309', 'Stolen Collection, (Skradziona kolekcja)', 'http://dummyimage.com/744x636.png/dddddd/000000', 'Aenean auctor gravida sem. Praesent id massa id nisl venenatis lacinia. Aenean sit amet justo. Morbi ut odio. Cras mi pede, malesuada in, imperdiet et, commodo vulputate, justo. In blandit ultrices enim.', 1267, 0.11, 10);
insert into books (id, pub_date, is_bestseller, slug, title, image, description, price, discount, author_id) values (690, '2011/11/14', 1, 'book-iig-287', 'Jonah Hex', 'http://dummyimage.com/403x390.png/5fa2dd/ffffff', 'Pellentesque at nulla. Suspendisse potenti. Cras in purus eu magna vulputate luctus. Cum sociis natoque penatibus et magnis dis parturient montes, nascetur ridiculus mus. Vivamus vestibulum sagittis sapien. Cum sociis natoque penatibus et magnis dis parturient montes, nascetur ridiculus mus.', 2426, 0.16, 4);
insert into books (id, pub_date, is_bestseller, slug, title, image, description, price, discount, author_id) values (691, '2012/02/04', 0, 'book-snu-836', 'Cohen and Tate', 'http://dummyimage.com/546x715.png/ff4444/ffffff', 'Maecenas ut massa quis augue luctus tincidunt. Nulla mollis molestie lorem. Quisque ut erat. Curabitur gravida nisi at nibh. In hac habitasse platea dictumst. Aliquam augue quam, sollicitudin vitae, consectetuer eget, rutrum at, lorem.', 2307, 0.5, 18);
insert into books (id, pub_date, is_bestseller, slug, title, image, description, price, discount, author_id) values (692, '2019/07/22', 1, 'book-gng-870', 'Violin, El', 'http://dummyimage.com/637x762.png/cc0000/ffffff', 'Vivamus metus arcu, adipiscing molestie, hendrerit at, vulputate vitae, nisl. Aenean lectus. Pellentesque eget nunc. Donec quis orci eget orci vehicula condimentum. Curabitur in libero ut massa volutpat convallis. Morbi odio odio, elementum eu, interdum eu, tincidunt in, leo.', 1936, 0.35, 3);
insert into books (id, pub_date, is_bestseller, slug, title, image, description, price, discount, author_id) values (693, '2015/01/01', 1, 'book-rcf-378', 'Awakenings', 'http://dummyimage.com/651x619.png/cc0000/ffffff', 'Fusce lacus purus, aliquet at, feugiat non, pretium quis, lectus. Suspendisse potenti. In eleifend quam a odio. In hac habitasse platea dictumst. Maecenas ut massa quis augue luctus tincidunt.', 1291, 0.28, 15);
insert into books (id, pub_date, is_bestseller, slug, title, image, description, price, discount, author_id) values (694, '2012/09/30', 1, 'book-lmd-897', 'Richard Pryor: Live in Concert', 'http://dummyimage.com/648x467.png/5fa2dd/ffffff', 'Duis consequat dui nec nisi volutpat eleifend. Donec ut dolor. Morbi vel lectus in quam fringilla rhoncus. Mauris enim leo, rhoncus sed, vestibulum sit amet, cursus id, turpis. Integer aliquet, massa id lobortis convallis, tortor risus dapibus augue, vel accumsan tellus nisi eu orci. Mauris lacinia sapien quis libero.', 862, 0.48, 18);
insert into books (id, pub_date, is_bestseller, slug, title, image, description, price, discount, author_id) values (695, '2014/08/02', 0, 'book-saj-144', 'Guilty Hands', 'http://dummyimage.com/510x777.png/ff4444/ffffff', 'Donec semper sapien a libero. Nam dui. Proin leo odio, porttitor id, consequat in, consequat ut, nulla. Sed accumsan felis. Ut at dolor quis odio consequat varius.', 550, 0.32, 12);
insert into books (id, pub_date, is_bestseller, slug, title, image, description, price, discount, author_id) values (696, '2014/05/26', 1, 'book-elc-075', 'Bionicle 3: Web of Shadows', 'http://dummyimage.com/428x630.png/dddddd/000000', 'Aenean fermentum. Donec ut mauris eget massa tempor convallis. Nulla neque libero, convallis eget, eleifend luctus, ultricies eu, nibh. Quisque id justo sit amet sapien dignissim vestibulum. Vestibulum ante ipsum primis in faucibus orci luctus et ultrices posuere cubilia Curae; Nulla dapibus dolor vel est.', 2045, 0.2, 18);
insert into books (id, pub_date, is_bestseller, slug, title, image, description, price, discount, author_id) values (697, '2014/10/20', 1, 'book-old-616', 'House of Branching Love, The (Haarautuvan rakkauden talo)', 'http://dummyimage.com/702x391.png/5fa2dd/ffffff', 'Phasellus id sapien in sapien iaculis congue. Vivamus metus arcu, adipiscing molestie, hendrerit at, vulputate vitae, nisl. Aenean lectus. Pellentesque eget nunc. Donec quis orci eget orci vehicula condimentum. Curabitur in libero ut massa volutpat convallis.', 1146, 0.34, 11);
insert into books (id, pub_date, is_bestseller, slug, title, image, description, price, discount, author_id) values (698, '2017/07/25', 0, 'book-lqs-258', 'Tale of Two Cities, A', 'http://dummyimage.com/516x598.png/cc0000/ffffff', 'Integer a nibh. In quis justo. Maecenas rhoncus aliquam lacus. Morbi quis tortor id nulla ultrices aliquet. Maecenas leo odio, condimentum id, luctus nec, molestie sed, justo.', 293, 0.16, 8);
insert into books (id, pub_date, is_bestseller, slug, title, image, description, price, discount, author_id) values (699, '2020/05/04', 0, 'book-ypr-918', 'Superman and the Mole-Men', 'http://dummyimage.com/651x663.png/5fa2dd/ffffff', 'Maecenas leo odio, condimentum id, luctus nec, molestie sed, justo. Pellentesque viverra pede ac diam. Cras pellentesque volutpat dui. Maecenas tristique, est et tempus semper, est quam pharetra magna, ac consequat metus sapien ut nunc. Vestibulum ante ipsum primis in faucibus orci luctus et ultrices posuere cubilia Curae; Mauris viverra diam vitae quam. Suspendisse potenti.', 103, 0.35, 17);
insert into books (id, pub_date, is_bestseller, slug, title, image, description, price, discount, author_id) values (700, '2019/07/17', 0, 'book-asm-148', 'Cool World', 'http://dummyimage.com/704x574.png/5fa2dd/ffffff', 'Vivamus in felis eu sapien cursus vestibulum. Proin eu mi. Nulla ac enim. In tempor, turpis nec euismod scelerisque, quam turpis adipiscing lorem, vitae mattis nibh ligula nec sem. Duis aliquam convallis nunc.', 2068, 0.15, 10);
insert into books (id, pub_date, is_bestseller, slug, title, image, description, price, discount, author_id) values (701, '2017/12/14', 0, 'book-cmu-916', 'Street Fighter, The (Gekitotsu! Satsujin ken)', 'http://dummyimage.com/408x355.png/dddddd/000000', 'Morbi ut odio. Cras mi pede, malesuada in, imperdiet et, commodo vulputate, justo. In blandit ultrices enim. Lorem ipsum dolor sit amet, consectetuer adipiscing elit. Proin interdum mauris non ligula pellentesque ultrices.', 1021, 0.14, 5);
insert into books (id, pub_date, is_bestseller, slug, title, image, description, price, discount, author_id) values (702, '2016/11/25', 1, 'book-ztc-583', 'Buddies (Colegas)', 'http://dummyimage.com/534x283.png/5fa2dd/ffffff', 'Nulla tellus. In sagittis dui vel nisl. Duis ac nibh. Fusce lacus purus, aliquet at, feugiat non, pretium quis, lectus. Suspendisse potenti.', 910, 0.45, 13);
insert into books (id, pub_date, is_bestseller, slug, title, image, description, price, discount, author_id) values (703, '2013/05/05', 1, 'book-eyq-513', 'Half Past Dead', 'http://dummyimage.com/553x637.png/cc0000/ffffff', 'Duis bibendum. Morbi non quam nec dui luctus rutrum. Nulla tellus. In sagittis dui vel nisl. Duis ac nibh.', 1886, 0.12, 9);
insert into books (id, pub_date, is_bestseller, slug, title, image, description, price, discount, author_id) values (704, '2015/12/29', 1, 'book-taf-728', 'Corruptor, The', 'http://dummyimage.com/302x800.png/dddddd/000000', 'Suspendisse potenti. In eleifend quam a odio. In hac habitasse platea dictumst. Maecenas ut massa quis augue luctus tincidunt. Nulla mollis molestie lorem.', 1875, 0.37, 7);
insert into books (id, pub_date, is_bestseller, slug, title, image, description, price, discount, author_id) values (705, '2012/01/06', 1, 'book-tng-184', 'Human Behavior Experiments, The', 'http://dummyimage.com/746x750.png/5fa2dd/ffffff', 'Phasellus id sapien in sapien iaculis congue. Vivamus metus arcu, adipiscing molestie, hendrerit at, vulputate vitae, nisl. Aenean lectus. Pellentesque eget nunc. Donec quis orci eget orci vehicula condimentum. Curabitur in libero ut massa volutpat convallis.', 1347, 0.19, 15);
insert into books (id, pub_date, is_bestseller, slug, title, image, description, price, discount, author_id) values (706, '2019/12/15', 1, 'book-naa-734', 'Hard Way, The', 'http://dummyimage.com/358x596.png/5fa2dd/ffffff', 'Etiam faucibus cursus urna. Ut tellus. Nulla ut erat id mauris vulputate elementum. Nullam varius. Nulla facilisi.', 2423, 0.14, 16);
insert into books (id, pub_date, is_bestseller, slug, title, image, description, price, discount, author_id) values (707, '2012/08/27', 1, 'book-stb-090', 'Meltdown (Shu dan long wei)', 'http://dummyimage.com/696x307.png/ff4444/ffffff', 'Vestibulum ac est lacinia nisi venenatis tristique. Fusce congue, diam id ornare imperdiet, sapien urna pretium nisl, ut volutpat sapien arcu sed augue. Aliquam erat volutpat. In congue. Etiam justo.', 968, 0.25, 8);
insert into books (id, pub_date, is_bestseller, slug, title, image, description, price, discount, author_id) values (708, '2015/04/05', 0, 'book-acw-861', 'Grass Harp, The', 'http://dummyimage.com/573x370.png/ff4444/ffffff', 'Praesent blandit lacinia erat. Vestibulum sed magna at nunc commodo placerat. Praesent blandit. Nam nulla. Integer pede justo, lacinia eget, tincidunt eget, tempus vel, pede. Morbi porttitor lorem id ligula.', 2239, 0.43, 7);
insert into books (id, pub_date, is_bestseller, slug, title, image, description, price, discount, author_id) values (709, '2015/12/18', 1, 'book-ynh-139', 'Exit', 'http://dummyimage.com/615x587.png/5fa2dd/ffffff', 'Fusce lacus purus, aliquet at, feugiat non, pretium quis, lectus. Suspendisse potenti. In eleifend quam a odio. In hac habitasse platea dictumst. Maecenas ut massa quis augue luctus tincidunt. Nulla mollis molestie lorem.', 1340, 0.31, 5);
insert into books (id, pub_date, is_bestseller, slug, title, image, description, price, discount, author_id) values (710, '2014/12/27', 0, 'book-xdw-643', 'Moment of Truth, The (Il momento della verità)', 'http://dummyimage.com/327x608.png/cc0000/ffffff', 'Aliquam erat volutpat. In congue. Etiam justo. Etiam pretium iaculis justo. In hac habitasse platea dictumst.', 1926, 0.07, 18);
insert into books (id, pub_date, is_bestseller, slug, title, image, description, price, discount, author_id) values (711, '2013/09/12', 1, 'book-qod-934', 'Dirty Carnival, A (Biyeolhan geori)', 'http://dummyimage.com/726x347.png/ff4444/ffffff', 'Pellentesque ultrices mattis odio. Donec vitae nisi. Nam ultrices, libero non mattis pulvinar, nulla pede ullamcorper augue, a suscipit nulla elit ac nulla. Sed vel enim sit amet nunc viverra dapibus. Nulla suscipit ligula in lacus. Curabitur at ipsum ac tellus semper interdum.', 1345, 0.38, 1);
insert into books (id, pub_date, is_bestseller, slug, title, image, description, price, discount, author_id) values (712, '2019/05/03', 0, 'book-qet-804', 'Boy Eating the Bird''s Food (To agori troei to fagito tou pouliou)', 'http://dummyimage.com/717x300.png/cc0000/ffffff', 'Suspendisse potenti. Nullam porttitor lacus at turpis. Donec posuere metus vitae ipsum. Aliquam non mauris. Morbi non lectus. Aliquam sit amet diam in magna bibendum imperdiet.', 1477, 0.46, 11);
insert into books (id, pub_date, is_bestseller, slug, title, image, description, price, discount, author_id) values (713, '2011/06/03', 1, 'book-ouo-226', 'Love''s Long Journey', 'http://dummyimage.com/396x724.png/ff4444/ffffff', 'Etiam vel augue. Vestibulum rutrum rutrum neque. Aenean auctor gravida sem. Praesent id massa id nisl venenatis lacinia. Aenean sit amet justo. Morbi ut odio.', 1828, 0.43, 12);
insert into books (id, pub_date, is_bestseller, slug, title, image, description, price, discount, author_id) values (714, '2012/09/01', 1, 'book-njg-457', 'Uninvited, The', 'http://dummyimage.com/454x452.png/dddddd/000000', 'Nulla nisl. Nunc nisl. Duis bibendum, felis sed interdum venenatis, turpis enim blandit mi, in porttitor pede justo eu massa. Donec dapibus. Duis at velit eu est congue elementum.', 595, 0.31, 3);
insert into books (id, pub_date, is_bestseller, slug, title, image, description, price, discount, author_id) values (715, '2019/08/17', 0, 'book-jkc-706', 'Newcastle', 'http://dummyimage.com/658x467.png/5fa2dd/ffffff', 'Lorem ipsum dolor sit amet, consectetuer adipiscing elit. Proin risus. Praesent lectus. Vestibulum quam sapien, varius ut, blandit non, interdum in, ante. Vestibulum ante ipsum primis in faucibus orci luctus et ultrices posuere cubilia Curae; Duis faucibus accumsan odio.', 943, 0.39, 17);
insert into books (id, pub_date, is_bestseller, slug, title, image, description, price, discount, author_id) values (716, '2019/10/21', 0, 'book-xou-325', 'For Queen and Country', 'http://dummyimage.com/770x730.png/cc0000/ffffff', 'Ut tellus. Nulla ut erat id mauris vulputate elementum. Nullam varius. Nulla facilisi. Cras non velit nec nisi vulputate nonummy. Maecenas tincidunt lacus at velit.', 1591, 0.09, 10);
insert into books (id, pub_date, is_bestseller, slug, title, image, description, price, discount, author_id) values (717, '2017/08/29', 0, 'book-buk-745', 'All About Eve', 'http://dummyimage.com/371x367.png/ff4444/ffffff', 'Duis at velit eu est congue elementum. In hac habitasse platea dictumst. Morbi vestibulum, velit id pretium iaculis, diam erat fermentum justo, nec condimentum neque sapien placerat ante. Nulla justo. Aliquam quis turpis eget elit sodales scelerisque.', 725, 0.14, 3);
insert into books (id, pub_date, is_bestseller, slug, title, image, description, price, discount, author_id) values (718, '2012/07/19', 1, 'book-btb-943', 'All In: The Poker Movie', 'http://dummyimage.com/501x758.png/ff4444/ffffff', 'Fusce congue, diam id ornare imperdiet, sapien urna pretium nisl, ut volutpat sapien arcu sed augue. Aliquam erat volutpat. In congue. Etiam justo. Etiam pretium iaculis justo. In hac habitasse platea dictumst.', 2081, 0.28, 9);
insert into books (id, pub_date, is_bestseller, slug, title, image, description, price, discount, author_id) values (719, '2020/10/04', 1, 'book-yqn-602', 'Count Dracula (Nachts, wenn Dracula erwacht)', 'http://dummyimage.com/633x470.png/ff4444/ffffff', 'Vivamus tortor. Duis mattis egestas metus. Aenean fermentum. Donec ut mauris eget massa tempor convallis. Nulla neque libero, convallis eget, eleifend luctus, ultricies eu, nibh.', 1874, 0.37, 15);
insert into books (id, pub_date, is_bestseller, slug, title, image, description, price, discount, author_id) values (720, '2017/11/09', 0, 'book-nrg-057', 'Wedding Banquet, The (Xi yan)', 'http://dummyimage.com/535x556.png/dddddd/000000', 'Suspendisse potenti. Cras in purus eu magna vulputate luctus. Cum sociis natoque penatibus et magnis dis parturient montes, nascetur ridiculus mus. Vivamus vestibulum sagittis sapien. Cum sociis natoque penatibus et magnis dis parturient montes, nascetur ridiculus mus. Etiam vel augue.', 378, 0.26, 18);
insert into books (id, pub_date, is_bestseller, slug, title, image, description, price, discount, author_id) values (721, '2016/10/11', 0, 'book-ksm-967', 'Superman II', 'http://dummyimage.com/588x281.png/5fa2dd/ffffff', 'Phasellus in felis. Donec semper sapien a libero. Nam dui. Proin leo odio, porttitor id, consequat in, consequat ut, nulla. Sed accumsan felis.', 1661, 0.28, 3);
insert into books (id, pub_date, is_bestseller, slug, title, image, description, price, discount, author_id) values (722, '2016/05/08', 1, 'book-sbz-571', 'Temptation (Tentação)', 'http://dummyimage.com/475x452.png/cc0000/ffffff', 'Fusce lacus purus, aliquet at, feugiat non, pretium quis, lectus. Suspendisse potenti. In eleifend quam a odio. In hac habitasse platea dictumst. Maecenas ut massa quis augue luctus tincidunt. Nulla mollis molestie lorem.', 604, 0.46, 3);
insert into books (id, pub_date, is_bestseller, slug, title, image, description, price, discount, author_id) values (723, '2016/07/09', 0, 'book-jhj-084', 'Hammer, The', 'http://dummyimage.com/317x297.png/5fa2dd/ffffff', 'Duis bibendum. Morbi non quam nec dui luctus rutrum. Nulla tellus. In sagittis dui vel nisl. Duis ac nibh. Fusce lacus purus, aliquet at, feugiat non, pretium quis, lectus.', 1617, 0.12, 3);
insert into books (id, pub_date, is_bestseller, slug, title, image, description, price, discount, author_id) values (724, '2019/01/27', 0, 'book-ahz-862', 'This Island Earth', 'http://dummyimage.com/798x273.png/ff4444/ffffff', 'Aliquam augue quam, sollicitudin vitae, consectetuer eget, rutrum at, lorem. Integer tincidunt ante vel ipsum. Praesent blandit lacinia erat. Vestibulum sed magna at nunc commodo placerat. Praesent blandit. Nam nulla.', 1112, 0.4, 1);
insert into books (id, pub_date, is_bestseller, slug, title, image, description, price, discount, author_id) values (725, '2014/10/21', 0, 'book-kib-697', 'The Devil and the Holy Water', 'http://dummyimage.com/650x410.png/5fa2dd/ffffff', 'Vivamus metus arcu, adipiscing molestie, hendrerit at, vulputate vitae, nisl. Aenean lectus. Pellentesque eget nunc. Donec quis orci eget orci vehicula condimentum. Curabitur in libero ut massa volutpat convallis. Morbi odio odio, elementum eu, interdum eu, tincidunt in, leo.', 1705, 0.24, 5);
insert into books (id, pub_date, is_bestseller, slug, title, image, description, price, discount, author_id) values (726, '2019/04/30', 0, 'book-ljl-954', 'Blackrock', 'http://dummyimage.com/359x438.png/dddddd/000000', 'In hac habitasse platea dictumst. Morbi vestibulum, velit id pretium iaculis, diam erat fermentum justo, nec condimentum neque sapien placerat ante. Nulla justo. Aliquam quis turpis eget elit sodales scelerisque. Mauris sit amet eros. Suspendisse accumsan tortor quis turpis.', 1395, 0.38, 2);
insert into books (id, pub_date, is_bestseller, slug, title, image, description, price, discount, author_id) values (727, '2012/11/06', 0, 'book-obg-277', 'Pandora''s Box', 'http://dummyimage.com/479x346.png/5fa2dd/ffffff', 'Donec vitae nisi. Nam ultrices, libero non mattis pulvinar, nulla pede ullamcorper augue, a suscipit nulla elit ac nulla. Sed vel enim sit amet nunc viverra dapibus. Nulla suscipit ligula in lacus. Curabitur at ipsum ac tellus semper interdum.', 1204, 0.28, 1);
insert into books (id, pub_date, is_bestseller, slug, title, image, description, price, discount, author_id) values (728, '2011/12/22', 0, 'book-dkc-676', 'Wyatt Earp', 'http://dummyimage.com/639x492.png/cc0000/ffffff', 'Vestibulum ante ipsum primis in faucibus orci luctus et ultrices posuere cubilia Curae; Donec pharetra, magna vestibulum aliquet ultrices, erat tortor sollicitudin mi, sit amet lobortis sapien sapien non mi. Integer ac neque. Duis bibendum. Morbi non quam nec dui luctus rutrum. Nulla tellus. In sagittis dui vel nisl.', 2243, 0.4, 7);
insert into books (id, pub_date, is_bestseller, slug, title, image, description, price, discount, author_id) values (729, '2017/06/06', 1, 'book-vqq-503', 'Boom!', 'http://dummyimage.com/336x798.png/5fa2dd/ffffff', 'Vestibulum sed magna at nunc commodo placerat. Praesent blandit. Nam nulla. Integer pede justo, lacinia eget, tincidunt eget, tempus vel, pede. Morbi porttitor lorem id ligula.', 207, 0.09, 21);
insert into books (id, pub_date, is_bestseller, slug, title, image, description, price, discount, author_id) values (730, '2011/07/11', 0, 'book-nif-413', 'Kind Hearts and Coronets', 'http://dummyimage.com/795x404.png/ff4444/ffffff', 'Nulla suscipit ligula in lacus. Curabitur at ipsum ac tellus semper interdum. Mauris ullamcorper purus sit amet nulla. Quisque arcu libero, rutrum ac, lobortis vel, dapibus at, diam. Nam tristique tortor eu pede.', 1003, 0.29, 3);
insert into books (id, pub_date, is_bestseller, slug, title, image, description, price, discount, author_id) values (731, '2017/08/02', 0, 'book-qus-537', 'Lone Wolf and Cub: Sword of Vengeance (Kozure Ôkami: Kowokashi udekashi tsukamatsuru)', 'http://dummyimage.com/649x698.png/ff4444/ffffff', 'Donec diam neque, vestibulum eget, vulputate ut, ultrices vel, augue. Vestibulum ante ipsum primis in faucibus orci luctus et ultrices posuere cubilia Curae; Donec pharetra, magna vestibulum aliquet ultrices, erat tortor sollicitudin mi, sit amet lobortis sapien sapien non mi. Integer ac neque. Duis bibendum. Morbi non quam nec dui luctus rutrum.', 1862, 0.39, 10);
insert into books (id, pub_date, is_bestseller, slug, title, image, description, price, discount, author_id) values (732, '2019/01/16', 0, 'book-qyk-627', 'Experience Preferred... But Not Essential', 'http://dummyimage.com/682x505.png/cc0000/ffffff', 'Nam ultrices, libero non mattis pulvinar, nulla pede ullamcorper augue, a suscipit nulla elit ac nulla. Sed vel enim sit amet nunc viverra dapibus. Nulla suscipit ligula in lacus. Curabitur at ipsum ac tellus semper interdum. Mauris ullamcorper purus sit amet nulla.', 1709, 0.36, 16);
insert into books (id, pub_date, is_bestseller, slug, title, image, description, price, discount, author_id) values (733, '2014/07/26', 0, 'book-bta-470', 'Pirates of the Great Salt Lake', 'http://dummyimage.com/731x698.png/dddddd/000000', 'Donec quis orci eget orci vehicula condimentum. Curabitur in libero ut massa volutpat convallis. Morbi odio odio, elementum eu, interdum eu, tincidunt in, leo. Maecenas pulvinar lobortis est. Phasellus sit amet erat. Nulla tempus.', 1420, 0.35, 1);
insert into books (id, pub_date, is_bestseller, slug, title, image, description, price, discount, author_id) values (734, '2016/11/27', 0, 'book-gye-858', 'It', 'http://dummyimage.com/413x785.png/dddddd/000000', 'Maecenas ut massa quis augue luctus tincidunt. Nulla mollis molestie lorem. Quisque ut erat. Curabitur gravida nisi at nibh. In hac habitasse platea dictumst. Aliquam augue quam, sollicitudin vitae, consectetuer eget, rutrum at, lorem.', 959, 0.48, 5);
insert into books (id, pub_date, is_bestseller, slug, title, image, description, price, discount, author_id) values (735, '2016/01/14', 0, 'book-mwc-053', 'Lawless Street, A (Marshal of Medicine Bend)', 'http://dummyimage.com/458x314.png/ff4444/ffffff', 'In hac habitasse platea dictumst. Etiam faucibus cursus urna. Ut tellus. Nulla ut erat id mauris vulputate elementum. Nullam varius.', 2268, 0.23, 21);
insert into books (id, pub_date, is_bestseller, slug, title, image, description, price, discount, author_id) values (736, '2011/02/19', 0, 'book-npy-743', 'Heartbreakers', 'http://dummyimage.com/503x348.png/cc0000/ffffff', 'Duis at velit eu est congue elementum. In hac habitasse platea dictumst. Morbi vestibulum, velit id pretium iaculis, diam erat fermentum justo, nec condimentum neque sapien placerat ante. Nulla justo. Aliquam quis turpis eget elit sodales scelerisque. Mauris sit amet eros.', 1486, 0.24, 2);
insert into books (id, pub_date, is_bestseller, slug, title, image, description, price, discount, author_id) values (737, '2015/09/26', 1, 'book-fot-531', 'Strange Door, The', 'http://dummyimage.com/543x297.png/cc0000/ffffff', 'Suspendisse potenti. Cras in purus eu magna vulputate luctus. Cum sociis natoque penatibus et magnis dis parturient montes, nascetur ridiculus mus. Vivamus vestibulum sagittis sapien. Cum sociis natoque penatibus et magnis dis parturient montes, nascetur ridiculus mus. Etiam vel augue.', 904, 0.22, 15);
insert into books (id, pub_date, is_bestseller, slug, title, image, description, price, discount, author_id) values (738, '2018/05/09', 0, 'book-mtd-140', 'Lust for Gold (Duhul aurului)', 'http://dummyimage.com/273x592.png/dddddd/000000', 'In hac habitasse platea dictumst. Etiam faucibus cursus urna. Ut tellus. Nulla ut erat id mauris vulputate elementum. Nullam varius. Nulla facilisi.', 2490, 0.15, 11);
insert into books (id, pub_date, is_bestseller, slug, title, image, description, price, discount, author_id) values (739, '2017/02/05', 0, 'book-bdw-731', 'TV Set, The', 'http://dummyimage.com/627x491.png/dddddd/000000', 'Integer tincidunt ante vel ipsum. Praesent blandit lacinia erat. Vestibulum sed magna at nunc commodo placerat. Praesent blandit. Nam nulla.', 529, 0.15, 11);
insert into books (id, pub_date, is_bestseller, slug, title, image, description, price, discount, author_id) values (740, '2014/02/15', 0, 'book-cxn-549', 'Swamp Shark', 'http://dummyimage.com/494x407.png/dddddd/000000', 'Vivamus vestibulum sagittis sapien. Cum sociis natoque penatibus et magnis dis parturient montes, nascetur ridiculus mus. Etiam vel augue. Vestibulum rutrum rutrum neque. Aenean auctor gravida sem.', 2231, 0.33, 2);
insert into books (id, pub_date, is_bestseller, slug, title, image, description, price, discount, author_id) values (741, '2020/07/08', 0, 'book-qpn-438', 'Tokyo Zombie (Tôkyô zonbi)', 'http://dummyimage.com/763x462.png/5fa2dd/ffffff', 'Integer aliquet, massa id lobortis convallis, tortor risus dapibus augue, vel accumsan tellus nisi eu orci. Mauris lacinia sapien quis libero. Nullam sit amet turpis elementum ligula vehicula consequat. Morbi a ipsum. Integer a nibh.', 691, 0.38, 6);
insert into books (id, pub_date, is_bestseller, slug, title, image, description, price, discount, author_id) values (742, '2020/08/22', 0, 'book-gey-659', 'Boys, Les', 'http://dummyimage.com/793x509.png/dddddd/000000', 'In tempor, turpis nec euismod scelerisque, quam turpis adipiscing lorem, vitae mattis nibh ligula nec sem. Duis aliquam convallis nunc. Proin at turpis a pede posuere nonummy. Integer non velit. Donec diam neque, vestibulum eget, vulputate ut, ultrices vel, augue.', 2486, 0.38, 10);
insert into books (id, pub_date, is_bestseller, slug, title, image, description, price, discount, author_id) values (743, '2017/01/09', 1, 'book-xpm-773', 'The African', 'http://dummyimage.com/298x716.png/dddddd/000000', 'Praesent id massa id nisl venenatis lacinia. Aenean sit amet justo. Morbi ut odio. Cras mi pede, malesuada in, imperdiet et, commodo vulputate, justo. In blandit ultrices enim. Lorem ipsum dolor sit amet, consectetuer adipiscing elit.', 1481, 0.37, 21);
insert into books (id, pub_date, is_bestseller, slug, title, image, description, price, discount, author_id) values (744, '2014/01/04', 0, 'book-uxh-630', 'Horrible Dr. Hichcock, The', 'http://dummyimage.com/301x789.png/5fa2dd/ffffff', 'In sagittis dui vel nisl. Duis ac nibh. Fusce lacus purus, aliquet at, feugiat non, pretium quis, lectus. Suspendisse potenti. In eleifend quam a odio. In hac habitasse platea dictumst.', 2355, 0.2, 21);
insert into books (id, pub_date, is_bestseller, slug, title, image, description, price, discount, author_id) values (745, '2011/12/31', 1, 'book-odt-832', 'Babel', 'http://dummyimage.com/617x391.png/ff4444/ffffff', 'Morbi vestibulum, velit id pretium iaculis, diam erat fermentum justo, nec condimentum neque sapien placerat ante. Nulla justo. Aliquam quis turpis eget elit sodales scelerisque. Mauris sit amet eros. Suspendisse accumsan tortor quis turpis.', 2288, 0.42, 13);
insert into books (id, pub_date, is_bestseller, slug, title, image, description, price, discount, author_id) values (746, '2015/07/30', 1, 'book-wqx-556', 'How to Get Ahead in Advertising', 'http://dummyimage.com/498x776.png/5fa2dd/ffffff', 'Nulla ac enim. In tempor, turpis nec euismod scelerisque, quam turpis adipiscing lorem, vitae mattis nibh ligula nec sem. Duis aliquam convallis nunc. Proin at turpis a pede posuere nonummy. Integer non velit.', 2100, 0.14, 13);
insert into books (id, pub_date, is_bestseller, slug, title, image, description, price, discount, author_id) values (747, '2015/05/17', 1, 'book-uhn-256', 'Living with Michael Jackson', 'http://dummyimage.com/733x788.png/ff4444/ffffff', 'Nam nulla. Integer pede justo, lacinia eget, tincidunt eget, tempus vel, pede. Morbi porttitor lorem id ligula. Suspendisse ornare consequat lectus. In est risus, auctor sed, tristique in, tempus sit amet, sem.', 2304, 0.05, 15);
insert into books (id, pub_date, is_bestseller, slug, title, image, description, price, discount, author_id) values (748, '2015/08/22', 0, 'book-oud-623', 'Accattone', 'http://dummyimage.com/267x324.png/5fa2dd/ffffff', 'Sed sagittis. Nam congue, risus semper porta volutpat, quam pede lobortis ligula, sit amet eleifend pede libero quis orci. Nullam molestie nibh in lectus. Pellentesque at nulla. Suspendisse potenti. Cras in purus eu magna vulputate luctus.', 1596, 0.32, 9);
insert into books (id, pub_date, is_bestseller, slug, title, image, description, price, discount, author_id) values (749, '2018/04/08', 1, 'book-ovw-331', 'Camera Obscura', 'http://dummyimage.com/374x708.png/ff4444/ffffff', 'Aliquam sit amet diam in magna bibendum imperdiet. Nullam orci pede, venenatis non, sodales sed, tincidunt eu, felis. Fusce posuere felis sed lacus. Morbi sem mauris, laoreet ut, rhoncus aliquet, pulvinar sed, nisl. Nunc rhoncus dui vel sem.', 1246, 0.42, 17);
insert into books (id, pub_date, is_bestseller, slug, title, image, description, price, discount, author_id) values (750, '2015/02/05', 0, 'book-jvd-287', 'Blue Angel, The', 'http://dummyimage.com/445x787.png/dddddd/000000', 'Nulla neque libero, convallis eget, eleifend luctus, ultricies eu, nibh. Quisque id justo sit amet sapien dignissim vestibulum. Vestibulum ante ipsum primis in faucibus orci luctus et ultrices posuere cubilia Curae; Nulla dapibus dolor vel est. Donec odio justo, sollicitudin ut, suscipit a, feugiat et, eros. Vestibulum ac est lacinia nisi venenatis tristique.', 1600, 0.46, 11);
insert into books (id, pub_date, is_bestseller, slug, title, image, description, price, discount, author_id) values (751, '2012/01/26', 1, 'book-hck-522', 'Searchers, The', 'http://dummyimage.com/669x469.png/dddddd/000000', 'Integer tincidunt ante vel ipsum. Praesent blandit lacinia erat. Vestibulum sed magna at nunc commodo placerat. Praesent blandit. Nam nulla.', 258, 0.3, 20);
insert into books (id, pub_date, is_bestseller, slug, title, image, description, price, discount, author_id) values (752, '2017/06/09', 0, 'book-led-113', 'Waterloo Bridge', 'http://dummyimage.com/412x399.png/ff4444/ffffff', 'Nunc purus. Phasellus in felis. Donec semper sapien a libero. Nam dui. Proin leo odio, porttitor id, consequat in, consequat ut, nulla. Sed accumsan felis.', 1538, 0.44, 19);
insert into books (id, pub_date, is_bestseller, slug, title, image, description, price, discount, author_id) values (753, '2013/03/30', 1, 'book-agz-565', 'Kotch', 'http://dummyimage.com/545x648.png/ff4444/ffffff', 'Duis mattis egestas metus. Aenean fermentum. Donec ut mauris eget massa tempor convallis. Nulla neque libero, convallis eget, eleifend luctus, ultricies eu, nibh. Quisque id justo sit amet sapien dignissim vestibulum.', 2106, 0.21, 18);
insert into books (id, pub_date, is_bestseller, slug, title, image, description, price, discount, author_id) values (754, '2013/10/06', 0, 'book-cpj-229', 'Vampire Bat, The', 'http://dummyimage.com/679x250.png/5fa2dd/ffffff', 'Maecenas rhoncus aliquam lacus. Morbi quis tortor id nulla ultrices aliquet. Maecenas leo odio, condimentum id, luctus nec, molestie sed, justo. Pellentesque viverra pede ac diam. Cras pellentesque volutpat dui.', 2246, 0.42, 12);
insert into books (id, pub_date, is_bestseller, slug, title, image, description, price, discount, author_id) values (755, '2016/09/09', 0, 'book-gql-588', 'Forest of Bliss', 'http://dummyimage.com/558x622.png/5fa2dd/ffffff', 'Duis bibendum. Morbi non quam nec dui luctus rutrum. Nulla tellus. In sagittis dui vel nisl. Duis ac nibh.', 2143, 0.13, 6);
insert into books (id, pub_date, is_bestseller, slug, title, image, description, price, discount, author_id) values (756, '2013/03/09', 0, 'book-ota-735', 'Mr. Moto''s Gamble', 'http://dummyimage.com/751x587.png/ff4444/ffffff', 'Nulla justo. Aliquam quis turpis eget elit sodales scelerisque. Mauris sit amet eros. Suspendisse accumsan tortor quis turpis. Sed ante. Vivamus tortor.', 1907, 0.06, 13);
insert into books (id, pub_date, is_bestseller, slug, title, image, description, price, discount, author_id) values (757, '2015/07/29', 1, 'book-vuv-843', 'House of Fools', 'http://dummyimage.com/264x696.png/5fa2dd/ffffff', 'Cras mi pede, malesuada in, imperdiet et, commodo vulputate, justo. In blandit ultrices enim. Lorem ipsum dolor sit amet, consectetuer adipiscing elit. Proin interdum mauris non ligula pellentesque ultrices. Phasellus id sapien in sapien iaculis congue.', 1886, 0.3, 3);
insert into books (id, pub_date, is_bestseller, slug, title, image, description, price, discount, author_id) values (758, '2015/12/31', 1, 'book-mhp-454', 'Invitation to the Dance', 'http://dummyimage.com/741x320.png/ff4444/ffffff', 'Donec semper sapien a libero. Nam dui. Proin leo odio, porttitor id, consequat in, consequat ut, nulla. Sed accumsan felis. Ut at dolor quis odio consequat varius. Integer ac leo.', 375, 0.18, 14);
insert into books (id, pub_date, is_bestseller, slug, title, image, description, price, discount, author_id) values (759, '2010/12/17', 1, 'book-mcc-455', 'Forest Warrior', 'http://dummyimage.com/723x343.png/dddddd/000000', 'Morbi vel lectus in quam fringilla rhoncus. Mauris enim leo, rhoncus sed, vestibulum sit amet, cursus id, turpis. Integer aliquet, massa id lobortis convallis, tortor risus dapibus augue, vel accumsan tellus nisi eu orci. Mauris lacinia sapien quis libero. Nullam sit amet turpis elementum ligula vehicula consequat. Morbi a ipsum.', 1972, 0.35, 3);
insert into books (id, pub_date, is_bestseller, slug, title, image, description, price, discount, author_id) values (760, '2012/03/26', 1, 'book-cnp-151', 'Celluloid Closet, The', 'http://dummyimage.com/756x328.png/cc0000/ffffff', 'Nunc purus. Phasellus in felis. Donec semper sapien a libero. Nam dui. Proin leo odio, porttitor id, consequat in, consequat ut, nulla.', 776, 0.43, 16);
insert into books (id, pub_date, is_bestseller, slug, title, image, description, price, discount, author_id) values (761, '2015/09/24', 0, 'book-rvf-838', 'Children, The', 'http://dummyimage.com/404x724.png/cc0000/ffffff', 'In hac habitasse platea dictumst. Maecenas ut massa quis augue luctus tincidunt. Nulla mollis molestie lorem. Quisque ut erat. Curabitur gravida nisi at nibh. In hac habitasse platea dictumst.', 2151, 0.23, 17);
insert into books (id, pub_date, is_bestseller, slug, title, image, description, price, discount, author_id) values (762, '2020/10/02', 0, 'book-kuc-658', 'Tempest, The', 'http://dummyimage.com/753x554.png/5fa2dd/ffffff', 'Maecenas leo odio, condimentum id, luctus nec, molestie sed, justo. Pellentesque viverra pede ac diam. Cras pellentesque volutpat dui. Maecenas tristique, est et tempus semper, est quam pharetra magna, ac consequat metus sapien ut nunc. Vestibulum ante ipsum primis in faucibus orci luctus et ultrices posuere cubilia Curae; Mauris viverra diam vitae quam.', 465, 0.48, 20);
insert into books (id, pub_date, is_bestseller, slug, title, image, description, price, discount, author_id) values (763, '2012/09/06', 0, 'book-knw-198', 'Tennessee', 'http://dummyimage.com/524x665.png/dddddd/000000', 'Etiam faucibus cursus urna. Ut tellus. Nulla ut erat id mauris vulputate elementum. Nullam varius. Nulla facilisi.', 556, 0.41, 6);
insert into books (id, pub_date, is_bestseller, slug, title, image, description, price, discount, author_id) values (764, '2019/09/05', 0, 'book-lmd-129', 'Holes in My Shoes', 'http://dummyimage.com/698x679.png/dddddd/000000', 'Cras in purus eu magna vulputate luctus. Cum sociis natoque penatibus et magnis dis parturient montes, nascetur ridiculus mus. Vivamus vestibulum sagittis sapien. Cum sociis natoque penatibus et magnis dis parturient montes, nascetur ridiculus mus. Etiam vel augue. Vestibulum rutrum rutrum neque.', 2230, 0.25, 17);
insert into books (id, pub_date, is_bestseller, slug, title, image, description, price, discount, author_id) values (765, '2016/05/24', 1, 'book-kiv-510', 'Griffin and Phoenix', 'http://dummyimage.com/798x691.png/dddddd/000000', 'Vestibulum quam sapien, varius ut, blandit non, interdum in, ante. Vestibulum ante ipsum primis in faucibus orci luctus et ultrices posuere cubilia Curae; Duis faucibus accumsan odio. Curabitur convallis. Duis consequat dui nec nisi volutpat eleifend. Donec ut dolor.', 2274, 0.4, 21);
insert into books (id, pub_date, is_bestseller, slug, title, image, description, price, discount, author_id) values (766, '2018/10/24', 1, 'book-mqs-967', 'Sweepers', 'http://dummyimage.com/281x649.png/cc0000/ffffff', 'Morbi non quam nec dui luctus rutrum. Nulla tellus. In sagittis dui vel nisl. Duis ac nibh. Fusce lacus purus, aliquet at, feugiat non, pretium quis, lectus. Suspendisse potenti.', 106, 0.25, 12);
insert into books (id, pub_date, is_bestseller, slug, title, image, description, price, discount, author_id) values (767, '2013/03/20', 1, 'book-geb-324', 'EuroTrip', 'http://dummyimage.com/584x608.png/dddddd/000000', 'Cum sociis natoque penatibus et magnis dis parturient montes, nascetur ridiculus mus. Etiam vel augue. Vestibulum rutrum rutrum neque. Aenean auctor gravida sem. Praesent id massa id nisl venenatis lacinia.', 1839, 0.1, 8);
insert into books (id, pub_date, is_bestseller, slug, title, image, description, price, discount, author_id) values (768, '2012/11/02', 1, 'book-hie-395', 'Little Caesar', 'http://dummyimage.com/454x695.png/ff4444/ffffff', 'Morbi quis tortor id nulla ultrices aliquet. Maecenas leo odio, condimentum id, luctus nec, molestie sed, justo. Pellentesque viverra pede ac diam. Cras pellentesque volutpat dui. Maecenas tristique, est et tempus semper, est quam pharetra magna, ac consequat metus sapien ut nunc.', 1688, 0.43, 1);
insert into books (id, pub_date, is_bestseller, slug, title, image, description, price, discount, author_id) values (769, '2016/11/10', 0, 'book-ylw-518', 'Murder by Proxy: How America Went Postal', 'http://dummyimage.com/364x631.png/ff4444/ffffff', 'Phasellus id sapien in sapien iaculis congue. Vivamus metus arcu, adipiscing molestie, hendrerit at, vulputate vitae, nisl. Aenean lectus. Pellentesque eget nunc. Donec quis orci eget orci vehicula condimentum. Curabitur in libero ut massa volutpat convallis.', 345, 0.36, 21);
insert into books (id, pub_date, is_bestseller, slug, title, image, description, price, discount, author_id) values (770, '2017/08/03', 1, 'book-lot-560', 'Fingers at the Window', 'http://dummyimage.com/566x318.png/ff4444/ffffff', 'Suspendisse potenti. In eleifend quam a odio. In hac habitasse platea dictumst. Maecenas ut massa quis augue luctus tincidunt. Nulla mollis molestie lorem.', 2209, 0.19, 15);
insert into books (id, pub_date, is_bestseller, slug, title, image, description, price, discount, author_id) values (771, '2017/11/17', 0, 'book-xwm-035', 'Normal Life', 'http://dummyimage.com/665x307.png/cc0000/ffffff', 'Nulla neque libero, convallis eget, eleifend luctus, ultricies eu, nibh. Quisque id justo sit amet sapien dignissim vestibulum. Vestibulum ante ipsum primis in faucibus orci luctus et ultrices posuere cubilia Curae; Nulla dapibus dolor vel est. Donec odio justo, sollicitudin ut, suscipit a, feugiat et, eros. Vestibulum ac est lacinia nisi venenatis tristique. Fusce congue, diam id ornare imperdiet, sapien urna pretium nisl, ut volutpat sapien arcu sed augue.', 1249, 0.07, 2);
insert into books (id, pub_date, is_bestseller, slug, title, image, description, price, discount, author_id) values (772, '2015/03/04', 0, 'book-quy-424', 'Léolo', 'http://dummyimage.com/695x355.png/dddddd/000000', 'Suspendisse potenti. Cras in purus eu magna vulputate luctus. Cum sociis natoque penatibus et magnis dis parturient montes, nascetur ridiculus mus. Vivamus vestibulum sagittis sapien. Cum sociis natoque penatibus et magnis dis parturient montes, nascetur ridiculus mus. Etiam vel augue.', 714, 0.29, 20);
insert into books (id, pub_date, is_bestseller, slug, title, image, description, price, discount, author_id) values (773, '2016/07/12', 1, 'book-ybf-103', 'Scent of a Woman', 'http://dummyimage.com/712x309.png/ff4444/ffffff', 'Sed vel enim sit amet nunc viverra dapibus. Nulla suscipit ligula in lacus. Curabitur at ipsum ac tellus semper interdum. Mauris ullamcorper purus sit amet nulla. Quisque arcu libero, rutrum ac, lobortis vel, dapibus at, diam. Nam tristique tortor eu pede.', 596, 0.49, 13);
insert into books (id, pub_date, is_bestseller, slug, title, image, description, price, discount, author_id) values (774, '2017/02/15', 1, 'book-qvr-692', 'Under the Domim Tree (Etz Hadomim Tafus)', 'http://dummyimage.com/625x392.png/ff4444/ffffff', 'Etiam justo. Etiam pretium iaculis justo. In hac habitasse platea dictumst. Etiam faucibus cursus urna. Ut tellus.', 1032, 0.5, 6);
insert into books (id, pub_date, is_bestseller, slug, title, image, description, price, discount, author_id) values (775, '2014/11/15', 0, 'book-zrw-849', 'Gloriously Wasted', 'http://dummyimage.com/621x419.png/cc0000/ffffff', 'Vivamus vestibulum sagittis sapien. Cum sociis natoque penatibus et magnis dis parturient montes, nascetur ridiculus mus. Etiam vel augue. Vestibulum rutrum rutrum neque. Aenean auctor gravida sem.', 2227, 0.44, 18);
insert into books (id, pub_date, is_bestseller, slug, title, image, description, price, discount, author_id) values (776, '2019/10/05', 0, 'book-lbx-970', 'Overnight Delivery', 'http://dummyimage.com/303x714.png/ff4444/ffffff', 'Praesent id massa id nisl venenatis lacinia. Aenean sit amet justo. Morbi ut odio. Cras mi pede, malesuada in, imperdiet et, commodo vulputate, justo. In blandit ultrices enim.', 504, 0.14, 3);
insert into books (id, pub_date, is_bestseller, slug, title, image, description, price, discount, author_id) values (777, '2014/01/16', 0, 'book-kfw-981', 'Wavelength', 'http://dummyimage.com/552x298.png/ff4444/ffffff', 'Sed ante. Vivamus tortor. Duis mattis egestas metus. Aenean fermentum. Donec ut mauris eget massa tempor convallis. Nulla neque libero, convallis eget, eleifend luctus, ultricies eu, nibh.', 1460, 0.3, 11);
insert into books (id, pub_date, is_bestseller, slug, title, image, description, price, discount, author_id) values (778, '2019/03/22', 0, 'book-isr-418', 'Habit', 'http://dummyimage.com/736x681.png/ff4444/ffffff', 'Donec ut mauris eget massa tempor convallis. Nulla neque libero, convallis eget, eleifend luctus, ultricies eu, nibh. Quisque id justo sit amet sapien dignissim vestibulum. Vestibulum ante ipsum primis in faucibus orci luctus et ultrices posuere cubilia Curae; Nulla dapibus dolor vel est. Donec odio justo, sollicitudin ut, suscipit a, feugiat et, eros. Vestibulum ac est lacinia nisi venenatis tristique.', 758, 0.33, 17);
insert into books (id, pub_date, is_bestseller, slug, title, image, description, price, discount, author_id) values (779, '2019/04/04', 1, 'book-sbo-390', 'The Car', 'http://dummyimage.com/394x259.png/dddddd/000000', 'Fusce consequat. Nulla nisl. Nunc nisl. Duis bibendum, felis sed interdum venenatis, turpis enim blandit mi, in porttitor pede justo eu massa. Donec dapibus. Duis at velit eu est congue elementum.', 551, 0.16, 20);
insert into books (id, pub_date, is_bestseller, slug, title, image, description, price, discount, author_id) values (780, '2017/05/04', 1, 'book-tca-509', 'Indian Tomb, The (Das indische Grabmal)', 'http://dummyimage.com/331x371.png/cc0000/ffffff', 'Nullam molestie nibh in lectus. Pellentesque at nulla. Suspendisse potenti. Cras in purus eu magna vulputate luctus. Cum sociis natoque penatibus et magnis dis parturient montes, nascetur ridiculus mus.', 309, 0.1, 5);
insert into books (id, pub_date, is_bestseller, slug, title, image, description, price, discount, author_id) values (781, '2020/03/13', 0, 'book-hrw-274', 'Number One with a Bullet', 'http://dummyimage.com/563x437.png/dddddd/000000', 'Praesent blandit. Nam nulla. Integer pede justo, lacinia eget, tincidunt eget, tempus vel, pede. Morbi porttitor lorem id ligula. Suspendisse ornare consequat lectus.', 2348, 0.38, 19);
insert into books (id, pub_date, is_bestseller, slug, title, image, description, price, discount, author_id) values (782, '2014/10/17', 1, 'book-cyy-579', '51 Birch Street', 'http://dummyimage.com/748x408.png/ff4444/ffffff', 'In blandit ultrices enim. Lorem ipsum dolor sit amet, consectetuer adipiscing elit. Proin interdum mauris non ligula pellentesque ultrices. Phasellus id sapien in sapien iaculis congue. Vivamus metus arcu, adipiscing molestie, hendrerit at, vulputate vitae, nisl.', 1404, 0.49, 13);
insert into books (id, pub_date, is_bestseller, slug, title, image, description, price, discount, author_id) values (783, '2019/09/07', 1, 'book-tsu-938', 'Last Minute, The', 'http://dummyimage.com/307x362.png/ff4444/ffffff', 'Etiam vel augue. Vestibulum rutrum rutrum neque. Aenean auctor gravida sem. Praesent id massa id nisl venenatis lacinia. Aenean sit amet justo.', 887, 0.08, 18);
insert into books (id, pub_date, is_bestseller, slug, title, image, description, price, discount, author_id) values (784, '2010/12/15', 1, 'book-hgy-535', 'Flight of the Conchords: A Texan Odyssey', 'http://dummyimage.com/495x505.png/ff4444/ffffff', 'Vestibulum rutrum rutrum neque. Aenean auctor gravida sem. Praesent id massa id nisl venenatis lacinia. Aenean sit amet justo. Morbi ut odio. Cras mi pede, malesuada in, imperdiet et, commodo vulputate, justo.', 804, 0.35, 14);
insert into books (id, pub_date, is_bestseller, slug, title, image, description, price, discount, author_id) values (785, '2013/05/10', 0, 'book-qwo-757', 'Brubaker', 'http://dummyimage.com/464x367.png/ff4444/ffffff', 'Cum sociis natoque penatibus et magnis dis parturient montes, nascetur ridiculus mus. Vivamus vestibulum sagittis sapien. Cum sociis natoque penatibus et magnis dis parturient montes, nascetur ridiculus mus. Etiam vel augue. Vestibulum rutrum rutrum neque. Aenean auctor gravida sem.', 1521, 0.07, 13);
insert into books (id, pub_date, is_bestseller, slug, title, image, description, price, discount, author_id) values (786, '2011/08/12', 1, 'book-jfo-910', 'Project A (''A'' gai waak)', 'http://dummyimage.com/605x323.png/5fa2dd/ffffff', 'Cras pellentesque volutpat dui. Maecenas tristique, est et tempus semper, est quam pharetra magna, ac consequat metus sapien ut nunc. Vestibulum ante ipsum primis in faucibus orci luctus et ultrices posuere cubilia Curae; Mauris viverra diam vitae quam. Suspendisse potenti. Nullam porttitor lacus at turpis. Donec posuere metus vitae ipsum.', 1170, 0.44, 12);
insert into books (id, pub_date, is_bestseller, slug, title, image, description, price, discount, author_id) values (787, '2014/12/04', 1, 'book-cao-746', 'Daniel', 'http://dummyimage.com/288x677.png/ff4444/ffffff', 'Curabitur in libero ut massa volutpat convallis. Morbi odio odio, elementum eu, interdum eu, tincidunt in, leo. Maecenas pulvinar lobortis est. Phasellus sit amet erat. Nulla tempus. Vivamus in felis eu sapien cursus vestibulum.', 1040, 0.09, 19);
insert into books (id, pub_date, is_bestseller, slug, title, image, description, price, discount, author_id) values (788, '2011/02/26', 0, 'book-rqw-873', 'Nightmare on Elm Street 2: Freddy''s Revenge, A', 'http://dummyimage.com/260x587.png/ff4444/ffffff', 'Phasellus sit amet erat. Nulla tempus. Vivamus in felis eu sapien cursus vestibulum. Proin eu mi. Nulla ac enim. In tempor, turpis nec euismod scelerisque, quam turpis adipiscing lorem, vitae mattis nibh ligula nec sem.', 1515, 0.39, 4);
insert into books (id, pub_date, is_bestseller, slug, title, image, description, price, discount, author_id) values (789, '2015/11/29', 1, 'book-ltt-495', 'Weather Underground, The', 'http://dummyimage.com/687x653.png/cc0000/ffffff', 'Morbi odio odio, elementum eu, interdum eu, tincidunt in, leo. Maecenas pulvinar lobortis est. Phasellus sit amet erat. Nulla tempus. Vivamus in felis eu sapien cursus vestibulum.', 2048, 0.3, 7);
insert into books (id, pub_date, is_bestseller, slug, title, image, description, price, discount, author_id) values (790, '2019/09/25', 1, 'book-tvx-864', 'Carlos', 'http://dummyimage.com/442x588.png/dddddd/000000', 'In hac habitasse platea dictumst. Etiam faucibus cursus urna. Ut tellus. Nulla ut erat id mauris vulputate elementum. Nullam varius. Nulla facilisi.', 1685, 0.35, 8);
insert into books (id, pub_date, is_bestseller, slug, title, image, description, price, discount, author_id) values (791, '2012/02/25', 0, 'book-cyv-900', 'In Name Only', 'http://dummyimage.com/654x622.png/dddddd/000000', 'Maecenas pulvinar lobortis est. Phasellus sit amet erat. Nulla tempus. Vivamus in felis eu sapien cursus vestibulum. Proin eu mi.', 265, 0.49, 5);
insert into books (id, pub_date, is_bestseller, slug, title, image, description, price, discount, author_id) values (792, '2011/01/28', 1, 'book-vsm-674', 'Walking With Dinosaurs', 'http://dummyimage.com/429x673.png/ff4444/ffffff', 'Curabitur gravida nisi at nibh. In hac habitasse platea dictumst. Aliquam augue quam, sollicitudin vitae, consectetuer eget, rutrum at, lorem. Integer tincidunt ante vel ipsum. Praesent blandit lacinia erat. Vestibulum sed magna at nunc commodo placerat.', 132, 0.11, 21);
insert into books (id, pub_date, is_bestseller, slug, title, image, description, price, discount, author_id) values (793, '2016/12/06', 1, 'book-rwi-479', 'Loss of a Teardrop Diamond, The', 'http://dummyimage.com/615x751.png/5fa2dd/ffffff', 'Ut at dolor quis odio consequat varius. Integer ac leo. Pellentesque ultrices mattis odio. Donec vitae nisi. Nam ultrices, libero non mattis pulvinar, nulla pede ullamcorper augue, a suscipit nulla elit ac nulla.', 959, 0.35, 15);
insert into books (id, pub_date, is_bestseller, slug, title, image, description, price, discount, author_id) values (794, '2014/12/17', 1, 'book-ejw-598', 'Meet Me in St. Louis', 'http://dummyimage.com/446x672.png/cc0000/ffffff', 'Aliquam augue quam, sollicitudin vitae, consectetuer eget, rutrum at, lorem. Integer tincidunt ante vel ipsum. Praesent blandit lacinia erat. Vestibulum sed magna at nunc commodo placerat. Praesent blandit.', 506, 0.14, 12);
insert into books (id, pub_date, is_bestseller, slug, title, image, description, price, discount, author_id) values (795, '2011/05/23', 1, 'book-dxr-327', 'Wicker Man, The', 'http://dummyimage.com/512x452.png/cc0000/ffffff', 'Nunc nisl. Duis bibendum, felis sed interdum venenatis, turpis enim blandit mi, in porttitor pede justo eu massa. Donec dapibus. Duis at velit eu est congue elementum. In hac habitasse platea dictumst. Morbi vestibulum, velit id pretium iaculis, diam erat fermentum justo, nec condimentum neque sapien placerat ante.', 1883, 0.17, 5);
insert into books (id, pub_date, is_bestseller, slug, title, image, description, price, discount, author_id) values (796, '2010/12/14', 0, 'book-sfd-011', 'High School High', 'http://dummyimage.com/697x748.png/5fa2dd/ffffff', 'Suspendisse ornare consequat lectus. In est risus, auctor sed, tristique in, tempus sit amet, sem. Fusce consequat. Nulla nisl. Nunc nisl. Duis bibendum, felis sed interdum venenatis, turpis enim blandit mi, in porttitor pede justo eu massa.', 396, 0.27, 6);
insert into books (id, pub_date, is_bestseller, slug, title, image, description, price, discount, author_id) values (797, '2019/04/15', 0, 'book-dmx-974', 'Teddy Bears'' Picnic', 'http://dummyimage.com/533x444.png/ff4444/ffffff', 'Vivamus metus arcu, adipiscing molestie, hendrerit at, vulputate vitae, nisl. Aenean lectus. Pellentesque eget nunc. Donec quis orci eget orci vehicula condimentum. Curabitur in libero ut massa volutpat convallis. Morbi odio odio, elementum eu, interdum eu, tincidunt in, leo.', 1436, 0.18, 17);
insert into books (id, pub_date, is_bestseller, slug, title, image, description, price, discount, author_id) values (798, '2019/08/22', 0, 'book-lsd-728', 'Othello', 'http://dummyimage.com/612x571.png/5fa2dd/ffffff', 'Nulla ac enim. In tempor, turpis nec euismod scelerisque, quam turpis adipiscing lorem, vitae mattis nibh ligula nec sem. Duis aliquam convallis nunc. Proin at turpis a pede posuere nonummy. Integer non velit.', 539, 0.41, 5);
insert into books (id, pub_date, is_bestseller, slug, title, image, description, price, discount, author_id) values (799, '2012/02/09', 0, 'book-cns-596', 'Return of the Living Dead, The', 'http://dummyimage.com/677x557.png/5fa2dd/ffffff', 'Nulla neque libero, convallis eget, eleifend luctus, ultricies eu, nibh. Quisque id justo sit amet sapien dignissim vestibulum. Vestibulum ante ipsum primis in faucibus orci luctus et ultrices posuere cubilia Curae; Nulla dapibus dolor vel est. Donec odio justo, sollicitudin ut, suscipit a, feugiat et, eros. Vestibulum ac est lacinia nisi venenatis tristique.', 1444, 0.34, 3);
insert into books (id, pub_date, is_bestseller, slug, title, image, description, price, discount, author_id) values (800, '2011/01/02', 0, 'book-gnf-049', 'Truth About Emanuel, The', 'http://dummyimage.com/652x568.png/ff4444/ffffff', 'Morbi vestibulum, velit id pretium iaculis, diam erat fermentum justo, nec condimentum neque sapien placerat ante. Nulla justo. Aliquam quis turpis eget elit sodales scelerisque. Mauris sit amet eros. Suspendisse accumsan tortor quis turpis. Sed ante.', 2146, 0.49, 15);
insert into books (id, pub_date, is_bestseller, slug, title, image, description, price, discount, author_id) values (801, '2018/05/03', 0, 'book-mgw-894', 'Flying Down to Rio', 'http://dummyimage.com/698x531.png/ff4444/ffffff', 'Nam ultrices, libero non mattis pulvinar, nulla pede ullamcorper augue, a suscipit nulla elit ac nulla. Sed vel enim sit amet nunc viverra dapibus. Nulla suscipit ligula in lacus. Curabitur at ipsum ac tellus semper interdum. Mauris ullamcorper purus sit amet nulla. Quisque arcu libero, rutrum ac, lobortis vel, dapibus at, diam.', 680, 0.14, 3);
insert into books (id, pub_date, is_bestseller, slug, title, image, description, price, discount, author_id) values (802, '2013/01/14', 1, 'book-zfr-940', 'Out of Reach', 'http://dummyimage.com/703x506.png/ff4444/ffffff', 'Donec vitae nisi. Nam ultrices, libero non mattis pulvinar, nulla pede ullamcorper augue, a suscipit nulla elit ac nulla. Sed vel enim sit amet nunc viverra dapibus. Nulla suscipit ligula in lacus. Curabitur at ipsum ac tellus semper interdum. Mauris ullamcorper purus sit amet nulla.', 1044, 0.42, 16);
insert into books (id, pub_date, is_bestseller, slug, title, image, description, price, discount, author_id) values (803, '2014/05/30', 0, 'book-lzc-919', 'B*A*P*S', 'http://dummyimage.com/363x257.png/dddddd/000000', 'Nulla ac enim. In tempor, turpis nec euismod scelerisque, quam turpis adipiscing lorem, vitae mattis nibh ligula nec sem. Duis aliquam convallis nunc. Proin at turpis a pede posuere nonummy. Integer non velit.', 1255, 0.4, 1);
insert into books (id, pub_date, is_bestseller, slug, title, image, description, price, discount, author_id) values (804, '2018/11/17', 0, 'book-hdg-539', 'Nightwatch', 'http://dummyimage.com/695x319.png/5fa2dd/ffffff', 'Morbi sem mauris, laoreet ut, rhoncus aliquet, pulvinar sed, nisl. Nunc rhoncus dui vel sem. Sed sagittis. Nam congue, risus semper porta volutpat, quam pede lobortis ligula, sit amet eleifend pede libero quis orci. Nullam molestie nibh in lectus.', 412, 0.15, 10);
insert into books (id, pub_date, is_bestseller, slug, title, image, description, price, discount, author_id) values (805, '2010/12/29', 0, 'book-xmj-840', 'Chinese Ghost Story, A (Sinnui yauwan)', 'http://dummyimage.com/429x354.png/cc0000/ffffff', 'Donec ut dolor. Morbi vel lectus in quam fringilla rhoncus. Mauris enim leo, rhoncus sed, vestibulum sit amet, cursus id, turpis. Integer aliquet, massa id lobortis convallis, tortor risus dapibus augue, vel accumsan tellus nisi eu orci. Mauris lacinia sapien quis libero.', 1558, 0.26, 2);
insert into books (id, pub_date, is_bestseller, slug, title, image, description, price, discount, author_id) values (806, '2017/12/31', 1, 'book-neu-589', 'Mrs. Henderson Presents', 'http://dummyimage.com/367x789.png/dddddd/000000', 'Curabitur gravida nisi at nibh. In hac habitasse platea dictumst. Aliquam augue quam, sollicitudin vitae, consectetuer eget, rutrum at, lorem. Integer tincidunt ante vel ipsum. Praesent blandit lacinia erat. Vestibulum sed magna at nunc commodo placerat.', 2283, 0.1, 3);
insert into books (id, pub_date, is_bestseller, slug, title, image, description, price, discount, author_id) values (807, '2012/09/29', 1, 'book-qpq-801', 'War Witch (Rebelle)', 'http://dummyimage.com/657x449.png/5fa2dd/ffffff', 'Morbi porttitor lorem id ligula. Suspendisse ornare consequat lectus. In est risus, auctor sed, tristique in, tempus sit amet, sem. Fusce consequat. Nulla nisl.', 527, 0.12, 14);
insert into books (id, pub_date, is_bestseller, slug, title, image, description, price, discount, author_id) values (808, '2018/10/23', 0, 'book-dtx-007', 'Girl on a Motorcycle, The', 'http://dummyimage.com/616x612.png/cc0000/ffffff', 'Phasellus sit amet erat. Nulla tempus. Vivamus in felis eu sapien cursus vestibulum. Proin eu mi. Nulla ac enim. In tempor, turpis nec euismod scelerisque, quam turpis adipiscing lorem, vitae mattis nibh ligula nec sem.', 259, 0.23, 1);
insert into books (id, pub_date, is_bestseller, slug, title, image, description, price, discount, author_id) values (809, '2012/07/24', 1, 'book-wry-305', 'What No One Knows (Det som ingen ved)', 'http://dummyimage.com/656x535.png/ff4444/ffffff', 'In eleifend quam a odio. In hac habitasse platea dictumst. Maecenas ut massa quis augue luctus tincidunt. Nulla mollis molestie lorem. Quisque ut erat.', 1733, 0.41, 19);
insert into books (id, pub_date, is_bestseller, slug, title, image, description, price, discount, author_id) values (810, '2017/07/11', 1, 'book-ltc-361', 'Crossfire Trail (Louis L''Amour''s ''Crossfire Trail'')', 'http://dummyimage.com/274x785.png/dddddd/000000', 'Phasellus in felis. Donec semper sapien a libero. Nam dui. Proin leo odio, porttitor id, consequat in, consequat ut, nulla. Sed accumsan felis.', 1969, 0.07, 8);
insert into books (id, pub_date, is_bestseller, slug, title, image, description, price, discount, author_id) values (811, '2014/06/03', 0, 'book-aun-635', 'Gimme the Loot', 'http://dummyimage.com/708x521.png/cc0000/ffffff', 'Donec odio justo, sollicitudin ut, suscipit a, feugiat et, eros. Vestibulum ac est lacinia nisi venenatis tristique. Fusce congue, diam id ornare imperdiet, sapien urna pretium nisl, ut volutpat sapien arcu sed augue. Aliquam erat volutpat. In congue. Etiam justo.', 2408, 0.41, 15);
insert into books (id, pub_date, is_bestseller, slug, title, image, description, price, discount, author_id) values (812, '2011/10/27', 1, 'book-auv-932', 'Matti: Hell Is for Heroes (Matti)', 'http://dummyimage.com/732x302.png/ff4444/ffffff', 'Nullam varius. Nulla facilisi. Cras non velit nec nisi vulputate nonummy. Maecenas tincidunt lacus at velit. Vivamus vel nulla eget eros elementum pellentesque.', 873, 0.14, 14);
insert into books (id, pub_date, is_bestseller, slug, title, image, description, price, discount, author_id) values (813, '2019/05/13', 0, 'book-mtc-847', 'Count Three and Pray', 'http://dummyimage.com/486x414.png/ff4444/ffffff', 'Morbi non lectus. Aliquam sit amet diam in magna bibendum imperdiet. Nullam orci pede, venenatis non, sodales sed, tincidunt eu, felis. Fusce posuere felis sed lacus. Morbi sem mauris, laoreet ut, rhoncus aliquet, pulvinar sed, nisl. Nunc rhoncus dui vel sem.', 442, 0.46, 4);
insert into books (id, pub_date, is_bestseller, slug, title, image, description, price, discount, author_id) values (814, '2011/05/13', 1, 'book-liz-089', 'Germinal', 'http://dummyimage.com/522x639.png/cc0000/ffffff', 'Quisque porta volutpat erat. Quisque erat eros, viverra eget, congue eget, semper rutrum, nulla. Nunc purus. Phasellus in felis. Donec semper sapien a libero.', 166, 0.27, 11);
insert into books (id, pub_date, is_bestseller, slug, title, image, description, price, discount, author_id) values (815, '2017/03/20', 1, 'book-xfe-868', 'Russian Roulette', 'http://dummyimage.com/499x524.png/dddddd/000000', 'Curabitur convallis. Duis consequat dui nec nisi volutpat eleifend. Donec ut dolor. Morbi vel lectus in quam fringilla rhoncus. Mauris enim leo, rhoncus sed, vestibulum sit amet, cursus id, turpis. Integer aliquet, massa id lobortis convallis, tortor risus dapibus augue, vel accumsan tellus nisi eu orci.', 396, 0.18, 18);
insert into books (id, pub_date, is_bestseller, slug, title, image, description, price, discount, author_id) values (816, '2013/10/14', 1, 'book-csu-866', 'Major and the Minor, The', 'http://dummyimage.com/317x653.png/ff4444/ffffff', 'Morbi ut odio. Cras mi pede, malesuada in, imperdiet et, commodo vulputate, justo. In blandit ultrices enim. Lorem ipsum dolor sit amet, consectetuer adipiscing elit. Proin interdum mauris non ligula pellentesque ultrices.', 1739, 0.48, 15);
insert into books (id, pub_date, is_bestseller, slug, title, image, description, price, discount, author_id) values (817, '2016/02/14', 1, 'book-gnt-849', 'Singin'' in the Rain', 'http://dummyimage.com/685x290.png/dddddd/000000', 'Fusce lacus purus, aliquet at, feugiat non, pretium quis, lectus. Suspendisse potenti. In eleifend quam a odio. In hac habitasse platea dictumst. Maecenas ut massa quis augue luctus tincidunt.', 1085, 0.29, 15);
insert into books (id, pub_date, is_bestseller, slug, title, image, description, price, discount, author_id) values (818, '2016/01/05', 0, 'book-nkg-805', 'Paper Planes', 'http://dummyimage.com/297x443.png/cc0000/ffffff', 'Aliquam quis turpis eget elit sodales scelerisque. Mauris sit amet eros. Suspendisse accumsan tortor quis turpis. Sed ante. Vivamus tortor. Duis mattis egestas metus.', 1191, 0.13, 8);
insert into books (id, pub_date, is_bestseller, slug, title, image, description, price, discount, author_id) values (819, '2012/06/22', 0, 'book-fmm-381', 'Promise, The (La promesse)', 'http://dummyimage.com/634x420.png/dddddd/000000', 'Sed sagittis. Nam congue, risus semper porta volutpat, quam pede lobortis ligula, sit amet eleifend pede libero quis orci. Nullam molestie nibh in lectus. Pellentesque at nulla. Suspendisse potenti.', 978, 0.24, 21);
insert into books (id, pub_date, is_bestseller, slug, title, image, description, price, discount, author_id) values (820, '2019/08/11', 1, 'book-svd-406', 'Clean Slate', 'http://dummyimage.com/607x626.png/ff4444/ffffff', 'Vestibulum ante ipsum primis in faucibus orci luctus et ultrices posuere cubilia Curae; Donec pharetra, magna vestibulum aliquet ultrices, erat tortor sollicitudin mi, sit amet lobortis sapien sapien non mi. Integer ac neque. Duis bibendum. Morbi non quam nec dui luctus rutrum. Nulla tellus.', 464, 0.1, 11);
insert into books (id, pub_date, is_bestseller, slug, title, image, description, price, discount, author_id) values (821, '2016/07/17', 1, 'book-wes-594', 'Bible, The (a.k.a. Bible... In the Beginning, The)', 'http://dummyimage.com/340x502.png/5fa2dd/ffffff', 'In hac habitasse platea dictumst. Aliquam augue quam, sollicitudin vitae, consectetuer eget, rutrum at, lorem. Integer tincidunt ante vel ipsum. Praesent blandit lacinia erat. Vestibulum sed magna at nunc commodo placerat.', 2463, 0.49, 17);
insert into books (id, pub_date, is_bestseller, slug, title, image, description, price, discount, author_id) values (822, '2016/08/28', 1, 'book-rjy-448', 'Dust in the Wind (Lian lian feng chen)', 'http://dummyimage.com/655x309.png/5fa2dd/ffffff', 'Suspendisse potenti. Nullam porttitor lacus at turpis. Donec posuere metus vitae ipsum. Aliquam non mauris. Morbi non lectus.', 1653, 0.46, 21);
insert into books (id, pub_date, is_bestseller, slug, title, image, description, price, discount, author_id) values (823, '2013/10/27', 1, 'book-kty-697', 'Hills Run Red, The', 'http://dummyimage.com/397x645.png/cc0000/ffffff', 'Quisque erat eros, viverra eget, congue eget, semper rutrum, nulla. Nunc purus. Phasellus in felis. Donec semper sapien a libero. Nam dui.', 2247, 0.49, 21);
insert into books (id, pub_date, is_bestseller, slug, title, image, description, price, discount, author_id) values (824, '2013/06/16', 0, 'book-env-876', 'Madigan', 'http://dummyimage.com/364x667.png/ff4444/ffffff', 'Proin interdum mauris non ligula pellentesque ultrices. Phasellus id sapien in sapien iaculis congue. Vivamus metus arcu, adipiscing molestie, hendrerit at, vulputate vitae, nisl. Aenean lectus. Pellentesque eget nunc.', 2016, 0.21, 17);
insert into books (id, pub_date, is_bestseller, slug, title, image, description, price, discount, author_id) values (825, '2020/02/13', 0, 'book-tlm-467', 'Tales from the Gimli Hospital', 'http://dummyimage.com/297x593.png/dddddd/000000', 'Quisque ut erat. Curabitur gravida nisi at nibh. In hac habitasse platea dictumst. Aliquam augue quam, sollicitudin vitae, consectetuer eget, rutrum at, lorem. Integer tincidunt ante vel ipsum. Praesent blandit lacinia erat.', 1631, 0.44, 21);
insert into books (id, pub_date, is_bestseller, slug, title, image, description, price, discount, author_id) values (826, '2019/04/26', 0, 'book-qik-574', 'Memories of Me', 'http://dummyimage.com/685x314.png/5fa2dd/ffffff', 'Aenean auctor gravida sem. Praesent id massa id nisl venenatis lacinia. Aenean sit amet justo. Morbi ut odio. Cras mi pede, malesuada in, imperdiet et, commodo vulputate, justo. In blandit ultrices enim.', 2352, 0.11, 21);
insert into books (id, pub_date, is_bestseller, slug, title, image, description, price, discount, author_id) values (827, '2011/02/04', 1, 'book-lnj-660', 'Big Fish', 'http://dummyimage.com/262x741.png/ff4444/ffffff', 'Maecenas leo odio, condimentum id, luctus nec, molestie sed, justo. Pellentesque viverra pede ac diam. Cras pellentesque volutpat dui. Maecenas tristique, est et tempus semper, est quam pharetra magna, ac consequat metus sapien ut nunc. Vestibulum ante ipsum primis in faucibus orci luctus et ultrices posuere cubilia Curae; Mauris viverra diam vitae quam.', 1554, 0.13, 4);
insert into books (id, pub_date, is_bestseller, slug, title, image, description, price, discount, author_id) values (828, '2019/01/21', 1, 'book-ylo-521', 'Adam Had Four Sons', 'http://dummyimage.com/648x287.png/dddddd/000000', 'Duis consequat dui nec nisi volutpat eleifend. Donec ut dolor. Morbi vel lectus in quam fringilla rhoncus. Mauris enim leo, rhoncus sed, vestibulum sit amet, cursus id, turpis. Integer aliquet, massa id lobortis convallis, tortor risus dapibus augue, vel accumsan tellus nisi eu orci.', 1191, 0.2, 10);
insert into books (id, pub_date, is_bestseller, slug, title, image, description, price, discount, author_id) values (829, '2015/10/09', 1, 'book-kgb-034', 'Nice Guys Sleep Alone', 'http://dummyimage.com/640x684.png/dddddd/000000', 'Aliquam quis turpis eget elit sodales scelerisque. Mauris sit amet eros. Suspendisse accumsan tortor quis turpis. Sed ante. Vivamus tortor. Duis mattis egestas metus.', 1405, 0.21, 1);
insert into books (id, pub_date, is_bestseller, slug, title, image, description, price, discount, author_id) values (830, '2011/10/27', 1, 'book-zbv-186', 'Welcome Mr. Marshall (Bienvenido Mister Marshall)', 'http://dummyimage.com/381x495.png/ff4444/ffffff', 'Proin eu mi. Nulla ac enim. In tempor, turpis nec euismod scelerisque, quam turpis adipiscing lorem, vitae mattis nibh ligula nec sem. Duis aliquam convallis nunc. Proin at turpis a pede posuere nonummy. Integer non velit.', 2349, 0.19, 1);
insert into books (id, pub_date, is_bestseller, slug, title, image, description, price, discount, author_id) values (831, '2015/11/07', 1, 'book-huf-663', 'Q: The Winged Serpent', 'http://dummyimage.com/298x546.png/cc0000/ffffff', 'Pellentesque eget nunc. Donec quis orci eget orci vehicula condimentum. Curabitur in libero ut massa volutpat convallis. Morbi odio odio, elementum eu, interdum eu, tincidunt in, leo. Maecenas pulvinar lobortis est.', 700, 0.38, 4);
insert into books (id, pub_date, is_bestseller, slug, title, image, description, price, discount, author_id) values (832, '2017/09/04', 1, 'book-bju-432', 'Rocking Horse Winner, The', 'http://dummyimage.com/433x547.png/dddddd/000000', 'Donec ut mauris eget massa tempor convallis. Nulla neque libero, convallis eget, eleifend luctus, ultricies eu, nibh. Quisque id justo sit amet sapien dignissim vestibulum. Vestibulum ante ipsum primis in faucibus orci luctus et ultrices posuere cubilia Curae; Nulla dapibus dolor vel est. Donec odio justo, sollicitudin ut, suscipit a, feugiat et, eros. Vestibulum ac est lacinia nisi venenatis tristique.', 2135, 0.23, 9);
insert into books (id, pub_date, is_bestseller, slug, title, image, description, price, discount, author_id) values (833, '2013/09/07', 0, 'book-vjz-363', 'Aries Spears: Hollywood, Look I''m Smiling', 'http://dummyimage.com/572x374.png/5fa2dd/ffffff', 'Donec quis orci eget orci vehicula condimentum. Curabitur in libero ut massa volutpat convallis. Morbi odio odio, elementum eu, interdum eu, tincidunt in, leo. Maecenas pulvinar lobortis est. Phasellus sit amet erat.', 1938, 0.35, 15);
insert into books (id, pub_date, is_bestseller, slug, title, image, description, price, discount, author_id) values (834, '2020/09/07', 0, 'book-hzy-784', 'Riders', 'http://dummyimage.com/404x353.png/ff4444/ffffff', 'Ut at dolor quis odio consequat varius. Integer ac leo. Pellentesque ultrices mattis odio. Donec vitae nisi. Nam ultrices, libero non mattis pulvinar, nulla pede ullamcorper augue, a suscipit nulla elit ac nulla. Sed vel enim sit amet nunc viverra dapibus.', 192, 0.37, 17);
insert into books (id, pub_date, is_bestseller, slug, title, image, description, price, discount, author_id) values (835, '2019/08/05', 0, 'book-lxg-937', 'Prisoner of Zenda, The', 'http://dummyimage.com/674x453.png/5fa2dd/ffffff', 'Morbi non quam nec dui luctus rutrum. Nulla tellus. In sagittis dui vel nisl. Duis ac nibh. Fusce lacus purus, aliquet at, feugiat non, pretium quis, lectus.', 1640, 0.21, 6);
insert into books (id, pub_date, is_bestseller, slug, title, image, description, price, discount, author_id) values (836, '2014/07/07', 0, 'book-bte-355', 'Surviving Picasso', 'http://dummyimage.com/627x575.png/ff4444/ffffff', 'Aenean auctor gravida sem. Praesent id massa id nisl venenatis lacinia. Aenean sit amet justo. Morbi ut odio. Cras mi pede, malesuada in, imperdiet et, commodo vulputate, justo. In blandit ultrices enim.', 167, 0.4, 13);
insert into books (id, pub_date, is_bestseller, slug, title, image, description, price, discount, author_id) values (837, '2018/11/11', 0, 'book-sct-853', 'The Gun That Won the West', 'http://dummyimage.com/538x274.png/ff4444/ffffff', 'In hac habitasse platea dictumst. Morbi vestibulum, velit id pretium iaculis, diam erat fermentum justo, nec condimentum neque sapien placerat ante. Nulla justo. Aliquam quis turpis eget elit sodales scelerisque. Mauris sit amet eros.', 125, 0.12, 5);
insert into books (id, pub_date, is_bestseller, slug, title, image, description, price, discount, author_id) values (838, '2014/07/23', 1, 'book-nos-117', 'Stray Cat Rock: Sex Hunter (Nora-neko rokku: Sekkusu hanta)', 'http://dummyimage.com/587x659.png/cc0000/ffffff', 'Integer pede justo, lacinia eget, tincidunt eget, tempus vel, pede. Morbi porttitor lorem id ligula. Suspendisse ornare consequat lectus. In est risus, auctor sed, tristique in, tempus sit amet, sem. Fusce consequat. Nulla nisl.', 1485, 0.22, 7);
insert into books (id, pub_date, is_bestseller, slug, title, image, description, price, discount, author_id) values (839, '2020/05/18', 0, 'book-lxo-304', 'Final Analysis', 'http://dummyimage.com/485x594.png/cc0000/ffffff', 'Morbi porttitor lorem id ligula. Suspendisse ornare consequat lectus. In est risus, auctor sed, tristique in, tempus sit amet, sem. Fusce consequat. Nulla nisl.', 1668, 0.3, 13);
insert into books (id, pub_date, is_bestseller, slug, title, image, description, price, discount, author_id) values (840, '2015/05/27', 1, 'book-zik-261', 'The Trip to Squash Land', 'http://dummyimage.com/316x457.png/5fa2dd/ffffff', 'Curabitur in libero ut massa volutpat convallis. Morbi odio odio, elementum eu, interdum eu, tincidunt in, leo. Maecenas pulvinar lobortis est. Phasellus sit amet erat. Nulla tempus.', 2116, 0.39, 1);
insert into books (id, pub_date, is_bestseller, slug, title, image, description, price, discount, author_id) values (841, '2012/05/03', 0, 'book-rlt-177', 'Lymelife', 'http://dummyimage.com/413x727.png/cc0000/ffffff', 'Aliquam erat volutpat. In congue. Etiam justo. Etiam pretium iaculis justo. In hac habitasse platea dictumst. Etiam faucibus cursus urna.', 1035, 0.44, 19);
insert into books (id, pub_date, is_bestseller, slug, title, image, description, price, discount, author_id) values (842, '2020/03/09', 0, 'book-syb-075', 'Two Times Lotte', 'http://dummyimage.com/577x293.png/cc0000/ffffff', 'Sed sagittis. Nam congue, risus semper porta volutpat, quam pede lobortis ligula, sit amet eleifend pede libero quis orci. Nullam molestie nibh in lectus. Pellentesque at nulla. Suspendisse potenti. Cras in purus eu magna vulputate luctus.', 1061, 0.47, 6);
insert into books (id, pub_date, is_bestseller, slug, title, image, description, price, discount, author_id) values (843, '2018/03/31', 0, 'book-esu-968', 'Zombieland', 'http://dummyimage.com/664x763.png/dddddd/000000', 'Aenean lectus. Pellentesque eget nunc. Donec quis orci eget orci vehicula condimentum. Curabitur in libero ut massa volutpat convallis. Morbi odio odio, elementum eu, interdum eu, tincidunt in, leo. Maecenas pulvinar lobortis est.', 1161, 0.43, 3);
insert into books (id, pub_date, is_bestseller, slug, title, image, description, price, discount, author_id) values (844, '2019/04/11', 0, 'book-ebb-865', 'Blind Date', 'http://dummyimage.com/394x598.png/ff4444/ffffff', 'Quisque id justo sit amet sapien dignissim vestibulum. Vestibulum ante ipsum primis in faucibus orci luctus et ultrices posuere cubilia Curae; Nulla dapibus dolor vel est. Donec odio justo, sollicitudin ut, suscipit a, feugiat et, eros. Vestibulum ac est lacinia nisi venenatis tristique. Fusce congue, diam id ornare imperdiet, sapien urna pretium nisl, ut volutpat sapien arcu sed augue.', 2398, 0.13, 4);
insert into books (id, pub_date, is_bestseller, slug, title, image, description, price, discount, author_id) values (845, '2016/09/17', 1, 'book-hxs-546', 'Applause (Applaus)', 'http://dummyimage.com/400x644.png/dddddd/000000', 'Sed sagittis. Nam congue, risus semper porta volutpat, quam pede lobortis ligula, sit amet eleifend pede libero quis orci. Nullam molestie nibh in lectus. Pellentesque at nulla. Suspendisse potenti. Cras in purus eu magna vulputate luctus.', 1039, 0.44, 1);
insert into books (id, pub_date, is_bestseller, slug, title, image, description, price, discount, author_id) values (846, '2016/07/01', 0, 'book-vyl-046', 'History of Kim Skov (Historien om Kim Skov)', 'http://dummyimage.com/622x431.png/5fa2dd/ffffff', 'Maecenas pulvinar lobortis est. Phasellus sit amet erat. Nulla tempus. Vivamus in felis eu sapien cursus vestibulum. Proin eu mi. Nulla ac enim.', 2373, 0.47, 12);
insert into books (id, pub_date, is_bestseller, slug, title, image, description, price, discount, author_id) values (847, '2012/03/17', 1, 'book-evz-644', 'Antisocial', 'http://dummyimage.com/711x349.png/5fa2dd/ffffff', 'Suspendisse potenti. Nullam porttitor lacus at turpis. Donec posuere metus vitae ipsum. Aliquam non mauris. Morbi non lectus.', 1508, 0.07, 11);
insert into books (id, pub_date, is_bestseller, slug, title, image, description, price, discount, author_id) values (848, '2013/12/20', 0, 'book-lcr-547', 'Drums Along the Mohawk', 'http://dummyimage.com/373x301.png/5fa2dd/ffffff', 'Nulla facilisi. Cras non velit nec nisi vulputate nonummy. Maecenas tincidunt lacus at velit. Vivamus vel nulla eget eros elementum pellentesque. Quisque porta volutpat erat. Quisque erat eros, viverra eget, congue eget, semper rutrum, nulla.', 1167, 0.34, 4);
insert into books (id, pub_date, is_bestseller, slug, title, image, description, price, discount, author_id) values (849, '2013/06/25', 0, 'book-nnj-474', 'Beast from 20,000 Fathoms, The', 'http://dummyimage.com/523x794.png/ff4444/ffffff', 'Ut tellus. Nulla ut erat id mauris vulputate elementum. Nullam varius. Nulla facilisi. Cras non velit nec nisi vulputate nonummy.', 422, 0.27, 18);
insert into books (id, pub_date, is_bestseller, slug, title, image, description, price, discount, author_id) values (850, '2015/11/21', 1, 'book-xgr-370', 'See No Evil', 'http://dummyimage.com/312x570.png/ff4444/ffffff', 'Maecenas tincidunt lacus at velit. Vivamus vel nulla eget eros elementum pellentesque. Quisque porta volutpat erat. Quisque erat eros, viverra eget, congue eget, semper rutrum, nulla. Nunc purus.', 1585, 0.36, 11);
insert into books (id, pub_date, is_bestseller, slug, title, image, description, price, discount, author_id) values (851, '2014/08/28', 1, 'book-nxv-540', 'Après lui', 'http://dummyimage.com/743x783.png/cc0000/ffffff', 'Duis aliquam convallis nunc. Proin at turpis a pede posuere nonummy. Integer non velit. Donec diam neque, vestibulum eget, vulputate ut, ultrices vel, augue. Vestibulum ante ipsum primis in faucibus orci luctus et ultrices posuere cubilia Curae; Donec pharetra, magna vestibulum aliquet ultrices, erat tortor sollicitudin mi, sit amet lobortis sapien sapien non mi. Integer ac neque.', 2423, 0.35, 3);
insert into books (id, pub_date, is_bestseller, slug, title, image, description, price, discount, author_id) values (852, '2020/08/21', 1, 'book-zym-070', '2010: Moby Dick', 'http://dummyimage.com/261x610.png/cc0000/ffffff', 'Aenean sit amet justo. Morbi ut odio. Cras mi pede, malesuada in, imperdiet et, commodo vulputate, justo. In blandit ultrices enim. Lorem ipsum dolor sit amet, consectetuer adipiscing elit.', 864, 0.38, 9);
insert into books (id, pub_date, is_bestseller, slug, title, image, description, price, discount, author_id) values (853, '2011/12/29', 0, 'book-qhs-661', 'Jackass Presents: Bad Grandpa', 'http://dummyimage.com/362x561.png/dddddd/000000', 'Nulla mollis molestie lorem. Quisque ut erat. Curabitur gravida nisi at nibh. In hac habitasse platea dictumst. Aliquam augue quam, sollicitudin vitae, consectetuer eget, rutrum at, lorem. Integer tincidunt ante vel ipsum.', 1516, 0.23, 13);
insert into books (id, pub_date, is_bestseller, slug, title, image, description, price, discount, author_id) values (854, '2014/08/21', 1, 'book-gwn-581', 'Filth and the Fury, The', 'http://dummyimage.com/270x770.png/cc0000/ffffff', 'Maecenas rhoncus aliquam lacus. Morbi quis tortor id nulla ultrices aliquet. Maecenas leo odio, condimentum id, luctus nec, molestie sed, justo. Pellentesque viverra pede ac diam. Cras pellentesque volutpat dui.', 141, 0.16, 2);
insert into books (id, pub_date, is_bestseller, slug, title, image, description, price, discount, author_id) values (855, '2014/05/11', 1, 'book-csx-363', 'Puppet Masters, The', 'http://dummyimage.com/294x267.png/ff4444/ffffff', 'Nulla suscipit ligula in lacus. Curabitur at ipsum ac tellus semper interdum. Mauris ullamcorper purus sit amet nulla. Quisque arcu libero, rutrum ac, lobortis vel, dapibus at, diam. Nam tristique tortor eu pede.', 1543, 0.5, 9);
insert into books (id, pub_date, is_bestseller, slug, title, image, description, price, discount, author_id) values (856, '2013/05/26', 1, 'book-jqs-001', 'Pirates of Silicon Valley', 'http://dummyimage.com/368x625.png/ff4444/ffffff', 'Duis at velit eu est congue elementum. In hac habitasse platea dictumst. Morbi vestibulum, velit id pretium iaculis, diam erat fermentum justo, nec condimentum neque sapien placerat ante. Nulla justo. Aliquam quis turpis eget elit sodales scelerisque.', 1070, 0.12, 9);
insert into books (id, pub_date, is_bestseller, slug, title, image, description, price, discount, author_id) values (857, '2012/01/30', 0, 'book-sgb-219', 'Smokin'' Aces 2: Assassins'' Ball', 'http://dummyimage.com/716x736.png/ff4444/ffffff', 'Aenean lectus. Pellentesque eget nunc. Donec quis orci eget orci vehicula condimentum. Curabitur in libero ut massa volutpat convallis. Morbi odio odio, elementum eu, interdum eu, tincidunt in, leo. Maecenas pulvinar lobortis est.', 1806, 0.05, 9);
insert into books (id, pub_date, is_bestseller, slug, title, image, description, price, discount, author_id) values (858, '2018/05/02', 0, 'book-llm-033', 'Human Planet', 'http://dummyimage.com/675x425.png/cc0000/ffffff', 'Lorem ipsum dolor sit amet, consectetuer adipiscing elit. Proin interdum mauris non ligula pellentesque ultrices. Phasellus id sapien in sapien iaculis congue. Vivamus metus arcu, adipiscing molestie, hendrerit at, vulputate vitae, nisl. Aenean lectus.', 832, 0.31, 8);
insert into books (id, pub_date, is_bestseller, slug, title, image, description, price, discount, author_id) values (859, '2011/04/05', 1, 'book-dqc-376', 'Don''t Tell Mom the Babysitter''s Dead', 'http://dummyimage.com/434x253.png/ff4444/ffffff', 'In sagittis dui vel nisl. Duis ac nibh. Fusce lacus purus, aliquet at, feugiat non, pretium quis, lectus. Suspendisse potenti. In eleifend quam a odio. In hac habitasse platea dictumst.', 740, 0.29, 13);
insert into books (id, pub_date, is_bestseller, slug, title, image, description, price, discount, author_id) values (860, '2011/10/14', 0, 'book-knf-328', 'Fat Albert', 'http://dummyimage.com/422x603.png/ff4444/ffffff', 'Pellentesque ultrices mattis odio. Donec vitae nisi. Nam ultrices, libero non mattis pulvinar, nulla pede ullamcorper augue, a suscipit nulla elit ac nulla. Sed vel enim sit amet nunc viverra dapibus. Nulla suscipit ligula in lacus. Curabitur at ipsum ac tellus semper interdum.', 1277, 0.42, 9);
insert into books (id, pub_date, is_bestseller, slug, title, image, description, price, discount, author_id) values (861, '2013/11/01', 0, 'book-uxf-463', 'Backfire', 'http://dummyimage.com/574x416.png/cc0000/ffffff', 'Nunc purus. Phasellus in felis. Donec semper sapien a libero. Nam dui. Proin leo odio, porttitor id, consequat in, consequat ut, nulla.', 1245, 0.48, 1);
insert into books (id, pub_date, is_bestseller, slug, title, image, description, price, discount, author_id) values (862, '2020/02/10', 0, 'book-vlu-410', 'Night of the Creeps', 'http://dummyimage.com/253x793.png/5fa2dd/ffffff', 'Cras pellentesque volutpat dui. Maecenas tristique, est et tempus semper, est quam pharetra magna, ac consequat metus sapien ut nunc. Vestibulum ante ipsum primis in faucibus orci luctus et ultrices posuere cubilia Curae; Mauris viverra diam vitae quam. Suspendisse potenti. Nullam porttitor lacus at turpis.', 409, 0.44, 2);
insert into books (id, pub_date, is_bestseller, slug, title, image, description, price, discount, author_id) values (863, '2016/01/29', 1, 'book-kjg-699', 'Rescuers, The', 'http://dummyimage.com/716x337.png/cc0000/ffffff', 'Sed ante. Vivamus tortor. Duis mattis egestas metus. Aenean fermentum. Donec ut mauris eget massa tempor convallis.', 1105, 0.31, 2);
insert into books (id, pub_date, is_bestseller, slug, title, image, description, price, discount, author_id) values (864, '2011/09/06', 1, 'book-xqd-882', 'Never Take Candy from a Stranger (Never Take Sweets from a Stranger)', 'http://dummyimage.com/645x398.png/ff4444/ffffff', 'Nulla mollis molestie lorem. Quisque ut erat. Curabitur gravida nisi at nibh. In hac habitasse platea dictumst. Aliquam augue quam, sollicitudin vitae, consectetuer eget, rutrum at, lorem.', 868, 0.35, 13);
insert into books (id, pub_date, is_bestseller, slug, title, image, description, price, discount, author_id) values (865, '2019/12/18', 1, 'book-pws-134', 'Another Year', 'http://dummyimage.com/606x578.png/5fa2dd/ffffff', 'Nunc purus. Phasellus in felis. Donec semper sapien a libero. Nam dui. Proin leo odio, porttitor id, consequat in, consequat ut, nulla.', 1163, 0.08, 18);
insert into books (id, pub_date, is_bestseller, slug, title, image, description, price, discount, author_id) values (866, '2019/03/15', 0, 'book-ezy-044', 'Examined Life', 'http://dummyimage.com/359x634.png/cc0000/ffffff', 'Donec posuere metus vitae ipsum. Aliquam non mauris. Morbi non lectus. Aliquam sit amet diam in magna bibendum imperdiet. Nullam orci pede, venenatis non, sodales sed, tincidunt eu, felis. Fusce posuere felis sed lacus.', 1277, 0.22, 15);
insert into books (id, pub_date, is_bestseller, slug, title, image, description, price, discount, author_id) values (867, '2018/12/05', 0, 'book-jji-060', 'Wrong Side Up (Pribehy obycejneho silenstvi)', 'http://dummyimage.com/368x396.png/dddddd/000000', 'Morbi vestibulum, velit id pretium iaculis, diam erat fermentum justo, nec condimentum neque sapien placerat ante. Nulla justo. Aliquam quis turpis eget elit sodales scelerisque. Mauris sit amet eros. Suspendisse accumsan tortor quis turpis. Sed ante.', 311, 0.14, 6);
insert into books (id, pub_date, is_bestseller, slug, title, image, description, price, discount, author_id) values (868, '2015/05/13', 1, 'book-hpd-049', 'Musketeers of Pig Alley, The', 'http://dummyimage.com/713x721.png/5fa2dd/ffffff', 'Nullam porttitor lacus at turpis. Donec posuere metus vitae ipsum. Aliquam non mauris. Morbi non lectus. Aliquam sit amet diam in magna bibendum imperdiet.', 398, 0.27, 14);
insert into books (id, pub_date, is_bestseller, slug, title, image, description, price, discount, author_id) values (869, '2015/05/18', 1, 'book-pkv-137', 'Soul Assassin', 'http://dummyimage.com/568x786.png/dddddd/000000', 'Morbi porttitor lorem id ligula. Suspendisse ornare consequat lectus. In est risus, auctor sed, tristique in, tempus sit amet, sem. Fusce consequat. Nulla nisl. Nunc nisl.', 528, 0.29, 2);
insert into books (id, pub_date, is_bestseller, slug, title, image, description, price, discount, author_id) values (870, '2015/06/28', 0, 'book-xwy-957', 'Police', 'http://dummyimage.com/771x343.png/dddddd/000000', 'Phasellus in felis. Donec semper sapien a libero. Nam dui. Proin leo odio, porttitor id, consequat in, consequat ut, nulla. Sed accumsan felis. Ut at dolor quis odio consequat varius.', 1797, 0.49, 16);
insert into books (id, pub_date, is_bestseller, slug, title, image, description, price, discount, author_id) values (871, '2011/01/27', 0, 'book-ioe-377', 'Home Sweet Home', 'http://dummyimage.com/417x335.png/dddddd/000000', 'In tempor, turpis nec euismod scelerisque, quam turpis adipiscing lorem, vitae mattis nibh ligula nec sem. Duis aliquam convallis nunc. Proin at turpis a pede posuere nonummy. Integer non velit. Donec diam neque, vestibulum eget, vulputate ut, ultrices vel, augue.', 122, 0.17, 19);
insert into books (id, pub_date, is_bestseller, slug, title, image, description, price, discount, author_id) values (872, '2017/06/07', 1, 'book-qfl-835', 'Frost/Nixon', 'http://dummyimage.com/742x767.png/ff4444/ffffff', 'Nam nulla. Integer pede justo, lacinia eget, tincidunt eget, tempus vel, pede. Morbi porttitor lorem id ligula. Suspendisse ornare consequat lectus. In est risus, auctor sed, tristique in, tempus sit amet, sem.', 141, 0.35, 4);
insert into books (id, pub_date, is_bestseller, slug, title, image, description, price, discount, author_id) values (873, '2012/07/14', 0, 'book-gmx-938', 'Stargate: Continuum', 'http://dummyimage.com/402x353.png/ff4444/ffffff', 'Fusce lacus purus, aliquet at, feugiat non, pretium quis, lectus. Suspendisse potenti. In eleifend quam a odio. In hac habitasse platea dictumst. Maecenas ut massa quis augue luctus tincidunt. Nulla mollis molestie lorem.', 678, 0.17, 20);
insert into books (id, pub_date, is_bestseller, slug, title, image, description, price, discount, author_id) values (874, '2014/08/02', 1, 'book-nhp-934', 'Dangerous Profession, A', 'http://dummyimage.com/516x752.png/ff4444/ffffff', 'Cras in purus eu magna vulputate luctus. Cum sociis natoque penatibus et magnis dis parturient montes, nascetur ridiculus mus. Vivamus vestibulum sagittis sapien. Cum sociis natoque penatibus et magnis dis parturient montes, nascetur ridiculus mus. Etiam vel augue.', 2413, 0.41, 5);
insert into books (id, pub_date, is_bestseller, slug, title, image, description, price, discount, author_id) values (875, '2018/03/08', 0, 'book-hpb-325', 'Katyn', 'http://dummyimage.com/771x468.png/cc0000/ffffff', 'In hac habitasse platea dictumst. Maecenas ut massa quis augue luctus tincidunt. Nulla mollis molestie lorem. Quisque ut erat. Curabitur gravida nisi at nibh.', 1851, 0.43, 5);
insert into books (id, pub_date, is_bestseller, slug, title, image, description, price, discount, author_id) values (876, '2014/10/11', 1, 'book-fuz-060', 'Dark Wind, The', 'http://dummyimage.com/606x656.png/dddddd/000000', 'Donec diam neque, vestibulum eget, vulputate ut, ultrices vel, augue. Vestibulum ante ipsum primis in faucibus orci luctus et ultrices posuere cubilia Curae; Donec pharetra, magna vestibulum aliquet ultrices, erat tortor sollicitudin mi, sit amet lobortis sapien sapien non mi. Integer ac neque. Duis bibendum. Morbi non quam nec dui luctus rutrum.', 271, 0.44, 9);
insert into books (id, pub_date, is_bestseller, slug, title, image, description, price, discount, author_id) values (877, '2011/04/21', 1, 'book-onh-121', 'Jim Jefferies: BARE', 'http://dummyimage.com/542x769.png/ff4444/ffffff', 'Fusce posuere felis sed lacus. Morbi sem mauris, laoreet ut, rhoncus aliquet, pulvinar sed, nisl. Nunc rhoncus dui vel sem. Sed sagittis. Nam congue, risus semper porta volutpat, quam pede lobortis ligula, sit amet eleifend pede libero quis orci. Nullam molestie nibh in lectus.', 650, 0.31, 15);
insert into books (id, pub_date, is_bestseller, slug, title, image, description, price, discount, author_id) values (878, '2016/03/22', 1, 'book-tvr-628', 'Desk Set', 'http://dummyimage.com/469x744.png/cc0000/ffffff', 'Quisque erat eros, viverra eget, congue eget, semper rutrum, nulla. Nunc purus. Phasellus in felis. Donec semper sapien a libero. Nam dui.', 2092, 0.32, 8);
insert into books (id, pub_date, is_bestseller, slug, title, image, description, price, discount, author_id) values (879, '2016/11/15', 0, 'book-tol-277', 'Three Burials of Melquiades Estrada, The', 'http://dummyimage.com/692x434.png/dddddd/000000', 'Donec ut mauris eget massa tempor convallis. Nulla neque libero, convallis eget, eleifend luctus, ultricies eu, nibh. Quisque id justo sit amet sapien dignissim vestibulum. Vestibulum ante ipsum primis in faucibus orci luctus et ultrices posuere cubilia Curae; Nulla dapibus dolor vel est. Donec odio justo, sollicitudin ut, suscipit a, feugiat et, eros. Vestibulum ac est lacinia nisi venenatis tristique.', 2484, 0.24, 7);
insert into books (id, pub_date, is_bestseller, slug, title, image, description, price, discount, author_id) values (880, '2014/01/15', 0, 'book-wkh-925', 'Chronos', 'http://dummyimage.com/473x344.png/dddddd/000000', 'Vestibulum rutrum rutrum neque. Aenean auctor gravida sem. Praesent id massa id nisl venenatis lacinia. Aenean sit amet justo. Morbi ut odio.', 257, 0.08, 5);
insert into books (id, pub_date, is_bestseller, slug, title, image, description, price, discount, author_id) values (881, '2017/09/06', 0, 'book-ilc-673', 'Blood on the Moon', 'http://dummyimage.com/615x630.png/dddddd/000000', 'Donec odio justo, sollicitudin ut, suscipit a, feugiat et, eros. Vestibulum ac est lacinia nisi venenatis tristique. Fusce congue, diam id ornare imperdiet, sapien urna pretium nisl, ut volutpat sapien arcu sed augue. Aliquam erat volutpat. In congue. Etiam justo.', 812, 0.32, 5);
insert into books (id, pub_date, is_bestseller, slug, title, image, description, price, discount, author_id) values (882, '2017/07/22', 1, 'book-leg-966', 'The Runner from Ravenshead', 'http://dummyimage.com/543x368.png/cc0000/ffffff', 'Suspendisse potenti. Nullam porttitor lacus at turpis. Donec posuere metus vitae ipsum. Aliquam non mauris. Morbi non lectus.', 1337, 0.21, 1);
insert into books (id, pub_date, is_bestseller, slug, title, image, description, price, discount, author_id) values (883, '2012/03/22', 0, 'book-szw-536', 'Day After Trinity, The', 'http://dummyimage.com/262x607.png/cc0000/ffffff', 'Integer pede justo, lacinia eget, tincidunt eget, tempus vel, pede. Morbi porttitor lorem id ligula. Suspendisse ornare consequat lectus. In est risus, auctor sed, tristique in, tempus sit amet, sem. Fusce consequat.', 1618, 0.12, 7);
insert into books (id, pub_date, is_bestseller, slug, title, image, description, price, discount, author_id) values (884, '2013/10/08', 0, 'book-ium-397', 'Ripe', 'http://dummyimage.com/356x369.png/dddddd/000000', 'Maecenas leo odio, condimentum id, luctus nec, molestie sed, justo. Pellentesque viverra pede ac diam. Cras pellentesque volutpat dui. Maecenas tristique, est et tempus semper, est quam pharetra magna, ac consequat metus sapien ut nunc. Vestibulum ante ipsum primis in faucibus orci luctus et ultrices posuere cubilia Curae; Mauris viverra diam vitae quam. Suspendisse potenti.', 2328, 0.07, 17);
insert into books (id, pub_date, is_bestseller, slug, title, image, description, price, discount, author_id) values (885, '2012/01/17', 1, 'book-epu-869', 'Red Badge of Courage, The', 'http://dummyimage.com/393x262.png/5fa2dd/ffffff', 'Duis bibendum. Morbi non quam nec dui luctus rutrum. Nulla tellus. In sagittis dui vel nisl. Duis ac nibh. Fusce lacus purus, aliquet at, feugiat non, pretium quis, lectus.', 1306, 0.3, 13);
insert into books (id, pub_date, is_bestseller, slug, title, image, description, price, discount, author_id) values (886, '2018/09/15', 1, 'book-laz-639', 'My Awkward Sexual Adventure', 'http://dummyimage.com/302x699.png/dddddd/000000', 'Aenean lectus. Pellentesque eget nunc. Donec quis orci eget orci vehicula condimentum. Curabitur in libero ut massa volutpat convallis. Morbi odio odio, elementum eu, interdum eu, tincidunt in, leo.', 1122, 0.18, 6);
insert into books (id, pub_date, is_bestseller, slug, title, image, description, price, discount, author_id) values (887, '2014/04/13', 0, 'book-osl-988', 'Flaming Creatures', 'http://dummyimage.com/744x417.png/dddddd/000000', 'Phasellus id sapien in sapien iaculis congue. Vivamus metus arcu, adipiscing molestie, hendrerit at, vulputate vitae, nisl. Aenean lectus. Pellentesque eget nunc. Donec quis orci eget orci vehicula condimentum.', 672, 0.16, 11);
insert into books (id, pub_date, is_bestseller, slug, title, image, description, price, discount, author_id) values (888, '2015/01/01', 1, 'book-kjl-591', 'Árido Movie', 'http://dummyimage.com/559x354.png/dddddd/000000', 'Cum sociis natoque penatibus et magnis dis parturient montes, nascetur ridiculus mus. Vivamus vestibulum sagittis sapien. Cum sociis natoque penatibus et magnis dis parturient montes, nascetur ridiculus mus. Etiam vel augue. Vestibulum rutrum rutrum neque. Aenean auctor gravida sem.', 1985, 0.41, 10);
insert into books (id, pub_date, is_bestseller, slug, title, image, description, price, discount, author_id) values (889, '2016/12/28', 1, 'book-okn-061', 'Miss and the Doctors (Tirez la langue, mademoiselle)', 'http://dummyimage.com/472x542.png/dddddd/000000', 'Vivamus tortor. Duis mattis egestas metus. Aenean fermentum. Donec ut mauris eget massa tempor convallis. Nulla neque libero, convallis eget, eleifend luctus, ultricies eu, nibh. Quisque id justo sit amet sapien dignissim vestibulum.', 288, 0.48, 2);
insert into books (id, pub_date, is_bestseller, slug, title, image, description, price, discount, author_id) values (890, '2014/11/02', 0, 'book-gfk-459', 'Mystic River', 'http://dummyimage.com/573x609.png/cc0000/ffffff', 'Nullam molestie nibh in lectus. Pellentesque at nulla. Suspendisse potenti. Cras in purus eu magna vulputate luctus. Cum sociis natoque penatibus et magnis dis parturient montes, nascetur ridiculus mus.', 2148, 0.32, 14);
insert into books (id, pub_date, is_bestseller, slug, title, image, description, price, discount, author_id) values (891, '2016/12/22', 0, 'book-kai-096', 'Gods Must Be Crazy II, The', 'http://dummyimage.com/311x658.png/5fa2dd/ffffff', 'In quis justo. Maecenas rhoncus aliquam lacus. Morbi quis tortor id nulla ultrices aliquet. Maecenas leo odio, condimentum id, luctus nec, molestie sed, justo. Pellentesque viverra pede ac diam.', 1959, 0.43, 1);
insert into books (id, pub_date, is_bestseller, slug, title, image, description, price, discount, author_id) values (892, '2015/01/22', 1, 'book-bux-873', 'In the Park', 'http://dummyimage.com/591x593.png/cc0000/ffffff', 'In hac habitasse platea dictumst. Maecenas ut massa quis augue luctus tincidunt. Nulla mollis molestie lorem. Quisque ut erat. Curabitur gravida nisi at nibh.', 445, 0.31, 4);
insert into books (id, pub_date, is_bestseller, slug, title, image, description, price, discount, author_id) values (893, '2013/12/03', 1, 'book-xur-741', 'Little Bit of Heaven, A', 'http://dummyimage.com/753x438.png/dddddd/000000', 'Phasellus id sapien in sapien iaculis congue. Vivamus metus arcu, adipiscing molestie, hendrerit at, vulputate vitae, nisl. Aenean lectus. Pellentesque eget nunc. Donec quis orci eget orci vehicula condimentum.', 1553, 0.12, 11);
insert into books (id, pub_date, is_bestseller, slug, title, image, description, price, discount, author_id) values (894, '2010/12/12', 0, 'book-jag-955', 'Heckler', 'http://dummyimage.com/315x413.png/ff4444/ffffff', 'In tempor, turpis nec euismod scelerisque, quam turpis adipiscing lorem, vitae mattis nibh ligula nec sem. Duis aliquam convallis nunc. Proin at turpis a pede posuere nonummy. Integer non velit. Donec diam neque, vestibulum eget, vulputate ut, ultrices vel, augue.', 163, 0.34, 6);
insert into books (id, pub_date, is_bestseller, slug, title, image, description, price, discount, author_id) values (895, '2014/08/05', 1, 'book-zmd-195', 'Sonny Boy', 'http://dummyimage.com/253x405.png/cc0000/ffffff', 'In eleifend quam a odio. In hac habitasse platea dictumst. Maecenas ut massa quis augue luctus tincidunt. Nulla mollis molestie lorem. Quisque ut erat. Curabitur gravida nisi at nibh.', 858, 0.31, 2);
insert into books (id, pub_date, is_bestseller, slug, title, image, description, price, discount, author_id) values (896, '2015/10/15', 1, 'book-qoq-520', 'Jodorowsky''s Dune', 'http://dummyimage.com/502x422.png/cc0000/ffffff', 'Praesent blandit. Nam nulla. Integer pede justo, lacinia eget, tincidunt eget, tempus vel, pede. Morbi porttitor lorem id ligula. Suspendisse ornare consequat lectus. In est risus, auctor sed, tristique in, tempus sit amet, sem.', 1383, 0.36, 14);
insert into books (id, pub_date, is_bestseller, slug, title, image, description, price, discount, author_id) values (897, '2016/12/08', 1, 'book-gvz-844', 'Ghost', 'http://dummyimage.com/425x334.png/dddddd/000000', 'Phasellus in felis. Donec semper sapien a libero. Nam dui. Proin leo odio, porttitor id, consequat in, consequat ut, nulla. Sed accumsan felis. Ut at dolor quis odio consequat varius.', 2162, 0.27, 13);
insert into books (id, pub_date, is_bestseller, slug, title, image, description, price, discount, author_id) values (898, '2016/05/02', 0, 'book-wzg-002', 'Old Dark House, The', 'http://dummyimage.com/404x357.png/cc0000/ffffff', 'Nullam porttitor lacus at turpis. Donec posuere metus vitae ipsum. Aliquam non mauris. Morbi non lectus. Aliquam sit amet diam in magna bibendum imperdiet. Nullam orci pede, venenatis non, sodales sed, tincidunt eu, felis.', 2479, 0.25, 11);
insert into books (id, pub_date, is_bestseller, slug, title, image, description, price, discount, author_id) values (899, '2013/06/09', 0, 'book-iqh-096', 'Farmer & Chase', 'http://dummyimage.com/718x379.png/dddddd/000000', 'Morbi vel lectus in quam fringilla rhoncus. Mauris enim leo, rhoncus sed, vestibulum sit amet, cursus id, turpis. Integer aliquet, massa id lobortis convallis, tortor risus dapibus augue, vel accumsan tellus nisi eu orci. Mauris lacinia sapien quis libero. Nullam sit amet turpis elementum ligula vehicula consequat.', 2472, 0.48, 15);
insert into books (id, pub_date, is_bestseller, slug, title, image, description, price, discount, author_id) values (900, '2012/03/21', 1, 'book-idu-675', 'Satanic Rites of Dracula, The', 'http://dummyimage.com/733x728.png/cc0000/ffffff', 'Praesent id massa id nisl venenatis lacinia. Aenean sit amet justo. Morbi ut odio. Cras mi pede, malesuada in, imperdiet et, commodo vulputate, justo. In blandit ultrices enim.', 1757, 0.22, 5);
insert into books (id, pub_date, is_bestseller, slug, title, image, description, price, discount, author_id) values (901, '2014/06/09', 0, 'book-bcg-482', 'Mysterious Island', 'http://dummyimage.com/333x540.png/cc0000/ffffff', 'Morbi vel lectus in quam fringilla rhoncus. Mauris enim leo, rhoncus sed, vestibulum sit amet, cursus id, turpis. Integer aliquet, massa id lobortis convallis, tortor risus dapibus augue, vel accumsan tellus nisi eu orci. Mauris lacinia sapien quis libero. Nullam sit amet turpis elementum ligula vehicula consequat. Morbi a ipsum.', 2405, 0.22, 19);
insert into books (id, pub_date, is_bestseller, slug, title, image, description, price, discount, author_id) values (902, '2015/11/06', 1, 'book-fgp-879', 'Funny People', 'http://dummyimage.com/255x344.png/dddddd/000000', 'Lorem ipsum dolor sit amet, consectetuer adipiscing elit. Proin interdum mauris non ligula pellentesque ultrices. Phasellus id sapien in sapien iaculis congue. Vivamus metus arcu, adipiscing molestie, hendrerit at, vulputate vitae, nisl. Aenean lectus.', 2385, 0.25, 7);
insert into books (id, pub_date, is_bestseller, slug, title, image, description, price, discount, author_id) values (903, '2014/11/09', 1, 'book-yxx-541', 'Trouble in Mind', 'http://dummyimage.com/727x348.png/cc0000/ffffff', 'Cras non velit nec nisi vulputate nonummy. Maecenas tincidunt lacus at velit. Vivamus vel nulla eget eros elementum pellentesque. Quisque porta volutpat erat. Quisque erat eros, viverra eget, congue eget, semper rutrum, nulla. Nunc purus.', 1162, 0.13, 7);
insert into books (id, pub_date, is_bestseller, slug, title, image, description, price, discount, author_id) values (904, '2020/08/11', 1, 'book-syp-731', 'Prime Suspect: The Lost Child', 'http://dummyimage.com/652x706.png/5fa2dd/ffffff', 'Duis bibendum. Morbi non quam nec dui luctus rutrum. Nulla tellus. In sagittis dui vel nisl. Duis ac nibh.', 468, 0.41, 16);
insert into books (id, pub_date, is_bestseller, slug, title, image, description, price, discount, author_id) values (905, '2018/01/10', 1, 'book-oud-150', 'Rabbit Without Ears (Keinohrhasen)', 'http://dummyimage.com/468x758.png/dddddd/000000', 'Proin eu mi. Nulla ac enim. In tempor, turpis nec euismod scelerisque, quam turpis adipiscing lorem, vitae mattis nibh ligula nec sem. Duis aliquam convallis nunc. Proin at turpis a pede posuere nonummy. Integer non velit.', 1111, 0.3, 6);
insert into books (id, pub_date, is_bestseller, slug, title, image, description, price, discount, author_id) values (906, '2016/11/02', 0, 'book-ion-842', 'Bedevilled (Kim Bok-nam salinsageonui jeonmal)', 'http://dummyimage.com/528x604.png/cc0000/ffffff', 'In congue. Etiam justo. Etiam pretium iaculis justo. In hac habitasse platea dictumst. Etiam faucibus cursus urna.', 1634, 0.48, 15);
insert into books (id, pub_date, is_bestseller, slug, title, image, description, price, discount, author_id) values (907, '2016/08/12', 0, 'book-txp-218', 'Man in Grey, The', 'http://dummyimage.com/355x499.png/cc0000/ffffff', 'Nulla nisl. Nunc nisl. Duis bibendum, felis sed interdum venenatis, turpis enim blandit mi, in porttitor pede justo eu massa. Donec dapibus. Duis at velit eu est congue elementum. In hac habitasse platea dictumst.', 1266, 0.38, 9);
insert into books (id, pub_date, is_bestseller, slug, title, image, description, price, discount, author_id) values (908, '2011/08/31', 0, 'book-ozo-275', 'Millie', 'http://dummyimage.com/535x268.png/cc0000/ffffff', 'Quisque porta volutpat erat. Quisque erat eros, viverra eget, congue eget, semper rutrum, nulla. Nunc purus. Phasellus in felis. Donec semper sapien a libero. Nam dui.', 2486, 0.25, 18);
insert into books (id, pub_date, is_bestseller, slug, title, image, description, price, discount, author_id) values (909, '2016/05/01', 0, 'book-zbv-531', 'Murder on the Orient Express', 'http://dummyimage.com/324x489.png/5fa2dd/ffffff', 'Cras mi pede, malesuada in, imperdiet et, commodo vulputate, justo. In blandit ultrices enim. Lorem ipsum dolor sit amet, consectetuer adipiscing elit. Proin interdum mauris non ligula pellentesque ultrices. Phasellus id sapien in sapien iaculis congue.', 1639, 0.48, 10);
insert into books (id, pub_date, is_bestseller, slug, title, image, description, price, discount, author_id) values (910, '2019/08/26', 0, 'book-gyk-633', 'So It Goes (Korsoteoria)', 'http://dummyimage.com/755x729.png/dddddd/000000', 'Cum sociis natoque penatibus et magnis dis parturient montes, nascetur ridiculus mus. Etiam vel augue. Vestibulum rutrum rutrum neque. Aenean auctor gravida sem. Praesent id massa id nisl venenatis lacinia.', 899, 0.24, 5);
insert into books (id, pub_date, is_bestseller, slug, title, image, description, price, discount, author_id) values (911, '2013/09/22', 1, 'book-djm-618', 'Time Machine, The', 'http://dummyimage.com/617x648.png/5fa2dd/ffffff', 'Vivamus in felis eu sapien cursus vestibulum. Proin eu mi. Nulla ac enim. In tempor, turpis nec euismod scelerisque, quam turpis adipiscing lorem, vitae mattis nibh ligula nec sem. Duis aliquam convallis nunc. Proin at turpis a pede posuere nonummy.', 2460, 0.25, 11);
insert into books (id, pub_date, is_bestseller, slug, title, image, description, price, discount, author_id) values (912, '2013/04/11', 1, 'book-bjs-828', 'Welcome to the Roses (Bienvenue chez les Rozes)', 'http://dummyimage.com/490x705.png/dddddd/000000', 'Donec vitae nisi. Nam ultrices, libero non mattis pulvinar, nulla pede ullamcorper augue, a suscipit nulla elit ac nulla. Sed vel enim sit amet nunc viverra dapibus. Nulla suscipit ligula in lacus. Curabitur at ipsum ac tellus semper interdum. Mauris ullamcorper purus sit amet nulla.', 697, 0.21, 21);
insert into books (id, pub_date, is_bestseller, slug, title, image, description, price, discount, author_id) values (913, '2014/05/19', 1, 'book-jst-991', 'Heaven''s Gate', 'http://dummyimage.com/790x794.png/5fa2dd/ffffff', 'Morbi non quam nec dui luctus rutrum. Nulla tellus. In sagittis dui vel nisl. Duis ac nibh. Fusce lacus purus, aliquet at, feugiat non, pretium quis, lectus. Suspendisse potenti.', 1758, 0.11, 13);
insert into books (id, pub_date, is_bestseller, slug, title, image, description, price, discount, author_id) values (914, '2018/05/13', 1, 'book-zzv-070', 'Tennessee Johnson', 'http://dummyimage.com/573x424.png/dddddd/000000', 'Donec diam neque, vestibulum eget, vulputate ut, ultrices vel, augue. Vestibulum ante ipsum primis in faucibus orci luctus et ultrices posuere cubilia Curae; Donec pharetra, magna vestibulum aliquet ultrices, erat tortor sollicitudin mi, sit amet lobortis sapien sapien non mi. Integer ac neque. Duis bibendum. Morbi non quam nec dui luctus rutrum.', 927, 0.5, 7);
insert into books (id, pub_date, is_bestseller, slug, title, image, description, price, discount, author_id) values (915, '2011/06/21', 1, 'book-vgh-341', 'Behind the Mask: The Rise of Leslie Vernon', 'http://dummyimage.com/764x430.png/ff4444/ffffff', 'Pellentesque ultrices mattis odio. Donec vitae nisi. Nam ultrices, libero non mattis pulvinar, nulla pede ullamcorper augue, a suscipit nulla elit ac nulla. Sed vel enim sit amet nunc viverra dapibus. Nulla suscipit ligula in lacus.', 1226, 0.15, 2);
insert into books (id, pub_date, is_bestseller, slug, title, image, description, price, discount, author_id) values (916, '2013/01/17', 1, 'book-jqd-493', 'Jesus Christ Vampire Hunter', 'http://dummyimage.com/781x349.png/cc0000/ffffff', 'Duis bibendum, felis sed interdum venenatis, turpis enim blandit mi, in porttitor pede justo eu massa. Donec dapibus. Duis at velit eu est congue elementum. In hac habitasse platea dictumst. Morbi vestibulum, velit id pretium iaculis, diam erat fermentum justo, nec condimentum neque sapien placerat ante. Nulla justo.', 934, 0.19, 6);
insert into books (id, pub_date, is_bestseller, slug, title, image, description, price, discount, author_id) values (917, '2014/04/08', 1, 'book-omh-122', 'Well Spent Life, A', 'http://dummyimage.com/417x420.png/cc0000/ffffff', 'Maecenas tincidunt lacus at velit. Vivamus vel nulla eget eros elementum pellentesque. Quisque porta volutpat erat. Quisque erat eros, viverra eget, congue eget, semper rutrum, nulla. Nunc purus.', 1502, 0.21, 7);
insert into books (id, pub_date, is_bestseller, slug, title, image, description, price, discount, author_id) values (918, '2017/12/17', 1, 'book-gmw-666', 'Just a Kiss', 'http://dummyimage.com/308x585.png/cc0000/ffffff', 'Aenean lectus. Pellentesque eget nunc. Donec quis orci eget orci vehicula condimentum. Curabitur in libero ut massa volutpat convallis. Morbi odio odio, elementum eu, interdum eu, tincidunt in, leo.', 487, 0.27, 16);
insert into books (id, pub_date, is_bestseller, slug, title, image, description, price, discount, author_id) values (919, '2013/07/27', 1, 'book-mxk-840', 'Blue Steel', 'http://dummyimage.com/742x372.png/cc0000/ffffff', 'Nullam varius. Nulla facilisi. Cras non velit nec nisi vulputate nonummy. Maecenas tincidunt lacus at velit. Vivamus vel nulla eget eros elementum pellentesque.', 749, 0.19, 10);
insert into books (id, pub_date, is_bestseller, slug, title, image, description, price, discount, author_id) values (920, '2014/05/16', 0, 'book-rit-945', 'Sympathy for the Devil', 'http://dummyimage.com/301x553.png/ff4444/ffffff', 'Quisque ut erat. Curabitur gravida nisi at nibh. In hac habitasse platea dictumst. Aliquam augue quam, sollicitudin vitae, consectetuer eget, rutrum at, lorem. Integer tincidunt ante vel ipsum. Praesent blandit lacinia erat.', 988, 0.1, 1);
insert into books (id, pub_date, is_bestseller, slug, title, image, description, price, discount, author_id) values (921, '2011/02/10', 1, 'book-imw-562', 'Concussion', 'http://dummyimage.com/755x350.png/cc0000/ffffff', 'Aliquam non mauris. Morbi non lectus. Aliquam sit amet diam in magna bibendum imperdiet. Nullam orci pede, venenatis non, sodales sed, tincidunt eu, felis. Fusce posuere felis sed lacus.', 1736, 0.42, 20);
insert into books (id, pub_date, is_bestseller, slug, title, image, description, price, discount, author_id) values (922, '2014/05/11', 1, 'book-aya-216', 'Nine Lives (Ni liv)', 'http://dummyimage.com/444x563.png/cc0000/ffffff', 'Fusce posuere felis sed lacus. Morbi sem mauris, laoreet ut, rhoncus aliquet, pulvinar sed, nisl. Nunc rhoncus dui vel sem. Sed sagittis. Nam congue, risus semper porta volutpat, quam pede lobortis ligula, sit amet eleifend pede libero quis orci.', 833, 0.37, 3);
insert into books (id, pub_date, is_bestseller, slug, title, image, description, price, discount, author_id) values (923, '2016/11/28', 1, 'book-ore-008', 'Ghost of Frankenstein, The', 'http://dummyimage.com/573x388.png/5fa2dd/ffffff', 'Ut at dolor quis odio consequat varius. Integer ac leo. Pellentesque ultrices mattis odio. Donec vitae nisi. Nam ultrices, libero non mattis pulvinar, nulla pede ullamcorper augue, a suscipit nulla elit ac nulla.', 1131, 0.08, 15);
insert into books (id, pub_date, is_bestseller, slug, title, image, description, price, discount, author_id) values (924, '2015/08/13', 1, 'book-oyr-878', 'Field in England, A', 'http://dummyimage.com/536x358.png/cc0000/ffffff', 'Nulla tempus. Vivamus in felis eu sapien cursus vestibulum. Proin eu mi. Nulla ac enim. In tempor, turpis nec euismod scelerisque, quam turpis adipiscing lorem, vitae mattis nibh ligula nec sem.', 912, 0.31, 3);
insert into books (id, pub_date, is_bestseller, slug, title, image, description, price, discount, author_id) values (925, '2011/07/19', 1, 'book-aim-522', 'Millionaire for Christy, A (Golden Goose) (No Room for the Groom)', 'http://dummyimage.com/440x423.png/5fa2dd/ffffff', 'Pellentesque ultrices mattis odio. Donec vitae nisi. Nam ultrices, libero non mattis pulvinar, nulla pede ullamcorper augue, a suscipit nulla elit ac nulla. Sed vel enim sit amet nunc viverra dapibus. Nulla suscipit ligula in lacus. Curabitur at ipsum ac tellus semper interdum.', 1813, 0.35, 14);
insert into books (id, pub_date, is_bestseller, slug, title, image, description, price, discount, author_id) values (926, '2020/03/12', 1, 'book-zri-583', 'Better Living Through Chemistry', 'http://dummyimage.com/295x395.png/cc0000/ffffff', 'Maecenas ut massa quis augue luctus tincidunt. Nulla mollis molestie lorem. Quisque ut erat. Curabitur gravida nisi at nibh. In hac habitasse platea dictumst. Aliquam augue quam, sollicitudin vitae, consectetuer eget, rutrum at, lorem.', 1234, 0.23, 21);
insert into books (id, pub_date, is_bestseller, slug, title, image, description, price, discount, author_id) values (927, '2017/01/22', 0, 'book-xfq-505', 'Children of Invention', 'http://dummyimage.com/387x595.png/dddddd/000000', 'Aliquam erat volutpat. In congue. Etiam justo. Etiam pretium iaculis justo. In hac habitasse platea dictumst.', 353, 0.25, 15);
insert into books (id, pub_date, is_bestseller, slug, title, image, description, price, discount, author_id) values (928, '2020/08/08', 1, 'book-zaj-259', 'Look, Up in the Sky! The Amazing Story of Superman', 'http://dummyimage.com/744x601.png/ff4444/ffffff', 'Donec diam neque, vestibulum eget, vulputate ut, ultrices vel, augue. Vestibulum ante ipsum primis in faucibus orci luctus et ultrices posuere cubilia Curae; Donec pharetra, magna vestibulum aliquet ultrices, erat tortor sollicitudin mi, sit amet lobortis sapien sapien non mi. Integer ac neque. Duis bibendum. Morbi non quam nec dui luctus rutrum. Nulla tellus.', 2181, 0.32, 2);
insert into books (id, pub_date, is_bestseller, slug, title, image, description, price, discount, author_id) values (929, '2020/09/04', 1, 'book-fho-872', 'Wildcats', 'http://dummyimage.com/441x726.png/ff4444/ffffff', 'Maecenas tristique, est et tempus semper, est quam pharetra magna, ac consequat metus sapien ut nunc. Vestibulum ante ipsum primis in faucibus orci luctus et ultrices posuere cubilia Curae; Mauris viverra diam vitae quam. Suspendisse potenti. Nullam porttitor lacus at turpis. Donec posuere metus vitae ipsum. Aliquam non mauris.', 193, 0.4, 20);
insert into books (id, pub_date, is_bestseller, slug, title, image, description, price, discount, author_id) values (930, '2011/12/18', 1, 'book-ucq-582', 'Toast', 'http://dummyimage.com/436x657.png/dddddd/000000', 'Duis mattis egestas metus. Aenean fermentum. Donec ut mauris eget massa tempor convallis. Nulla neque libero, convallis eget, eleifend luctus, ultricies eu, nibh. Quisque id justo sit amet sapien dignissim vestibulum. Vestibulum ante ipsum primis in faucibus orci luctus et ultrices posuere cubilia Curae; Nulla dapibus dolor vel est.', 754, 0.08, 7);
insert into books (id, pub_date, is_bestseller, slug, title, image, description, price, discount, author_id) values (931, '2016/04/05', 0, 'book-lws-489', 'Cialo', 'http://dummyimage.com/760x619.png/dddddd/000000', 'Proin at turpis a pede posuere nonummy. Integer non velit. Donec diam neque, vestibulum eget, vulputate ut, ultrices vel, augue. Vestibulum ante ipsum primis in faucibus orci luctus et ultrices posuere cubilia Curae; Donec pharetra, magna vestibulum aliquet ultrices, erat tortor sollicitudin mi, sit amet lobortis sapien sapien non mi. Integer ac neque. Duis bibendum.', 1520, 0.24, 14);
insert into books (id, pub_date, is_bestseller, slug, title, image, description, price, discount, author_id) values (932, '2017/12/03', 0, 'book-mwr-409', 'Stereo', 'http://dummyimage.com/689x586.png/5fa2dd/ffffff', 'Nullam porttitor lacus at turpis. Donec posuere metus vitae ipsum. Aliquam non mauris. Morbi non lectus. Aliquam sit amet diam in magna bibendum imperdiet. Nullam orci pede, venenatis non, sodales sed, tincidunt eu, felis.', 412, 0.21, 19);
insert into books (id, pub_date, is_bestseller, slug, title, image, description, price, discount, author_id) values (933, '2013/11/14', 1, 'book-ovf-469', 'Power of One, The', 'http://dummyimage.com/589x401.png/5fa2dd/ffffff', 'Suspendisse accumsan tortor quis turpis. Sed ante. Vivamus tortor. Duis mattis egestas metus. Aenean fermentum. Donec ut mauris eget massa tempor convallis.', 985, 0.19, 3);
insert into books (id, pub_date, is_bestseller, slug, title, image, description, price, discount, author_id) values (934, '2014/05/03', 0, 'book-eos-159', 'Naked City, The', 'http://dummyimage.com/355x536.png/dddddd/000000', 'Praesent blandit lacinia erat. Vestibulum sed magna at nunc commodo placerat. Praesent blandit. Nam nulla. Integer pede justo, lacinia eget, tincidunt eget, tempus vel, pede. Morbi porttitor lorem id ligula.', 1200, 0.39, 17);
insert into books (id, pub_date, is_bestseller, slug, title, image, description, price, discount, author_id) values (935, '2012/10/08', 0, 'book-mfy-117', 'Moonraker', 'http://dummyimage.com/751x279.png/ff4444/ffffff', 'In quis justo. Maecenas rhoncus aliquam lacus. Morbi quis tortor id nulla ultrices aliquet. Maecenas leo odio, condimentum id, luctus nec, molestie sed, justo. Pellentesque viverra pede ac diam. Cras pellentesque volutpat dui.', 2214, 0.38, 5);
insert into books (id, pub_date, is_bestseller, slug, title, image, description, price, discount, author_id) values (936, '2015/04/13', 1, 'book-dau-837', 'Grown Up Movie Star', 'http://dummyimage.com/523x738.png/5fa2dd/ffffff', 'Curabitur gravida nisi at nibh. In hac habitasse platea dictumst. Aliquam augue quam, sollicitudin vitae, consectetuer eget, rutrum at, lorem. Integer tincidunt ante vel ipsum. Praesent blandit lacinia erat.', 1512, 0.15, 18);
insert into books (id, pub_date, is_bestseller, slug, title, image, description, price, discount, author_id) values (937, '2012/10/30', 1, 'book-ggo-470', 'Wind Journeys, The (Viajes del viento, Los)', 'http://dummyimage.com/264x597.png/dddddd/000000', 'Donec vitae nisi. Nam ultrices, libero non mattis pulvinar, nulla pede ullamcorper augue, a suscipit nulla elit ac nulla. Sed vel enim sit amet nunc viverra dapibus. Nulla suscipit ligula in lacus. Curabitur at ipsum ac tellus semper interdum. Mauris ullamcorper purus sit amet nulla.', 757, 0.5, 19);
insert into books (id, pub_date, is_bestseller, slug, title, image, description, price, discount, author_id) values (938, '2018/07/09', 0, 'book-vvo-412', 'Burt''s Buzz', 'http://dummyimage.com/563x327.png/ff4444/ffffff', 'Pellentesque ultrices mattis odio. Donec vitae nisi. Nam ultrices, libero non mattis pulvinar, nulla pede ullamcorper augue, a suscipit nulla elit ac nulla. Sed vel enim sit amet nunc viverra dapibus. Nulla suscipit ligula in lacus. Curabitur at ipsum ac tellus semper interdum.', 1563, 0.49, 3);
insert into books (id, pub_date, is_bestseller, slug, title, image, description, price, discount, author_id) values (939, '2011/07/17', 1, 'book-vjn-336', 'Night, The (Notte, La)', 'http://dummyimage.com/764x793.png/ff4444/ffffff', 'In est risus, auctor sed, tristique in, tempus sit amet, sem. Fusce consequat. Nulla nisl. Nunc nisl. Duis bibendum, felis sed interdum venenatis, turpis enim blandit mi, in porttitor pede justo eu massa.', 1575, 0.48, 7);
insert into books (id, pub_date, is_bestseller, slug, title, image, description, price, discount, author_id) values (940, '2015/01/09', 1, 'book-xtd-366', 'Musicwood', 'http://dummyimage.com/368x485.png/5fa2dd/ffffff', 'Quisque id justo sit amet sapien dignissim vestibulum. Vestibulum ante ipsum primis in faucibus orci luctus et ultrices posuere cubilia Curae; Nulla dapibus dolor vel est. Donec odio justo, sollicitudin ut, suscipit a, feugiat et, eros. Vestibulum ac est lacinia nisi venenatis tristique. Fusce congue, diam id ornare imperdiet, sapien urna pretium nisl, ut volutpat sapien arcu sed augue.', 813, 0.48, 8);
insert into books (id, pub_date, is_bestseller, slug, title, image, description, price, discount, author_id) values (941, '2016/05/28', 0, 'book-eyd-354', 'Glass Menagerie, The', 'http://dummyimage.com/708x509.png/ff4444/ffffff', 'Fusce lacus purus, aliquet at, feugiat non, pretium quis, lectus. Suspendisse potenti. In eleifend quam a odio. In hac habitasse platea dictumst. Maecenas ut massa quis augue luctus tincidunt.', 1247, 0.15, 10);
insert into books (id, pub_date, is_bestseller, slug, title, image, description, price, discount, author_id) values (942, '2017/09/02', 1, 'book-nsa-199', 'The Wild World of Lydia Lunch', 'http://dummyimage.com/674x571.png/cc0000/ffffff', 'Donec ut dolor. Morbi vel lectus in quam fringilla rhoncus. Mauris enim leo, rhoncus sed, vestibulum sit amet, cursus id, turpis. Integer aliquet, massa id lobortis convallis, tortor risus dapibus augue, vel accumsan tellus nisi eu orci. Mauris lacinia sapien quis libero. Nullam sit amet turpis elementum ligula vehicula consequat.', 697, 0.25, 6);
insert into books (id, pub_date, is_bestseller, slug, title, image, description, price, discount, author_id) values (943, '2011/04/04', 1, 'book-vhd-322', 'Will', 'http://dummyimage.com/703x717.png/ff4444/ffffff', 'Curabitur convallis. Duis consequat dui nec nisi volutpat eleifend. Donec ut dolor. Morbi vel lectus in quam fringilla rhoncus. Mauris enim leo, rhoncus sed, vestibulum sit amet, cursus id, turpis.', 643, 0.46, 2);
insert into books (id, pub_date, is_bestseller, slug, title, image, description, price, discount, author_id) values (944, '2016/11/06', 0, 'book-pii-227', 'Funny Girl', 'http://dummyimage.com/566x432.png/cc0000/ffffff', 'Mauris sit amet eros. Suspendisse accumsan tortor quis turpis. Sed ante. Vivamus tortor. Duis mattis egestas metus.', 1116, 0.2, 4);
insert into books (id, pub_date, is_bestseller, slug, title, image, description, price, discount, author_id) values (945, '2015/05/25', 0, 'book-vcz-571', 'What Dreams May Come', 'http://dummyimage.com/517x284.png/cc0000/ffffff', 'Morbi non quam nec dui luctus rutrum. Nulla tellus. In sagittis dui vel nisl. Duis ac nibh. Fusce lacus purus, aliquet at, feugiat non, pretium quis, lectus.', 610, 0.28, 9);
insert into books (id, pub_date, is_bestseller, slug, title, image, description, price, discount, author_id) values (946, '2020/09/06', 0, 'book-inw-042', 'Straightheads (Closure)', 'http://dummyimage.com/699x484.png/cc0000/ffffff', 'Aliquam erat volutpat. In congue. Etiam justo. Etiam pretium iaculis justo. In hac habitasse platea dictumst. Etiam faucibus cursus urna.', 2500, 0.27, 2);
insert into books (id, pub_date, is_bestseller, slug, title, image, description, price, discount, author_id) values (947, '2014/05/01', 1, 'book-isj-211', 'Cronos', 'http://dummyimage.com/423x528.png/cc0000/ffffff', 'Vestibulum ac est lacinia nisi venenatis tristique. Fusce congue, diam id ornare imperdiet, sapien urna pretium nisl, ut volutpat sapien arcu sed augue. Aliquam erat volutpat. In congue. Etiam justo. Etiam pretium iaculis justo.', 1553, 0.38, 20);
insert into books (id, pub_date, is_bestseller, slug, title, image, description, price, discount, author_id) values (948, '2013/02/21', 0, 'book-ekq-179', '30 Years to Life', 'http://dummyimage.com/703x454.png/ff4444/ffffff', 'Etiam faucibus cursus urna. Ut tellus. Nulla ut erat id mauris vulputate elementum. Nullam varius. Nulla facilisi.', 557, 0.37, 13);
insert into books (id, pub_date, is_bestseller, slug, title, image, description, price, discount, author_id) values (949, '2020/02/14', 1, 'book-hdx-504', 'Hamlet', 'http://dummyimage.com/431x416.png/5fa2dd/ffffff', 'Proin leo odio, porttitor id, consequat in, consequat ut, nulla. Sed accumsan felis. Ut at dolor quis odio consequat varius. Integer ac leo. Pellentesque ultrices mattis odio.', 833, 0.24, 8);
insert into books (id, pub_date, is_bestseller, slug, title, image, description, price, discount, author_id) values (950, '2011/10/25', 1, 'book-twr-103', 'New Best Friend', 'http://dummyimage.com/409x319.png/5fa2dd/ffffff', 'Cras in purus eu magna vulputate luctus. Cum sociis natoque penatibus et magnis dis parturient montes, nascetur ridiculus mus. Vivamus vestibulum sagittis sapien. Cum sociis natoque penatibus et magnis dis parturient montes, nascetur ridiculus mus. Etiam vel augue.', 358, 0.32, 18);
insert into books (id, pub_date, is_bestseller, slug, title, image, description, price, discount, author_id) values (951, '2015/06/20', 1, 'book-vte-560', 'Perfect Blue', 'http://dummyimage.com/552x508.png/ff4444/ffffff', 'Nullam orci pede, venenatis non, sodales sed, tincidunt eu, felis. Fusce posuere felis sed lacus. Morbi sem mauris, laoreet ut, rhoncus aliquet, pulvinar sed, nisl. Nunc rhoncus dui vel sem. Sed sagittis. Nam congue, risus semper porta volutpat, quam pede lobortis ligula, sit amet eleifend pede libero quis orci.', 830, 0.3, 12);
insert into books (id, pub_date, is_bestseller, slug, title, image, description, price, discount, author_id) values (952, '2019/07/04', 1, 'book-qpq-223', 'Glory', 'http://dummyimage.com/662x575.png/cc0000/ffffff', 'Cras in purus eu magna vulputate luctus. Cum sociis natoque penatibus et magnis dis parturient montes, nascetur ridiculus mus. Vivamus vestibulum sagittis sapien. Cum sociis natoque penatibus et magnis dis parturient montes, nascetur ridiculus mus. Etiam vel augue. Vestibulum rutrum rutrum neque.', 133, 0.25, 10);
insert into books (id, pub_date, is_bestseller, slug, title, image, description, price, discount, author_id) values (953, '2018/06/24', 1, 'book-kyo-744', 'President''s Man: A Line in the Sand, The', 'http://dummyimage.com/677x522.png/ff4444/ffffff', 'Proin risus. Praesent lectus. Vestibulum quam sapien, varius ut, blandit non, interdum in, ante. Vestibulum ante ipsum primis in faucibus orci luctus et ultrices posuere cubilia Curae; Duis faucibus accumsan odio. Curabitur convallis.', 138, 0.45, 5);
insert into books (id, pub_date, is_bestseller, slug, title, image, description, price, discount, author_id) values (954, '2019/10/13', 0, 'book-fkc-808', 'Sword of Gideon', 'http://dummyimage.com/735x498.png/ff4444/ffffff', 'Maecenas leo odio, condimentum id, luctus nec, molestie sed, justo. Pellentesque viverra pede ac diam. Cras pellentesque volutpat dui. Maecenas tristique, est et tempus semper, est quam pharetra magna, ac consequat metus sapien ut nunc. Vestibulum ante ipsum primis in faucibus orci luctus et ultrices posuere cubilia Curae; Mauris viverra diam vitae quam. Suspendisse potenti.', 204, 0.41, 14);
insert into books (id, pub_date, is_bestseller, slug, title, image, description, price, discount, author_id) values (955, '2012/12/10', 1, 'book-vkm-740', 'Free Fall', 'http://dummyimage.com/355x585.png/cc0000/ffffff', 'In congue. Etiam justo. Etiam pretium iaculis justo. In hac habitasse platea dictumst. Etiam faucibus cursus urna.', 2317, 0.23, 3);
insert into books (id, pub_date, is_bestseller, slug, title, image, description, price, discount, author_id) values (956, '2017/01/16', 1, 'book-tjr-466', 'Bells Are Ringing', 'http://dummyimage.com/603x328.png/cc0000/ffffff', 'Cum sociis natoque penatibus et magnis dis parturient montes, nascetur ridiculus mus. Etiam vel augue. Vestibulum rutrum rutrum neque. Aenean auctor gravida sem. Praesent id massa id nisl venenatis lacinia. Aenean sit amet justo.', 1022, 0.4, 5);
insert into books (id, pub_date, is_bestseller, slug, title, image, description, price, discount, author_id) values (957, '2012/11/22', 1, 'book-dcx-595', 'Turn Me On, Dammit! (Få meg på, for faen)', 'http://dummyimage.com/310x764.png/cc0000/ffffff', 'Integer aliquet, massa id lobortis convallis, tortor risus dapibus augue, vel accumsan tellus nisi eu orci. Mauris lacinia sapien quis libero. Nullam sit amet turpis elementum ligula vehicula consequat. Morbi a ipsum. Integer a nibh. In quis justo.', 451, 0.14, 4);
insert into books (id, pub_date, is_bestseller, slug, title, image, description, price, discount, author_id) values (958, '2016/03/27', 0, 'book-zwf-378', 'Church, The (Chiesa, La)', 'http://dummyimage.com/673x336.png/cc0000/ffffff', 'In hac habitasse platea dictumst. Morbi vestibulum, velit id pretium iaculis, diam erat fermentum justo, nec condimentum neque sapien placerat ante. Nulla justo. Aliquam quis turpis eget elit sodales scelerisque. Mauris sit amet eros. Suspendisse accumsan tortor quis turpis.', 1673, 0.08, 10);
insert into books (id, pub_date, is_bestseller, slug, title, image, description, price, discount, author_id) values (959, '2016/06/10', 1, 'book-myi-692', 'Lost Highway', 'http://dummyimage.com/428x279.png/ff4444/ffffff', 'Aliquam erat volutpat. In congue. Etiam justo. Etiam pretium iaculis justo. In hac habitasse platea dictumst.', 1446, 0.19, 19);
insert into books (id, pub_date, is_bestseller, slug, title, image, description, price, discount, author_id) values (960, '2012/08/26', 0, 'book-zcp-465', 'Watching the Detectives', 'http://dummyimage.com/519x488.png/cc0000/ffffff', 'Morbi non lectus. Aliquam sit amet diam in magna bibendum imperdiet. Nullam orci pede, venenatis non, sodales sed, tincidunt eu, felis. Fusce posuere felis sed lacus. Morbi sem mauris, laoreet ut, rhoncus aliquet, pulvinar sed, nisl. Nunc rhoncus dui vel sem.', 2106, 0.37, 19);
insert into books (id, pub_date, is_bestseller, slug, title, image, description, price, discount, author_id) values (961, '2012/10/29', 1, 'book-giw-222', 'How to Seduce Difficult Women', 'http://dummyimage.com/406x592.png/dddddd/000000', 'Maecenas tristique, est et tempus semper, est quam pharetra magna, ac consequat metus sapien ut nunc. Vestibulum ante ipsum primis in faucibus orci luctus et ultrices posuere cubilia Curae; Mauris viverra diam vitae quam. Suspendisse potenti. Nullam porttitor lacus at turpis. Donec posuere metus vitae ipsum. Aliquam non mauris.', 335, 0.48, 17);
insert into books (id, pub_date, is_bestseller, slug, title, image, description, price, discount, author_id) values (962, '2017/04/11', 1, 'book-bst-568', 'Bran Nue Dae', 'http://dummyimage.com/564x393.png/5fa2dd/ffffff', 'Mauris enim leo, rhoncus sed, vestibulum sit amet, cursus id, turpis. Integer aliquet, massa id lobortis convallis, tortor risus dapibus augue, vel accumsan tellus nisi eu orci. Mauris lacinia sapien quis libero. Nullam sit amet turpis elementum ligula vehicula consequat. Morbi a ipsum.', 762, 0.35, 8);
insert into books (id, pub_date, is_bestseller, slug, title, image, description, price, discount, author_id) values (963, '2014/10/26', 1, 'book-dql-632', 'Matrix, The', 'http://dummyimage.com/280x545.png/ff4444/ffffff', 'Vestibulum quam sapien, varius ut, blandit non, interdum in, ante. Vestibulum ante ipsum primis in faucibus orci luctus et ultrices posuere cubilia Curae; Duis faucibus accumsan odio. Curabitur convallis. Duis consequat dui nec nisi volutpat eleifend. Donec ut dolor. Morbi vel lectus in quam fringilla rhoncus.', 2134, 0.2, 17);
insert into books (id, pub_date, is_bestseller, slug, title, image, description, price, discount, author_id) values (964, '2015/02/28', 1, 'book-bsu-029', 'Mysterious Island', 'http://dummyimage.com/333x725.png/cc0000/ffffff', 'Curabitur convallis. Duis consequat dui nec nisi volutpat eleifend. Donec ut dolor. Morbi vel lectus in quam fringilla rhoncus. Mauris enim leo, rhoncus sed, vestibulum sit amet, cursus id, turpis.', 1374, 0.47, 6);
insert into books (id, pub_date, is_bestseller, slug, title, image, description, price, discount, author_id) values (965, '2018/03/30', 0, 'book-pwq-361', 'Revenge of the Zombies', 'http://dummyimage.com/657x601.png/5fa2dd/ffffff', 'Curabitur convallis. Duis consequat dui nec nisi volutpat eleifend. Donec ut dolor. Morbi vel lectus in quam fringilla rhoncus. Mauris enim leo, rhoncus sed, vestibulum sit amet, cursus id, turpis. Integer aliquet, massa id lobortis convallis, tortor risus dapibus augue, vel accumsan tellus nisi eu orci.', 1839, 0.1, 18);
insert into books (id, pub_date, is_bestseller, slug, title, image, description, price, discount, author_id) values (966, '2017/06/21', 1, 'book-wcz-585', 'Actress, the Dollars and the Transylvanians, The (Artista, dolarii si Ardelenii)', 'http://dummyimage.com/625x796.png/cc0000/ffffff', 'Donec quis orci eget orci vehicula condimentum. Curabitur in libero ut massa volutpat convallis. Morbi odio odio, elementum eu, interdum eu, tincidunt in, leo. Maecenas pulvinar lobortis est. Phasellus sit amet erat.', 2311, 0.25, 10);
insert into books (id, pub_date, is_bestseller, slug, title, image, description, price, discount, author_id) values (967, '2020/09/09', 1, 'book-rvp-166', 'Prinsessa (Starring Maja)', 'http://dummyimage.com/418x266.png/5fa2dd/ffffff', 'Donec diam neque, vestibulum eget, vulputate ut, ultrices vel, augue. Vestibulum ante ipsum primis in faucibus orci luctus et ultrices posuere cubilia Curae; Donec pharetra, magna vestibulum aliquet ultrices, erat tortor sollicitudin mi, sit amet lobortis sapien sapien non mi. Integer ac neque. Duis bibendum. Morbi non quam nec dui luctus rutrum.', 905, 0.39, 1);
insert into books (id, pub_date, is_bestseller, slug, title, image, description, price, discount, author_id) values (968, '2017/11/13', 1, 'book-aqb-330', 'Going in Style', 'http://dummyimage.com/677x749.png/cc0000/ffffff', 'Nam ultrices, libero non mattis pulvinar, nulla pede ullamcorper augue, a suscipit nulla elit ac nulla. Sed vel enim sit amet nunc viverra dapibus. Nulla suscipit ligula in lacus. Curabitur at ipsum ac tellus semper interdum. Mauris ullamcorper purus sit amet nulla. Quisque arcu libero, rutrum ac, lobortis vel, dapibus at, diam.', 2404, 0.11, 2);
insert into books (id, pub_date, is_bestseller, slug, title, image, description, price, discount, author_id) values (969, '2018/01/07', 0, 'book-ckj-382', 'A Matador''s Mistress', 'http://dummyimage.com/755x586.png/ff4444/ffffff', 'In quis justo. Maecenas rhoncus aliquam lacus. Morbi quis tortor id nulla ultrices aliquet. Maecenas leo odio, condimentum id, luctus nec, molestie sed, justo. Pellentesque viverra pede ac diam. Cras pellentesque volutpat dui.', 2300, 0.16, 14);
insert into books (id, pub_date, is_bestseller, slug, title, image, description, price, discount, author_id) values (970, '2019/06/21', 1, 'book-usj-127', '[REC]²', 'http://dummyimage.com/601x258.png/cc0000/ffffff', 'Donec quis orci eget orci vehicula condimentum. Curabitur in libero ut massa volutpat convallis. Morbi odio odio, elementum eu, interdum eu, tincidunt in, leo. Maecenas pulvinar lobortis est. Phasellus sit amet erat. Nulla tempus.', 1026, 0.44, 7);
insert into books (id, pub_date, is_bestseller, slug, title, image, description, price, discount, author_id) values (971, '2017/10/11', 1, 'book-zph-291', 'Abbott and Costello Meet the Invisible Man', 'http://dummyimage.com/284x652.png/dddddd/000000', 'Cras in purus eu magna vulputate luctus. Cum sociis natoque penatibus et magnis dis parturient montes, nascetur ridiculus mus. Vivamus vestibulum sagittis sapien. Cum sociis natoque penatibus et magnis dis parturient montes, nascetur ridiculus mus. Etiam vel augue.', 483, 0.38, 11);
insert into books (id, pub_date, is_bestseller, slug, title, image, description, price, discount, author_id) values (972, '2012/01/17', 0, 'book-syb-032', 'Zoo', 'http://dummyimage.com/744x641.png/cc0000/ffffff', 'Integer non velit. Donec diam neque, vestibulum eget, vulputate ut, ultrices vel, augue. Vestibulum ante ipsum primis in faucibus orci luctus et ultrices posuere cubilia Curae; Donec pharetra, magna vestibulum aliquet ultrices, erat tortor sollicitudin mi, sit amet lobortis sapien sapien non mi. Integer ac neque. Duis bibendum. Morbi non quam nec dui luctus rutrum.', 1058, 0.06, 19);
insert into books (id, pub_date, is_bestseller, slug, title, image, description, price, discount, author_id) values (973, '2012/01/09', 0, 'book-pql-891', 'Sibling Rivalry', 'http://dummyimage.com/508x718.png/dddddd/000000', 'Fusce congue, diam id ornare imperdiet, sapien urna pretium nisl, ut volutpat sapien arcu sed augue. Aliquam erat volutpat. In congue. Etiam justo. Etiam pretium iaculis justo. In hac habitasse platea dictumst.', 133, 0.37, 19);
insert into books (id, pub_date, is_bestseller, slug, title, image, description, price, discount, author_id) values (974, '2011/12/28', 1, 'book-cze-624', 'Waiting Room (Bekleme odasi)', 'http://dummyimage.com/647x494.png/cc0000/ffffff', 'In hac habitasse platea dictumst. Aliquam augue quam, sollicitudin vitae, consectetuer eget, rutrum at, lorem. Integer tincidunt ante vel ipsum. Praesent blandit lacinia erat. Vestibulum sed magna at nunc commodo placerat. Praesent blandit.', 2303, 0.29, 2);
insert into books (id, pub_date, is_bestseller, slug, title, image, description, price, discount, author_id) values (975, '2012/06/21', 0, 'book-ovq-790', 'Holes', 'http://dummyimage.com/261x276.png/5fa2dd/ffffff', 'Etiam justo. Etiam pretium iaculis justo. In hac habitasse platea dictumst. Etiam faucibus cursus urna. Ut tellus. Nulla ut erat id mauris vulputate elementum.', 489, 0.32, 11);
insert into books (id, pub_date, is_bestseller, slug, title, image, description, price, discount, author_id) values (976, '2014/03/14', 0, 'book-pkf-261', 'Männerherzen... und die ganz ganz große Liebe', 'http://dummyimage.com/266x492.png/dddddd/000000', 'Praesent id massa id nisl venenatis lacinia. Aenean sit amet justo. Morbi ut odio. Cras mi pede, malesuada in, imperdiet et, commodo vulputate, justo. In blandit ultrices enim.', 1103, 0.14, 16);
insert into books (id, pub_date, is_bestseller, slug, title, image, description, price, discount, author_id) values (977, '2015/02/15', 1, 'book-wpv-795', 'Call Me Bwana', 'http://dummyimage.com/682x653.png/ff4444/ffffff', 'Vestibulum ante ipsum primis in faucibus orci luctus et ultrices posuere cubilia Curae; Donec pharetra, magna vestibulum aliquet ultrices, erat tortor sollicitudin mi, sit amet lobortis sapien sapien non mi. Integer ac neque. Duis bibendum. Morbi non quam nec dui luctus rutrum. Nulla tellus. In sagittis dui vel nisl.', 752, 0.07, 3);
insert into books (id, pub_date, is_bestseller, slug, title, image, description, price, discount, author_id) values (978, '2017/07/10', 1, 'book-sqc-793', 'Pure Luck', 'http://dummyimage.com/445x396.png/5fa2dd/ffffff', 'Vestibulum quam sapien, varius ut, blandit non, interdum in, ante. Vestibulum ante ipsum primis in faucibus orci luctus et ultrices posuere cubilia Curae; Duis faucibus accumsan odio. Curabitur convallis. Duis consequat dui nec nisi volutpat eleifend. Donec ut dolor. Morbi vel lectus in quam fringilla rhoncus.', 258, 0.06, 18);
insert into books (id, pub_date, is_bestseller, slug, title, image, description, price, discount, author_id) values (979, '2019/06/13', 1, 'book-tgh-167', 'Henry Poole is Here', 'http://dummyimage.com/600x454.png/cc0000/ffffff', 'Phasellus sit amet erat. Nulla tempus. Vivamus in felis eu sapien cursus vestibulum. Proin eu mi. Nulla ac enim.', 2483, 0.33, 4);
insert into books (id, pub_date, is_bestseller, slug, title, image, description, price, discount, author_id) values (980, '2011/06/26', 0, 'book-zxh-771', 'My Mother Likes Women (A mi madre le gustan las mujeres)', 'http://dummyimage.com/500x722.png/cc0000/ffffff', 'Donec vitae nisi. Nam ultrices, libero non mattis pulvinar, nulla pede ullamcorper augue, a suscipit nulla elit ac nulla. Sed vel enim sit amet nunc viverra dapibus. Nulla suscipit ligula in lacus. Curabitur at ipsum ac tellus semper interdum. Mauris ullamcorper purus sit amet nulla.', 1564, 0.27, 9);
insert into books (id, pub_date, is_bestseller, slug, title, image, description, price, discount, author_id) values (981, '2019/05/13', 1, 'book-dge-725', 'Three Faces of Eve, The', 'http://dummyimage.com/527x668.png/dddddd/000000', 'Vestibulum ante ipsum primis in faucibus orci luctus et ultrices posuere cubilia Curae; Duis faucibus accumsan odio. Curabitur convallis. Duis consequat dui nec nisi volutpat eleifend. Donec ut dolor. Morbi vel lectus in quam fringilla rhoncus.', 1594, 0.15, 8);
insert into books (id, pub_date, is_bestseller, slug, title, image, description, price, discount, author_id) values (982, '2018/11/22', 0, 'book-zgc-090', 'Fireman, The', 'http://dummyimage.com/589x672.png/ff4444/ffffff', 'Suspendisse potenti. Nullam porttitor lacus at turpis. Donec posuere metus vitae ipsum. Aliquam non mauris. Morbi non lectus. Aliquam sit amet diam in magna bibendum imperdiet.', 2137, 0.11, 6);
insert into books (id, pub_date, is_bestseller, slug, title, image, description, price, discount, author_id) values (983, '2019/05/08', 1, 'book-sbu-743', 'Tongan Ninja', 'http://dummyimage.com/441x341.png/dddddd/000000', 'Ut at dolor quis odio consequat varius. Integer ac leo. Pellentesque ultrices mattis odio. Donec vitae nisi. Nam ultrices, libero non mattis pulvinar, nulla pede ullamcorper augue, a suscipit nulla elit ac nulla.', 1292, 0.17, 21);
insert into books (id, pub_date, is_bestseller, slug, title, image, description, price, discount, author_id) values (984, '2011/03/16', 0, 'book-szq-974', 'Mimic', 'http://dummyimage.com/660x384.png/dddddd/000000', 'Morbi ut odio. Cras mi pede, malesuada in, imperdiet et, commodo vulputate, justo. In blandit ultrices enim. Lorem ipsum dolor sit amet, consectetuer adipiscing elit. Proin interdum mauris non ligula pellentesque ultrices.', 2121, 0.45, 4);
insert into books (id, pub_date, is_bestseller, slug, title, image, description, price, discount, author_id) values (985, '2020/11/04', 0, 'book-jyf-223', 'Mall', 'http://dummyimage.com/737x402.png/5fa2dd/ffffff', 'In blandit ultrices enim. Lorem ipsum dolor sit amet, consectetuer adipiscing elit. Proin interdum mauris non ligula pellentesque ultrices. Phasellus id sapien in sapien iaculis congue. Vivamus metus arcu, adipiscing molestie, hendrerit at, vulputate vitae, nisl.', 2144, 0.06, 7);
insert into books (id, pub_date, is_bestseller, slug, title, image, description, price, discount, author_id) values (986, '2013/10/29', 0, 'book-ejq-327', 'Dog of Flanders, A', 'http://dummyimage.com/654x332.png/5fa2dd/ffffff', 'Phasellus sit amet erat. Nulla tempus. Vivamus in felis eu sapien cursus vestibulum. Proin eu mi. Nulla ac enim. In tempor, turpis nec euismod scelerisque, quam turpis adipiscing lorem, vitae mattis nibh ligula nec sem.', 2314, 0.19, 11);
insert into books (id, pub_date, is_bestseller, slug, title, image, description, price, discount, author_id) values (987, '2014/11/15', 1, 'book-kjy-126', 'Grand Seduction, The', 'http://dummyimage.com/632x512.png/5fa2dd/ffffff', 'Proin interdum mauris non ligula pellentesque ultrices. Phasellus id sapien in sapien iaculis congue. Vivamus metus arcu, adipiscing molestie, hendrerit at, vulputate vitae, nisl. Aenean lectus. Pellentesque eget nunc.', 963, 0.19, 5);
insert into books (id, pub_date, is_bestseller, slug, title, image, description, price, discount, author_id) values (988, '2016/12/07', 0, 'book-gwj-372', 'Emil i Lönneberga', 'http://dummyimage.com/251x435.png/ff4444/ffffff', 'Nam ultrices, libero non mattis pulvinar, nulla pede ullamcorper augue, a suscipit nulla elit ac nulla. Sed vel enim sit amet nunc viverra dapibus. Nulla suscipit ligula in lacus. Curabitur at ipsum ac tellus semper interdum. Mauris ullamcorper purus sit amet nulla.', 517, 0.08, 11);
insert into books (id, pub_date, is_bestseller, slug, title, image, description, price, discount, author_id) values (989, '2014/04/02', 0, 'book-ogk-561', 'Lady Be Good', 'http://dummyimage.com/683x672.png/5fa2dd/ffffff', 'Fusce congue, diam id ornare imperdiet, sapien urna pretium nisl, ut volutpat sapien arcu sed augue. Aliquam erat volutpat. In congue. Etiam justo. Etiam pretium iaculis justo. In hac habitasse platea dictumst.', 177, 0.28, 2);
insert into books (id, pub_date, is_bestseller, slug, title, image, description, price, discount, author_id) values (990, '2020/05/21', 1, 'book-ufr-705', 'Ali: Fear Eats the Soul (Angst essen Seele auf)', 'http://dummyimage.com/600x267.png/5fa2dd/ffffff', 'Lorem ipsum dolor sit amet, consectetuer adipiscing elit. Proin risus. Praesent lectus. Vestibulum quam sapien, varius ut, blandit non, interdum in, ante. Vestibulum ante ipsum primis in faucibus orci luctus et ultrices posuere cubilia Curae; Duis faucibus accumsan odio. Curabitur convallis.', 2011, 0.31, 18);
insert into books (id, pub_date, is_bestseller, slug, title, image, description, price, discount, author_id) values (991, '2017/01/13', 0, 'book-kgg-959', 'Möbius', 'http://dummyimage.com/724x493.png/cc0000/ffffff', 'In blandit ultrices enim. Lorem ipsum dolor sit amet, consectetuer adipiscing elit. Proin interdum mauris non ligula pellentesque ultrices. Phasellus id sapien in sapien iaculis congue. Vivamus metus arcu, adipiscing molestie, hendrerit at, vulputate vitae, nisl.', 758, 0.32, 19);
insert into books (id, pub_date, is_bestseller, slug, title, image, description, price, discount, author_id) values (992, '2018/04/08', 0, 'book-fdy-944', 'Machine Girl, The (Kataude mashin gâru)', 'http://dummyimage.com/298x352.png/dddddd/000000', 'Ut at dolor quis odio consequat varius. Integer ac leo. Pellentesque ultrices mattis odio. Donec vitae nisi. Nam ultrices, libero non mattis pulvinar, nulla pede ullamcorper augue, a suscipit nulla elit ac nulla.', 2431, 0.23, 3);
insert into books (id, pub_date, is_bestseller, slug, title, image, description, price, discount, author_id) values (993, '2017/04/29', 1, 'book-mjj-641', 'Ponyo (Gake no ue no Ponyo)', 'http://dummyimage.com/421x484.png/dddddd/000000', 'Praesent id massa id nisl venenatis lacinia. Aenean sit amet justo. Morbi ut odio. Cras mi pede, malesuada in, imperdiet et, commodo vulputate, justo. In blandit ultrices enim.', 1794, 0.17, 8);
insert into books (id, pub_date, is_bestseller, slug, title, image, description, price, discount, author_id) values (994, '2013/10/25', 0, 'book-btl-504', 'Question of Silence, A (De stilte rond Christine M.)', 'http://dummyimage.com/320x317.png/dddddd/000000', 'Suspendisse accumsan tortor quis turpis. Sed ante. Vivamus tortor. Duis mattis egestas metus. Aenean fermentum. Donec ut mauris eget massa tempor convallis.', 1527, 0.23, 5);
insert into books (id, pub_date, is_bestseller, slug, title, image, description, price, discount, author_id) values (995, '2014/12/27', 1, 'book-ewn-646', 'Playing from the Plate (Grajacy z talerza)', 'http://dummyimage.com/501x385.png/5fa2dd/ffffff', 'Sed vel enim sit amet nunc viverra dapibus. Nulla suscipit ligula in lacus. Curabitur at ipsum ac tellus semper interdum. Mauris ullamcorper purus sit amet nulla. Quisque arcu libero, rutrum ac, lobortis vel, dapibus at, diam.', 2327, 0.2, 8);
insert into books (id, pub_date, is_bestseller, slug, title, image, description, price, discount, author_id) values (996, '2014/11/24', 1, 'book-khr-216', 'Shaolin Kung Fu Mystagogue (Da mo mi zong)', 'http://dummyimage.com/258x728.png/5fa2dd/ffffff', 'Duis mattis egestas metus. Aenean fermentum. Donec ut mauris eget massa tempor convallis. Nulla neque libero, convallis eget, eleifend luctus, ultricies eu, nibh. Quisque id justo sit amet sapien dignissim vestibulum. Vestibulum ante ipsum primis in faucibus orci luctus et ultrices posuere cubilia Curae; Nulla dapibus dolor vel est.', 1245, 0.4, 18);
insert into books (id, pub_date, is_bestseller, slug, title, image, description, price, discount, author_id) values (997, '2018/10/21', 1, 'book-zxw-135', 'Story of My Death', 'http://dummyimage.com/491x253.png/5fa2dd/ffffff', 'Vestibulum ante ipsum primis in faucibus orci luctus et ultrices posuere cubilia Curae; Duis faucibus accumsan odio. Curabitur convallis. Duis consequat dui nec nisi volutpat eleifend. Donec ut dolor. Morbi vel lectus in quam fringilla rhoncus. Mauris enim leo, rhoncus sed, vestibulum sit amet, cursus id, turpis.', 816, 0.48, 16);
insert into books (id, pub_date, is_bestseller, slug, title, image, description, price, discount, author_id) values (998, '2014/11/04', 0, 'book-nou-374', 'Redemption: For Robbing the Dead', 'http://dummyimage.com/724x363.png/5fa2dd/ffffff', 'Suspendisse potenti. In eleifend quam a odio. In hac habitasse platea dictumst. Maecenas ut massa quis augue luctus tincidunt. Nulla mollis molestie lorem.', 341, 0.45, 18);
insert into books (id, pub_date, is_bestseller, slug, title, image, description, price, discount, author_id) values (999, '2014/04/02', 0, 'book-mas-655', 'Misunderstood', 'http://dummyimage.com/785x363.png/dddddd/000000', 'Praesent blandit. Nam nulla. Integer pede justo, lacinia eget, tincidunt eget, tempus vel, pede. Morbi porttitor lorem id ligula. Suspendisse ornare consequat lectus. In est risus, auctor sed, tristique in, tempus sit amet, sem.', 383, 0.14, 10);
insert into books (id, pub_date, is_bestseller, slug, title, image, description, price, discount, author_id) values (1000, '2013/01/04', 0, 'book-zjr-047', 'Thomas Crown Affair, The', 'http://dummyimage.com/275x387.png/5fa2dd/ffffff', 'In blandit ultrices enim. Lorem ipsum dolor sit amet, consectetuer adipiscing elit. Proin interdum mauris non ligula pellentesque ultrices. Phasellus id sapien in sapien iaculis congue. Vivamus metus arcu, adipiscing molestie, hendrerit at, vulputate vitae, nisl. Aenean lectus.', 371, 0.26, 5);

insert into users (id, hash, regTime, balance, name) values (1, 'A9EVoj9Q', '2013/01/04', 5316, 'atebbut0');
insert into users (id, hash, regTime, balance, name) values (2, 'IIRWhIu3', '2013/01/04', 9332, 'tabden1');
insert into users (id, hash, regTime, balance, name) values (3, 'e7aGDsKp', '2013/01/04', 6832, 'sdybald2');
insert into users (id, hash, regTime, balance, name) values (4, '4kYcZyYW', '2013/01/04', 5107, 'drolling3');
insert into users (id, hash, regTime, balance, name) values (5, 'mIwPhSdK', '2013/01/04', 1793, 'llesslie4');
insert into users (id, hash, regTime, balance, name) values (6, 'O9L28oQc', '2013/01/04', 8548, 'wlimpertz5');
insert into users (id, hash, regTime, balance, name) values (7, 'JaLpLH3e', '2013/01/04', 5232, 'bcalven6');
insert into users (id, hash, regTime, balance, name) values (8, 'Y7o5lHQO', '2013/01/04', 7114, 'hcorrison7');
insert into users (id, hash, regTime, balance, name) values (9, 'V3aBtnxN', '2013/01/04', 5256, 'jfellgate8');
insert into users (id, hash, regTime, balance, name) values (10, 'eeTZexfW', '2013/01/04', 1138, 'mcorney9');
insert into users (id, hash, regTime, balance, name) values (11, 'gvcNC2RB', '2013/01/04', 5812, 'srehmea');
insert into users (id, hash, regTime, balance, name) values (12, '7RUEX3Tm', '2013/01/04', 7735, 'ilasseyb');
insert into users (id, hash, regTime, balance, name) values (13, '8mwoJ1td', '2013/01/04', 8957, 'tsemanc');
insert into users (id, hash, regTime, balance, name) values (14, 'mRrZKsA5', '2013/01/04', 5771, 'ttrevand');
insert into users (id, hash, regTime, balance, name) values (15, 'LPRkdS83', '2013/01/04', 8760, 'cbovise');
insert into users (id, hash, regTime, balance, name) values (16, 'w5tCA31Z', '2013/01/04', 9859, 'taldrenf');
insert into users (id, hash, regTime, balance, name) values (17, 'vzt4BYWa', '2013/01/04', 9256, 'ebirdsg');
insert into users (id, hash, regTime, balance, name) values (18, 'X9hGBfWV', '2013/01/04', 3396, 'thayseldenh');
insert into users (id, hash, regTime, balance, name) values (19, 'iYh2tG70', '2013/01/04', 2806, 'vtrewetti');
insert into users (id, hash, regTime, balance, name) values (20, 'fpxsB92D', '2013/01/04', 153, 'edikelinj');

insert into book2user_type (id, code, name) values (1, 'KEPT', 'Отложена');
insert into book2user_type (id, code, name) values (2, 'CART', 'В корзине');
insert into book2user_type (id, code, name) values (3, 'PAID', 'Куплена');
insert into book2user_type (id, code, name) values (4, 'ARCHIVED', 'В архиве');

insert into book2user (id, time, typeId, bookId, userId) values (1, '2021-09-07 02:44:05', 3, 455, 4);
insert into book2user (id, time, typeId, bookId, userId) values (2, '2022-06-12 17:47:59', 3, 290, 18);
insert into book2user (id, time, typeId, bookId, userId) values (3, '2020-07-23 06:17:43', 4, 90, 5);
insert into book2user (id, time, typeId, bookId, userId) values (4, '2020-03-31 23:27:05', 1, 572, 4);
insert into book2user (id, time, typeId, bookId, userId) values (5, '2020-05-03 22:14:35', 4, 26, 4);
insert into book2user (id, time, typeId, bookId, userId) values (6, '2021-02-12 12:04:48', 4, 459, 11);
insert into book2user (id, time, typeId, bookId, userId) values (7, '2022-07-05 00:42:01', 4, 436, 13);
insert into book2user (id, time, typeId, bookId, userId) values (8, '2022-03-30 10:23:49', 4, 80, 6);
insert into book2user (id, time, typeId, bookId, userId) values (9, '2020-05-04 23:02:57', 4, 548, 9);
insert into book2user (id, time, typeId, bookId, userId) values (10, '2019-12-06 11:57:32', 2, 283, 9);
insert into book2user (id, time, typeId, bookId, userId) values (11, '2020-08-25 13:52:31', 1, 601, 10);
insert into book2user (id, time, typeId, bookId, userId) values (12, '2020-08-20 13:20:34', 1, 883, 14);
insert into book2user (id, time, typeId, bookId, userId) values (13, '2022-03-06 13:31:42', 3, 353, 9);
insert into book2user (id, time, typeId, bookId, userId) values (14, '2021-09-14 23:11:13', 1, 853, 19);
insert into book2user (id, time, typeId, bookId, userId) values (15, '2019-11-24 01:49:50', 1, 993, 16);
insert into book2user (id, time, typeId, bookId, userId) values (16, '2020-04-20 12:03:45', 2, 876, 17);
insert into book2user (id, time, typeId, bookId, userId) values (17, '2020-02-07 17:05:03', 4, 764, 15);
insert into book2user (id, time, typeId, bookId, userId) values (18, '2022-08-03 18:50:37', 2, 202, 2);
insert into book2user (id, time, typeId, bookId, userId) values (19, '2021-04-25 15:34:13', 4, 232, 12);
insert into book2user (id, time, typeId, bookId, userId) values (20, '2022-07-19 18:58:42', 1, 915, 1);
insert into book2user (id, time, typeId, bookId, userId) values (21, '2020-09-03 13:13:15', 3, 868, 15);
insert into book2user (id, time, typeId, bookId, userId) values (22, '2022-07-10 04:04:59', 3, 343, 20);
insert into book2user (id, time, typeId, bookId, userId) values (23, '2022-09-21 05:25:16', 3, 345, 18);
insert into book2user (id, time, typeId, bookId, userId) values (24, '2021-05-13 02:28:58', 4, 524, 2);
insert into book2user (id, time, typeId, bookId, userId) values (25, '2021-06-10 18:55:54', 4, 759, 20);
insert into book2user (id, time, typeId, bookId, userId) values (26, '2022-08-16 02:33:42', 2, 850, 1);
insert into book2user (id, time, typeId, bookId, userId) values (27, '2021-06-29 02:01:26', 3, 642, 20);
insert into book2user (id, time, typeId, bookId, userId) values (28, '2021-02-12 12:48:12', 1, 969, 1);
insert into book2user (id, time, typeId, bookId, userId) values (29, '2022-05-05 04:49:59', 2, 708, 4);
insert into book2user (id, time, typeId, bookId, userId) values (30, '2021-09-04 04:39:50', 4, 458, 4);
insert into book2user (id, time, typeId, bookId, userId) values (31, '2022-04-06 00:28:29', 3, 196, 6);
insert into book2user (id, time, typeId, bookId, userId) values (32, '2022-09-25 20:02:47', 4, 421, 12);
insert into book2user (id, time, typeId, bookId, userId) values (33, '2019-11-17 00:41:23', 3, 596, 10);
insert into book2user (id, time, typeId, bookId, userId) values (34, '2022-09-06 22:20:57', 2, 980, 7);
insert into book2user (id, time, typeId, bookId, userId) values (35, '2020-05-26 04:53:12', 4, 250, 14);
insert into book2user (id, time, typeId, bookId, userId) values (36, '2021-04-23 01:32:18', 3, 768, 18);
insert into book2user (id, time, typeId, bookId, userId) values (37, '2019-12-25 16:57:34', 4, 760, 8);
insert into book2user (id, time, typeId, bookId, userId) values (38, '2022-01-19 11:00:22', 4, 732, 3);
insert into book2user (id, time, typeId, bookId, userId) values (39, '2020-07-21 21:36:49', 1, 787, 4);
insert into book2user (id, time, typeId, bookId, userId) values (40, '2021-11-22 07:41:54', 1, 383, 19);
insert into book2user (id, time, typeId, bookId, userId) values (41, '2021-11-28 00:29:04', 3, 491, 20);
insert into book2user (id, time, typeId, bookId, userId) values (42, '2022-05-09 21:44:45', 4, 8, 3);
insert into book2user (id, time, typeId, bookId, userId) values (43, '2021-12-16 11:10:10', 3, 137, 4);
insert into book2user (id, time, typeId, bookId, userId) values (44, '2021-05-24 12:24:41', 2, 946, 8);
insert into book2user (id, time, typeId, bookId, userId) values (45, '2020-09-23 00:56:36', 1, 840, 17);
insert into book2user (id, time, typeId, bookId, userId) values (46, '2020-01-15 14:19:56', 2, 330, 15);
insert into book2user (id, time, typeId, bookId, userId) values (47, '2021-04-17 04:19:35', 3, 498, 5);
insert into book2user (id, time, typeId, bookId, userId) values (48, '2022-09-06 01:57:43', 1, 858, 10);
insert into book2user (id, time, typeId, bookId, userId) values (49, '2021-10-13 02:34:10', 4, 490, 12);
insert into book2user (id, time, typeId, bookId, userId) values (50, '2020-09-11 13:36:36', 3, 79, 19);
insert into book2user (id, time, typeId, bookId, userId) values (51, '2020-01-21 16:26:25', 4, 543, 6);
insert into book2user (id, time, typeId, bookId, userId) values (52, '2020-12-14 11:02:40', 4, 715, 17);
insert into book2user (id, time, typeId, bookId, userId) values (53, '2021-07-31 17:25:33', 3, 823, 5);
insert into book2user (id, time, typeId, bookId, userId) values (54, '2020-04-01 18:45:02', 3, 990, 7);
insert into book2user (id, time, typeId, bookId, userId) values (55, '2020-08-13 01:01:09', 2, 64, 14);
insert into book2user (id, time, typeId, bookId, userId) values (56, '2022-04-24 18:44:28', 2, 798, 17);
insert into book2user (id, time, typeId, bookId, userId) values (57, '2020-06-24 12:39:58', 1, 776, 6);
insert into book2user (id, time, typeId, bookId, userId) values (58, '2021-09-10 00:16:41', 4, 643, 8);
insert into book2user (id, time, typeId, bookId, userId) values (59, '2021-02-07 13:41:49', 4, 304, 20);
insert into book2user (id, time, typeId, bookId, userId) values (60, '2020-12-17 19:12:14', 1, 687, 16);
insert into book2user (id, time, typeId, bookId, userId) values (61, '2020-08-02 19:18:06', 4, 981, 10);
insert into book2user (id, time, typeId, bookId, userId) values (62, '2022-01-23 00:57:59', 4, 788, 3);
insert into book2user (id, time, typeId, bookId, userId) values (63, '2021-08-10 05:06:36', 3, 429, 15);
insert into book2user (id, time, typeId, bookId, userId) values (64, '2021-01-14 19:07:14', 4, 410, 14);
insert into book2user (id, time, typeId, bookId, userId) values (65, '2021-07-03 17:06:11', 3, 450, 4);
insert into book2user (id, time, typeId, bookId, userId) values (66, '2020-07-02 14:47:21', 2, 776, 4);
insert into book2user (id, time, typeId, bookId, userId) values (67, '2020-08-08 21:58:05', 2, 385, 19);
insert into book2user (id, time, typeId, bookId, userId) values (68, '2022-08-10 04:18:20', 1, 140, 20);
insert into book2user (id, time, typeId, bookId, userId) values (69, '2022-02-12 17:42:37', 3, 659, 13);
insert into book2user (id, time, typeId, bookId, userId) values (70, '2020-02-24 15:48:47', 3, 663, 18);
insert into book2user (id, time, typeId, bookId, userId) values (71, '2021-08-03 16:32:58', 1, 50, 12);
insert into book2user (id, time, typeId, bookId, userId) values (72, '2019-10-23 20:35:29', 3, 790, 6);
insert into book2user (id, time, typeId, bookId, userId) values (73, '2022-05-08 05:15:41', 1, 374, 13);
insert into book2user (id, time, typeId, bookId, userId) values (74, '2022-03-02 01:25:42', 4, 123, 4);
insert into book2user (id, time, typeId, bookId, userId) values (75, '2021-08-19 19:38:36', 3, 714, 6);
insert into book2user (id, time, typeId, bookId, userId) values (76, '2021-03-16 13:44:47', 2, 851, 19);
insert into book2user (id, time, typeId, bookId, userId) values (77, '2020-07-22 07:02:59', 1, 993, 8);
insert into book2user (id, time, typeId, bookId, userId) values (78, '2022-02-17 08:37:37', 2, 221, 8);
insert into book2user (id, time, typeId, bookId, userId) values (79, '2020-11-20 22:46:09', 1, 103, 13);
insert into book2user (id, time, typeId, bookId, userId) values (80, '2020-03-21 17:34:12', 2, 307, 1);
insert into book2user (id, time, typeId, bookId, userId) values (81, '2021-02-20 12:33:32', 1, 881, 14);
insert into book2user (id, time, typeId, bookId, userId) values (82, '2021-11-30 06:37:00', 1, 389, 8);
insert into book2user (id, time, typeId, bookId, userId) values (83, '2021-02-11 16:47:30', 1, 134, 1);
insert into book2user (id, time, typeId, bookId, userId) values (84, '2022-03-30 07:19:13', 3, 673, 5);
insert into book2user (id, time, typeId, bookId, userId) values (85, '2021-01-08 05:02:46', 4, 698, 6);
insert into book2user (id, time, typeId, bookId, userId) values (86, '2022-05-30 08:24:18', 1, 409, 5);
insert into book2user (id, time, typeId, bookId, userId) values (87, '2020-11-04 09:55:00', 3, 190, 5);
insert into book2user (id, time, typeId, bookId, userId) values (88, '2021-06-02 15:55:24', 2, 584, 10);
insert into book2user (id, time, typeId, bookId, userId) values (89, '2021-09-22 06:24:02', 4, 47, 3);
insert into book2user (id, time, typeId, bookId, userId) values (90, '2021-09-07 19:50:29', 4, 307, 3);
insert into book2user (id, time, typeId, bookId, userId) values (91, '2022-08-24 14:50:31', 4, 491, 4);
insert into book2user (id, time, typeId, bookId, userId) values (92, '2020-08-07 20:22:20', 2, 252, 4);
insert into book2user (id, time, typeId, bookId, userId) values (93, '2021-10-24 14:13:42', 1, 34, 1);
insert into book2user (id, time, typeId, bookId, userId) values (94, '2019-11-19 02:57:10', 2, 923, 12);
insert into book2user (id, time, typeId, bookId, userId) values (95, '2021-05-31 19:51:42', 3, 608, 16);
insert into book2user (id, time, typeId, bookId, userId) values (96, '2022-06-22 09:59:16', 3, 623, 12);
insert into book2user (id, time, typeId, bookId, userId) values (97, '2021-12-28 22:33:17', 3, 730, 12);
insert into book2user (id, time, typeId, bookId, userId) values (98, '2021-08-06 16:07:26', 2, 365, 18);
insert into book2user (id, time, typeId, bookId, userId) values (99, '2020-03-30 04:15:51', 2, 811, 8);
insert into book2user (id, time, typeId, bookId, userId) values (100, '2020-10-25 12:48:27', 2, 778, 20);
insert into book2user (id, time, typeId, bookId, userId) values (101, '2021-09-17 07:50:55', 3, 543, 1);
insert into book2user (id, time, typeId, bookId, userId) values (102, '2020-10-01 08:01:24', 1, 154, 7);
insert into book2user (id, time, typeId, bookId, userId) values (103, '2021-06-20 09:48:19', 3, 240, 12);
insert into book2user (id, time, typeId, bookId, userId) values (104, '2020-08-17 17:49:51', 2, 588, 2);
insert into book2user (id, time, typeId, bookId, userId) values (105, '2021-01-08 01:40:12', 2, 452, 1);
insert into book2user (id, time, typeId, bookId, userId) values (106, '2021-01-02 09:09:14', 1, 413, 1);
insert into book2user (id, time, typeId, bookId, userId) values (107, '2020-08-16 12:55:54', 4, 499, 14);
insert into book2user (id, time, typeId, bookId, userId) values (108, '2022-05-25 11:32:59', 3, 349, 9);
insert into book2user (id, time, typeId, bookId, userId) values (109, '2022-04-22 21:08:38', 2, 226, 6);
insert into book2user (id, time, typeId, bookId, userId) values (110, '2021-11-03 03:16:21', 1, 414, 17);
insert into book2user (id, time, typeId, bookId, userId) values (111, '2020-08-11 07:03:15', 4, 758, 11);
insert into book2user (id, time, typeId, bookId, userId) values (112, '2021-12-22 15:24:54', 1, 949, 12);
insert into book2user (id, time, typeId, bookId, userId) values (113, '2022-09-03 05:50:49', 4, 856, 11);
insert into book2user (id, time, typeId, bookId, userId) values (114, '2021-07-07 12:00:12', 3, 674, 11);
insert into book2user (id, time, typeId, bookId, userId) values (115, '2021-11-20 07:42:36', 3, 371, 7);
insert into book2user (id, time, typeId, bookId, userId) values (116, '2021-05-27 18:27:47', 2, 810, 9);
insert into book2user (id, time, typeId, bookId, userId) values (117, '2019-10-12 07:53:35', 1, 253, 12);
insert into book2user (id, time, typeId, bookId, userId) values (118, '2020-09-13 22:18:56', 4, 211, 14);
insert into book2user (id, time, typeId, bookId, userId) values (119, '2022-07-11 13:56:41', 1, 455, 7);
insert into book2user (id, time, typeId, bookId, userId) values (120, '2021-04-15 09:21:45', 4, 780, 14);
insert into book2user (id, time, typeId, bookId, userId) values (121, '2021-10-26 13:28:02', 3, 407, 3);
insert into book2user (id, time, typeId, bookId, userId) values (122, '2020-11-17 10:35:12', 4, 839, 7);
insert into book2user (id, time, typeId, bookId, userId) values (123, '2021-03-23 06:41:50', 2, 224, 11);
insert into book2user (id, time, typeId, bookId, userId) values (124, '2021-10-22 21:24:29', 4, 628, 8);
insert into book2user (id, time, typeId, bookId, userId) values (125, '2022-03-12 04:10:23', 1, 193, 13);
insert into book2user (id, time, typeId, bookId, userId) values (126, '2020-08-18 02:58:08', 1, 558, 11);
insert into book2user (id, time, typeId, bookId, userId) values (127, '2020-06-17 16:25:04', 3, 32, 15);
insert into book2user (id, time, typeId, bookId, userId) values (128, '2021-12-06 05:06:16', 1, 534, 6);
insert into book2user (id, time, typeId, bookId, userId) values (129, '2021-11-01 19:04:57', 1, 263, 18);
insert into book2user (id, time, typeId, bookId, userId) values (130, '2019-10-20 04:48:27', 1, 657, 9);
insert into book2user (id, time, typeId, bookId, userId) values (131, '2021-04-28 23:25:35', 1, 106, 20);
insert into book2user (id, time, typeId, bookId, userId) values (132, '2020-07-14 12:01:17', 4, 602, 12);
insert into book2user (id, time, typeId, bookId, userId) values (133, '2021-03-14 06:17:39', 3, 870, 5);
insert into book2user (id, time, typeId, bookId, userId) values (134, '2021-12-27 10:17:37', 2, 882, 12);
insert into book2user (id, time, typeId, bookId, userId) values (135, '2019-12-18 11:25:29', 2, 549, 1);
insert into book2user (id, time, typeId, bookId, userId) values (136, '2020-02-01 07:08:49', 3, 966, 8);
insert into book2user (id, time, typeId, bookId, userId) values (137, '2021-12-27 03:24:47', 1, 934, 10);
insert into book2user (id, time, typeId, bookId, userId) values (138, '2021-09-09 06:28:08', 2, 921, 10);
insert into book2user (id, time, typeId, bookId, userId) values (139, '2019-12-23 12:36:00', 2, 462, 15);
insert into book2user (id, time, typeId, bookId, userId) values (140, '2021-04-15 17:31:18', 3, 803, 15);
insert into book2user (id, time, typeId, bookId, userId) values (141, '2022-06-09 08:54:29', 1, 215, 10);
insert into book2user (id, time, typeId, bookId, userId) values (142, '2019-12-20 16:36:51', 3, 22, 15);
insert into book2user (id, time, typeId, bookId, userId) values (143, '2020-06-17 11:16:43', 2, 557, 17);
insert into book2user (id, time, typeId, bookId, userId) values (144, '2021-04-15 05:23:59', 1, 86, 2);
insert into book2user (id, time, typeId, bookId, userId) values (145, '2022-09-26 18:13:58', 2, 444, 20);
insert into book2user (id, time, typeId, bookId, userId) values (146, '2020-09-17 16:34:52', 2, 728, 14);
insert into book2user (id, time, typeId, bookId, userId) values (147, '2019-10-09 18:23:51', 3, 337, 5);
insert into book2user (id, time, typeId, bookId, userId) values (148, '2022-08-16 14:08:02', 1, 170, 9);
insert into book2user (id, time, typeId, bookId, userId) values (149, '2021-08-04 15:05:16', 1, 210, 12);
insert into book2user (id, time, typeId, bookId, userId) values (150, '2021-08-26 08:32:27', 1, 522, 10);
insert into book2user (id, time, typeId, bookId, userId) values (151, '2022-05-31 04:28:22', 2, 398, 6);
insert into book2user (id, time, typeId, bookId, userId) values (152, '2020-07-06 20:59:12', 3, 373, 12);
insert into book2user (id, time, typeId, bookId, userId) values (153, '2019-10-15 12:50:57', 4, 558, 12);
insert into book2user (id, time, typeId, bookId, userId) values (154, '2021-06-22 16:44:53', 3, 990, 15);
insert into book2user (id, time, typeId, bookId, userId) values (155, '2022-02-04 00:02:55', 4, 333, 20);
insert into book2user (id, time, typeId, bookId, userId) values (156, '2021-05-03 21:07:31', 3, 219, 4);
insert into book2user (id, time, typeId, bookId, userId) values (157, '2021-01-22 23:18:33', 2, 452, 8);
insert into book2user (id, time, typeId, bookId, userId) values (158, '2022-04-01 20:21:23', 4, 850, 12);
insert into book2user (id, time, typeId, bookId, userId) values (159, '2022-09-14 21:02:51', 1, 35, 6);
insert into book2user (id, time, typeId, bookId, userId) values (160, '2020-05-05 06:37:40', 4, 54, 20);
insert into book2user (id, time, typeId, bookId, userId) values (161, '2022-09-18 06:13:07', 3, 628, 16);
insert into book2user (id, time, typeId, bookId, userId) values (162, '2020-06-11 22:25:27', 2, 983, 16);
insert into book2user (id, time, typeId, bookId, userId) values (163, '2022-09-03 06:22:02', 3, 974, 4);
insert into book2user (id, time, typeId, bookId, userId) values (164, '2022-01-26 11:30:07', 4, 687, 1);
insert into book2user (id, time, typeId, bookId, userId) values (165, '2020-06-24 02:15:12', 3, 622, 5);
insert into book2user (id, time, typeId, bookId, userId) values (166, '2022-06-09 19:40:58', 1, 410, 18);
insert into book2user (id, time, typeId, bookId, userId) values (167, '2020-02-27 14:07:00', 4, 892, 7);
insert into book2user (id, time, typeId, bookId, userId) values (168, '2021-11-04 11:14:48', 2, 370, 8);
insert into book2user (id, time, typeId, bookId, userId) values (169, '2020-09-17 01:27:42', 1, 56, 15);
insert into book2user (id, time, typeId, bookId, userId) values (170, '2020-05-28 01:34:48', 4, 724, 3);
insert into book2user (id, time, typeId, bookId, userId) values (171, '2022-07-11 15:43:58', 2, 271, 20);
insert into book2user (id, time, typeId, bookId, userId) values (172, '2020-10-12 09:23:16', 4, 378, 8);
insert into book2user (id, time, typeId, bookId, userId) values (173, '2020-05-12 01:36:48', 2, 533, 10);
insert into book2user (id, time, typeId, bookId, userId) values (174, '2020-05-05 13:44:48', 3, 700, 14);
insert into book2user (id, time, typeId, bookId, userId) values (175, '2020-01-18 10:21:13', 4, 675, 3);
insert into book2user (id, time, typeId, bookId, userId) values (176, '2021-01-10 07:20:16', 4, 523, 2);
insert into book2user (id, time, typeId, bookId, userId) values (177, '2022-03-25 07:57:10', 2, 37, 18);
insert into book2user (id, time, typeId, bookId, userId) values (178, '2021-08-01 19:36:26', 2, 707, 16);
insert into book2user (id, time, typeId, bookId, userId) values (179, '2022-01-17 23:54:04', 2, 238, 15);
insert into book2user (id, time, typeId, bookId, userId) values (180, '2021-09-29 20:36:21', 3, 446, 11);
insert into book2user (id, time, typeId, bookId, userId) values (181, '2022-09-16 21:20:00', 4, 979, 6);
insert into book2user (id, time, typeId, bookId, userId) values (182, '2021-09-12 17:47:12', 3, 633, 15);
insert into book2user (id, time, typeId, bookId, userId) values (183, '2021-09-18 20:44:59', 2, 417, 7);
insert into book2user (id, time, typeId, bookId, userId) values (184, '2021-12-17 19:26:44', 2, 342, 6);
insert into book2user (id, time, typeId, bookId, userId) values (185, '2020-07-20 14:34:01', 4, 389, 5);
insert into book2user (id, time, typeId, bookId, userId) values (186, '2021-12-22 14:24:55', 4, 50, 6);
insert into book2user (id, time, typeId, bookId, userId) values (187, '2020-09-01 23:51:17', 4, 628, 3);
insert into book2user (id, time, typeId, bookId, userId) values (188, '2021-07-23 03:34:52', 4, 954, 11);
insert into book2user (id, time, typeId, bookId, userId) values (189, '2020-07-25 19:47:30', 4, 558, 11);
insert into book2user (id, time, typeId, bookId, userId) values (190, '2021-06-09 16:14:34', 3, 855, 4);
insert into book2user (id, time, typeId, bookId, userId) values (191, '2020-03-15 19:36:05', 3, 50, 13);
insert into book2user (id, time, typeId, bookId, userId) values (192, '2020-02-27 08:05:59', 3, 599, 17);
insert into book2user (id, time, typeId, bookId, userId) values (193, '2020-06-02 01:56:39', 3, 851, 11);
insert into book2user (id, time, typeId, bookId, userId) values (194, '2020-04-28 16:51:53', 3, 643, 8);
insert into book2user (id, time, typeId, bookId, userId) values (195, '2020-09-10 14:55:44', 1, 495, 8);
insert into book2user (id, time, typeId, bookId, userId) values (196, '2020-03-04 03:32:12', 1, 860, 9);
insert into book2user (id, time, typeId, bookId, userId) values (197, '2019-11-04 07:02:12', 1, 648, 10);
insert into book2user (id, time, typeId, bookId, userId) values (198, '2020-10-29 01:50:50', 3, 952, 7);
insert into book2user (id, time, typeId, bookId, userId) values (199, '2022-03-06 09:23:03', 1, 736, 4);
insert into book2user (id, time, typeId, bookId, userId) values (200, '2019-12-25 22:00:00', 2, 115, 15);
insert into book2user (id, time, typeId, bookId, userId) values (201, '2022-09-03 21:37:35', 2, 338, 7);
insert into book2user (id, time, typeId, bookId, userId) values (202, '2020-01-10 08:29:56', 3, 557, 3);
insert into book2user (id, time, typeId, bookId, userId) values (203, '2019-11-12 11:07:38', 2, 462, 20);
insert into book2user (id, time, typeId, bookId, userId) values (204, '2020-02-02 08:46:26', 2, 821, 9);
insert into book2user (id, time, typeId, bookId, userId) values (205, '2021-10-05 20:43:47', 2, 266, 16);
insert into book2user (id, time, typeId, bookId, userId) values (206, '2019-10-12 05:15:22', 3, 809, 14);
insert into book2user (id, time, typeId, bookId, userId) values (207, '2021-07-02 20:34:49', 1, 10, 6);
insert into book2user (id, time, typeId, bookId, userId) values (208, '2019-11-22 16:22:35', 4, 218, 13);
insert into book2user (id, time, typeId, bookId, userId) values (209, '2021-05-17 06:33:11', 3, 147, 18);
insert into book2user (id, time, typeId, bookId, userId) values (210, '2021-01-07 19:43:38', 1, 809, 16);
insert into book2user (id, time, typeId, bookId, userId) values (211, '2020-05-20 11:18:04', 4, 732, 1);
insert into book2user (id, time, typeId, bookId, userId) values (212, '2021-04-28 02:27:11', 1, 915, 14);
insert into book2user (id, time, typeId, bookId, userId) values (213, '2021-05-31 20:01:13', 3, 859, 6);
insert into book2user (id, time, typeId, bookId, userId) values (214, '2022-02-17 11:01:01', 3, 274, 9);
insert into book2user (id, time, typeId, bookId, userId) values (215, '2022-02-01 13:30:44', 2, 425, 7);
insert into book2user (id, time, typeId, bookId, userId) values (216, '2019-12-31 23:34:15', 4, 29, 15);
insert into book2user (id, time, typeId, bookId, userId) values (217, '2020-02-11 11:40:56', 2, 774, 5);
insert into book2user (id, time, typeId, bookId, userId) values (218, '2020-06-15 03:33:25', 3, 194, 5);
insert into book2user (id, time, typeId, bookId, userId) values (219, '2022-03-13 23:25:05', 1, 160, 19);
insert into book2user (id, time, typeId, bookId, userId) values (220, '2021-07-05 08:16:56', 4, 743, 8);
insert into book2user (id, time, typeId, bookId, userId) values (221, '2022-04-29 20:08:33', 4, 633, 7);
insert into book2user (id, time, typeId, bookId, userId) values (222, '2019-12-14 07:54:06', 4, 729, 5);
insert into book2user (id, time, typeId, bookId, userId) values (223, '2020-08-31 09:45:32', 2, 915, 12);
insert into book2user (id, time, typeId, bookId, userId) values (224, '2022-02-23 13:55:32', 1, 159, 4);
insert into book2user (id, time, typeId, bookId, userId) values (225, '2021-11-27 10:09:19', 3, 900, 3);
insert into book2user (id, time, typeId, bookId, userId) values (226, '2019-11-22 05:43:25', 2, 426, 14);
insert into book2user (id, time, typeId, bookId, userId) values (227, '2022-01-21 05:13:51', 1, 870, 7);
insert into book2user (id, time, typeId, bookId, userId) values (228, '2020-08-24 02:10:49', 2, 855, 19);
insert into book2user (id, time, typeId, bookId, userId) values (229, '2022-08-21 12:34:04', 4, 157, 9);
insert into book2user (id, time, typeId, bookId, userId) values (230, '2022-06-08 05:13:02', 1, 48, 13);
insert into book2user (id, time, typeId, bookId, userId) values (231, '2020-08-05 06:09:51', 4, 277, 1);
insert into book2user (id, time, typeId, bookId, userId) values (232, '2020-03-19 07:04:10', 4, 395, 1);
insert into book2user (id, time, typeId, bookId, userId) values (233, '2021-05-10 09:05:37', 4, 573, 5);
insert into book2user (id, time, typeId, bookId, userId) values (234, '2021-09-12 23:02:10', 1, 549, 2);
insert into book2user (id, time, typeId, bookId, userId) values (235, '2020-10-01 22:09:12', 4, 8, 1);
insert into book2user (id, time, typeId, bookId, userId) values (236, '2021-02-23 06:26:19', 3, 347, 14);
insert into book2user (id, time, typeId, bookId, userId) values (237, '2019-11-18 01:34:14', 4, 260, 16);
insert into book2user (id, time, typeId, bookId, userId) values (238, '2020-09-28 20:19:20', 1, 215, 6);
insert into book2user (id, time, typeId, bookId, userId) values (239, '2019-11-10 22:44:22', 1, 818, 15);
insert into book2user (id, time, typeId, bookId, userId) values (240, '2021-05-11 10:57:14', 1, 909, 11);
insert into book2user (id, time, typeId, bookId, userId) values (241, '2019-11-13 11:25:35', 1, 196, 11);
insert into book2user (id, time, typeId, bookId, userId) values (242, '2021-01-08 13:54:24', 2, 593, 18);
insert into book2user (id, time, typeId, bookId, userId) values (243, '2020-01-28 13:38:59', 4, 877, 12);
insert into book2user (id, time, typeId, bookId, userId) values (244, '2021-07-12 13:03:33', 1, 632, 5);
insert into book2user (id, time, typeId, bookId, userId) values (245, '2022-07-08 05:00:55', 3, 79, 7);
insert into book2user (id, time, typeId, bookId, userId) values (246, '2019-11-25 17:13:08', 4, 516, 6);
insert into book2user (id, time, typeId, bookId, userId) values (247, '2021-08-09 05:08:38', 1, 579, 10);
insert into book2user (id, time, typeId, bookId, userId) values (248, '2019-12-31 08:46:15', 2, 820, 9);
insert into book2user (id, time, typeId, bookId, userId) values (249, '2022-08-24 20:06:07', 2, 528, 13);
insert into book2user (id, time, typeId, bookId, userId) values (250, '2021-08-31 15:42:30', 2, 373, 8);
insert into book2user (id, time, typeId, bookId, userId) values (251, '2020-03-24 05:49:56', 2, 192, 10);
insert into book2user (id, time, typeId, bookId, userId) values (252, '2020-10-01 08:42:40', 2, 759, 17);
insert into book2user (id, time, typeId, bookId, userId) values (253, '2021-04-07 22:56:51', 4, 756, 5);
insert into book2user (id, time, typeId, bookId, userId) values (254, '2019-12-24 11:33:07', 1, 504, 12);
insert into book2user (id, time, typeId, bookId, userId) values (255, '2020-11-05 07:22:14', 2, 33, 17);
insert into book2user (id, time, typeId, bookId, userId) values (256, '2020-10-18 08:55:47', 4, 251, 7);
insert into book2user (id, time, typeId, bookId, userId) values (257, '2021-03-19 17:11:58', 1, 517, 8);
insert into book2user (id, time, typeId, bookId, userId) values (258, '2022-01-26 23:53:29', 2, 387, 19);
insert into book2user (id, time, typeId, bookId, userId) values (259, '2022-06-05 21:25:42', 2, 351, 3);
insert into book2user (id, time, typeId, bookId, userId) values (260, '2020-06-09 07:35:38', 1, 248, 17);
insert into book2user (id, time, typeId, bookId, userId) values (261, '2022-07-16 06:54:06', 3, 240, 4);
insert into book2user (id, time, typeId, bookId, userId) values (262, '2019-12-13 02:11:04', 4, 390, 2);
insert into book2user (id, time, typeId, bookId, userId) values (263, '2021-02-18 00:24:45', 2, 430, 15);
insert into book2user (id, time, typeId, bookId, userId) values (264, '2020-09-13 23:24:17', 1, 191, 13);
insert into book2user (id, time, typeId, bookId, userId) values (265, '2021-02-13 06:51:09', 1, 703, 13);
insert into book2user (id, time, typeId, bookId, userId) values (266, '2020-12-14 15:38:56', 3, 428, 17);
insert into book2user (id, time, typeId, bookId, userId) values (267, '2022-04-12 04:10:31', 3, 579, 3);
insert into book2user (id, time, typeId, bookId, userId) values (268, '2019-11-23 04:17:59', 2, 708, 12);
insert into book2user (id, time, typeId, bookId, userId) values (269, '2021-01-11 00:37:26', 4, 322, 13);
insert into book2user (id, time, typeId, bookId, userId) values (270, '2021-04-08 01:23:24', 1, 412, 15);
insert into book2user (id, time, typeId, bookId, userId) values (271, '2022-03-11 06:38:52', 4, 693, 15);
insert into book2user (id, time, typeId, bookId, userId) values (272, '2020-11-07 10:00:07', 3, 509, 3);
insert into book2user (id, time, typeId, bookId, userId) values (273, '2021-04-14 05:05:26', 1, 513, 7);
insert into book2user (id, time, typeId, bookId, userId) values (274, '2020-11-25 20:30:23', 2, 677, 10);
insert into book2user (id, time, typeId, bookId, userId) values (275, '2020-05-16 23:53:39', 2, 772, 5);
insert into book2user (id, time, typeId, bookId, userId) values (276, '2022-05-06 10:49:08', 3, 969, 12);
insert into book2user (id, time, typeId, bookId, userId) values (277, '2021-09-05 23:36:46', 4, 874, 4);
insert into book2user (id, time, typeId, bookId, userId) values (278, '2021-04-28 22:45:01', 4, 4, 11);
insert into book2user (id, time, typeId, bookId, userId) values (279, '2021-10-20 23:15:07', 1, 366, 1);
insert into book2user (id, time, typeId, bookId, userId) values (280, '2021-04-29 08:08:37', 2, 648, 15);
insert into book2user (id, time, typeId, bookId, userId) values (281, '2021-12-30 07:15:17', 2, 67, 10);
insert into book2user (id, time, typeId, bookId, userId) values (282, '2022-02-16 12:54:54', 2, 165, 17);
insert into book2user (id, time, typeId, bookId, userId) values (283, '2020-08-13 01:08:26', 3, 922, 20);
insert into book2user (id, time, typeId, bookId, userId) values (284, '2019-12-20 23:04:50', 2, 633, 14);
insert into book2user (id, time, typeId, bookId, userId) values (285, '2021-01-24 14:14:04', 3, 616, 13);
insert into book2user (id, time, typeId, bookId, userId) values (286, '2020-12-05 21:04:19', 2, 423, 1);
insert into book2user (id, time, typeId, bookId, userId) values (287, '2020-06-07 05:34:32', 1, 450, 3);
insert into book2user (id, time, typeId, bookId, userId) values (288, '2019-10-18 07:48:41', 2, 179, 1);
insert into book2user (id, time, typeId, bookId, userId) values (289, '2020-02-13 14:57:09', 2, 611, 16);
insert into book2user (id, time, typeId, bookId, userId) values (290, '2020-03-11 07:09:38', 3, 872, 5);
insert into book2user (id, time, typeId, bookId, userId) values (291, '2021-04-15 16:04:41', 3, 871, 10);
insert into book2user (id, time, typeId, bookId, userId) values (292, '2021-09-19 12:52:34', 3, 646, 17);
insert into book2user (id, time, typeId, bookId, userId) values (293, '2020-06-19 06:33:56', 2, 457, 7);
insert into book2user (id, time, typeId, bookId, userId) values (294, '2021-05-28 22:14:53', 3, 95, 10);
insert into book2user (id, time, typeId, bookId, userId) values (295, '2020-01-24 11:24:57', 3, 819, 11);
insert into book2user (id, time, typeId, bookId, userId) values (296, '2022-05-06 02:57:42', 3, 760, 19);
insert into book2user (id, time, typeId, bookId, userId) values (297, '2021-07-13 13:32:04', 4, 723, 19);
insert into book2user (id, time, typeId, bookId, userId) values (298, '2021-04-03 22:04:57', 4, 456, 1);
insert into book2user (id, time, typeId, bookId, userId) values (299, '2019-11-10 10:07:10', 2, 774, 11);
insert into book2user (id, time, typeId, bookId, userId) values (300, '2022-04-28 17:55:37', 1, 501, 9);
insert into book2user (id, time, typeId, bookId, userId) values (301, '2020-12-21 19:45:14', 2, 731, 10);
insert into book2user (id, time, typeId, bookId, userId) values (302, '2021-11-29 23:01:16', 2, 777, 16);
insert into book2user (id, time, typeId, bookId, userId) values (303, '2021-08-24 20:11:34', 3, 601, 9);
insert into book2user (id, time, typeId, bookId, userId) values (304, '2022-05-08 13:25:52', 3, 831, 7);
insert into book2user (id, time, typeId, bookId, userId) values (305, '2020-09-21 17:15:08', 4, 774, 1);
insert into book2user (id, time, typeId, bookId, userId) values (306, '2021-05-23 16:05:29', 2, 686, 15);
insert into book2user (id, time, typeId, bookId, userId) values (307, '2021-01-08 22:09:02', 2, 456, 12);
insert into book2user (id, time, typeId, bookId, userId) values (308, '2020-07-24 16:20:10', 3, 147, 14);
insert into book2user (id, time, typeId, bookId, userId) values (309, '2022-09-26 15:23:12', 1, 345, 18);
insert into book2user (id, time, typeId, bookId, userId) values (310, '2022-06-27 06:29:28', 1, 821, 19);
insert into book2user (id, time, typeId, bookId, userId) values (311, '2020-12-08 14:02:06', 3, 970, 15);
insert into book2user (id, time, typeId, bookId, userId) values (312, '2019-10-04 17:49:16', 1, 168, 1);
insert into book2user (id, time, typeId, bookId, userId) values (313, '2020-01-27 02:57:24', 3, 299, 19);
insert into book2user (id, time, typeId, bookId, userId) values (314, '2021-08-09 01:51:05', 1, 770, 3);
insert into book2user (id, time, typeId, bookId, userId) values (315, '2022-03-24 07:09:09', 2, 419, 10);
insert into book2user (id, time, typeId, bookId, userId) values (316, '2020-06-13 02:58:35', 3, 628, 2);
insert into book2user (id, time, typeId, bookId, userId) values (317, '2022-04-29 07:43:21', 3, 93, 17);
insert into book2user (id, time, typeId, bookId, userId) values (318, '2019-12-06 12:14:07', 1, 544, 4);
insert into book2user (id, time, typeId, bookId, userId) values (319, '2021-08-15 21:12:30', 2, 989, 19);
insert into book2user (id, time, typeId, bookId, userId) values (320, '2022-08-07 19:21:43', 2, 553, 14);
insert into book2user (id, time, typeId, bookId, userId) values (321, '2022-09-04 23:11:42', 1, 479, 18);
insert into book2user (id, time, typeId, bookId, userId) values (322, '2020-12-13 00:22:10', 1, 493, 17);
insert into book2user (id, time, typeId, bookId, userId) values (323, '2022-03-02 21:21:48', 1, 118, 14);
insert into book2user (id, time, typeId, bookId, userId) values (324, '2020-08-08 15:43:49', 4, 930, 17);
insert into book2user (id, time, typeId, bookId, userId) values (325, '2021-07-04 20:57:38', 1, 508, 12);
insert into book2user (id, time, typeId, bookId, userId) values (326, '2022-03-30 00:54:15', 2, 202, 15);
insert into book2user (id, time, typeId, bookId, userId) values (327, '2020-11-11 20:04:00', 1, 499, 13);
insert into book2user (id, time, typeId, bookId, userId) values (328, '2020-08-18 16:08:53', 1, 727, 11);
insert into book2user (id, time, typeId, bookId, userId) values (329, '2021-05-23 01:56:29', 4, 844, 8);
insert into book2user (id, time, typeId, bookId, userId) values (330, '2021-06-30 14:44:31', 3, 966, 19);
insert into book2user (id, time, typeId, bookId, userId) values (331, '2022-03-10 14:38:51', 2, 482, 8);
insert into book2user (id, time, typeId, bookId, userId) values (332, '2019-12-29 01:54:30', 4, 74, 20);
insert into book2user (id, time, typeId, bookId, userId) values (333, '2020-04-06 05:39:47', 3, 919, 5);
insert into book2user (id, time, typeId, bookId, userId) values (334, '2021-07-30 16:54:16', 2, 423, 9);
insert into book2user (id, time, typeId, bookId, userId) values (335, '2021-11-06 16:44:35', 4, 209, 4);
insert into book2user (id, time, typeId, bookId, userId) values (336, '2022-01-07 23:11:42', 2, 640, 3);
insert into book2user (id, time, typeId, bookId, userId) values (337, '2021-02-23 15:23:50', 2, 348, 10);
insert into book2user (id, time, typeId, bookId, userId) values (338, '2021-09-27 14:44:37', 2, 449, 10);
insert into book2user (id, time, typeId, bookId, userId) values (339, '2020-10-08 20:46:20', 2, 154, 18);
insert into book2user (id, time, typeId, bookId, userId) values (340, '2020-02-28 11:43:42', 4, 163, 12);
insert into book2user (id, time, typeId, bookId, userId) values (341, '2021-01-04 06:55:38', 2, 846, 2);
insert into book2user (id, time, typeId, bookId, userId) values (342, '2022-01-08 21:34:53', 4, 2, 12);
insert into book2user (id, time, typeId, bookId, userId) values (343, '2020-05-14 17:08:36', 3, 860, 16);
insert into book2user (id, time, typeId, bookId, userId) values (344, '2020-11-23 05:55:06', 2, 918, 20);
insert into book2user (id, time, typeId, bookId, userId) values (345, '2021-10-08 21:37:26', 1, 529, 6);
insert into book2user (id, time, typeId, bookId, userId) values (346, '2022-01-10 20:42:05', 3, 880, 11);
insert into book2user (id, time, typeId, bookId, userId) values (347, '2021-09-21 05:46:32', 3, 745, 20);
insert into book2user (id, time, typeId, bookId, userId) values (348, '2021-04-13 11:49:42', 4, 509, 8);
insert into book2user (id, time, typeId, bookId, userId) values (349, '2020-10-30 12:37:05', 2, 433, 19);
insert into book2user (id, time, typeId, bookId, userId) values (350, '2021-12-09 18:22:45', 2, 716, 11);
insert into book2user (id, time, typeId, bookId, userId) values (351, '2021-07-24 10:09:07', 1, 696, 18);
insert into book2user (id, time, typeId, bookId, userId) values (352, '2022-06-08 21:02:52', 3, 53, 15);
insert into book2user (id, time, typeId, bookId, userId) values (353, '2019-11-21 11:47:25', 4, 580, 20);
insert into book2user (id, time, typeId, bookId, userId) values (354, '2021-12-28 18:17:29', 4, 28, 6);
insert into book2user (id, time, typeId, bookId, userId) values (355, '2020-03-04 07:34:39', 1, 164, 17);
insert into book2user (id, time, typeId, bookId, userId) values (356, '2021-07-23 19:54:04', 2, 171, 12);
insert into book2user (id, time, typeId, bookId, userId) values (357, '2022-02-02 07:22:45', 1, 51, 13);
insert into book2user (id, time, typeId, bookId, userId) values (358, '2022-03-01 11:44:59', 3, 698, 6);
insert into book2user (id, time, typeId, bookId, userId) values (359, '2019-11-05 16:21:01', 4, 909, 8);
insert into book2user (id, time, typeId, bookId, userId) values (360, '2022-05-13 12:10:14', 3, 701, 14);
insert into book2user (id, time, typeId, bookId, userId) values (361, '2020-06-12 03:59:40', 1, 111, 18);
insert into book2user (id, time, typeId, bookId, userId) values (362, '2022-05-02 04:05:48', 2, 5, 18);
insert into book2user (id, time, typeId, bookId, userId) values (363, '2022-07-21 10:54:24', 2, 532, 7);
insert into book2user (id, time, typeId, bookId, userId) values (364, '2021-06-10 05:31:07', 1, 579, 14);
insert into book2user (id, time, typeId, bookId, userId) values (365, '2021-08-21 14:29:20', 2, 378, 19);
insert into book2user (id, time, typeId, bookId, userId) values (366, '2021-08-03 15:47:24', 1, 907, 16);
insert into book2user (id, time, typeId, bookId, userId) values (367, '2021-12-09 11:25:53', 2, 998, 5);
insert into book2user (id, time, typeId, bookId, userId) values (368, '2021-06-06 13:57:21', 4, 230, 20);
insert into book2user (id, time, typeId, bookId, userId) values (369, '2021-07-03 07:42:18', 3, 727, 15);
insert into book2user (id, time, typeId, bookId, userId) values (370, '2020-09-08 07:13:50', 3, 702, 17);
insert into book2user (id, time, typeId, bookId, userId) values (371, '2020-05-07 16:49:56', 4, 553, 14);
insert into book2user (id, time, typeId, bookId, userId) values (372, '2020-07-14 09:29:59', 1, 492, 10);
insert into book2user (id, time, typeId, bookId, userId) values (373, '2019-11-16 03:31:28', 3, 759, 8);
insert into book2user (id, time, typeId, bookId, userId) values (374, '2021-07-07 02:38:03', 3, 378, 18);
insert into book2user (id, time, typeId, bookId, userId) values (375, '2020-01-13 16:40:15', 4, 558, 14);
insert into book2user (id, time, typeId, bookId, userId) values (376, '2022-09-01 10:52:04', 1, 947, 2);
insert into book2user (id, time, typeId, bookId, userId) values (377, '2021-10-15 03:07:44', 1, 221, 20);
insert into book2user (id, time, typeId, bookId, userId) values (378, '2021-02-28 16:59:16', 4, 735, 6);
insert into book2user (id, time, typeId, bookId, userId) values (379, '2019-11-15 11:54:41', 2, 492, 15);
insert into book2user (id, time, typeId, bookId, userId) values (380, '2019-12-21 17:05:47', 2, 640, 7);
insert into book2user (id, time, typeId, bookId, userId) values (381, '2021-12-05 01:23:33', 3, 80, 14);
insert into book2user (id, time, typeId, bookId, userId) values (382, '2021-11-28 23:14:54', 4, 906, 1);
insert into book2user (id, time, typeId, bookId, userId) values (383, '2022-06-02 16:53:45', 2, 537, 8);
insert into book2user (id, time, typeId, bookId, userId) values (384, '2022-06-25 04:24:48', 3, 539, 13);
insert into book2user (id, time, typeId, bookId, userId) values (385, '2020-08-24 05:18:46', 1, 693, 3);
insert into book2user (id, time, typeId, bookId, userId) values (386, '2022-09-28 07:39:22', 3, 282, 16);
insert into book2user (id, time, typeId, bookId, userId) values (387, '2021-09-16 05:14:38', 3, 956, 3);
insert into book2user (id, time, typeId, bookId, userId) values (388, '2022-09-21 18:07:25', 1, 683, 18);
insert into book2user (id, time, typeId, bookId, userId) values (389, '2021-11-08 04:27:11', 2, 593, 3);
insert into book2user (id, time, typeId, bookId, userId) values (390, '2022-04-15 10:45:16', 4, 598, 14);
insert into book2user (id, time, typeId, bookId, userId) values (391, '2020-10-01 08:25:54', 1, 491, 4);
insert into book2user (id, time, typeId, bookId, userId) values (392, '2020-05-07 21:54:36', 4, 488, 8);
insert into book2user (id, time, typeId, bookId, userId) values (393, '2022-01-05 15:00:57', 1, 528, 6);
insert into book2user (id, time, typeId, bookId, userId) values (394, '2021-07-07 01:55:18', 3, 196, 3);
insert into book2user (id, time, typeId, bookId, userId) values (395, '2021-11-20 12:11:55', 4, 738, 10);
insert into book2user (id, time, typeId, bookId, userId) values (396, '2019-12-05 15:23:48', 1, 624, 16);
insert into book2user (id, time, typeId, bookId, userId) values (397, '2020-02-23 14:02:25', 2, 226, 2);
insert into book2user (id, time, typeId, bookId, userId) values (398, '2021-04-14 21:03:56', 1, 668, 15);
insert into book2user (id, time, typeId, bookId, userId) values (399, '2019-11-19 06:10:42', 4, 215, 6);
insert into book2user (id, time, typeId, bookId, userId) values (400, '2021-07-11 04:34:36', 3, 884, 10);
insert into book2user (id, time, typeId, bookId, userId) values (401, '2022-09-20 14:16:42', 3, 476, 10);
insert into book2user (id, time, typeId, bookId, userId) values (402, '2020-06-18 05:04:44', 4, 219, 2);
insert into book2user (id, time, typeId, bookId, userId) values (403, '2021-03-15 17:23:07', 1, 294, 14);
insert into book2user (id, time, typeId, bookId, userId) values (404, '2022-03-21 22:28:18', 3, 365, 15);
insert into book2user (id, time, typeId, bookId, userId) values (405, '2019-12-30 22:05:40', 2, 120, 3);
insert into book2user (id, time, typeId, bookId, userId) values (406, '2020-11-12 11:00:27', 4, 31, 6);
insert into book2user (id, time, typeId, bookId, userId) values (407, '2020-06-23 20:22:12', 4, 469, 15);
insert into book2user (id, time, typeId, bookId, userId) values (408, '2021-01-14 05:21:39', 4, 907, 14);
insert into book2user (id, time, typeId, bookId, userId) values (409, '2022-05-25 14:45:10', 2, 985, 6);
insert into book2user (id, time, typeId, bookId, userId) values (410, '2021-07-06 21:13:04', 2, 456, 2);
insert into book2user (id, time, typeId, bookId, userId) values (411, '2021-03-21 03:25:05', 3, 396, 4);
insert into book2user (id, time, typeId, bookId, userId) values (412, '2022-09-19 20:08:57', 2, 852, 19);
insert into book2user (id, time, typeId, bookId, userId) values (413, '2021-08-28 00:48:30', 4, 462, 1);
insert into book2user (id, time, typeId, bookId, userId) values (414, '2022-03-08 05:18:11', 4, 938, 10);
insert into book2user (id, time, typeId, bookId, userId) values (415, '2020-08-15 00:37:13', 1, 79, 11);
insert into book2user (id, time, typeId, bookId, userId) values (416, '2022-02-01 17:43:08', 4, 330, 2);
insert into book2user (id, time, typeId, bookId, userId) values (417, '2022-08-06 15:37:16', 4, 133, 11);
insert into book2user (id, time, typeId, bookId, userId) values (418, '2021-09-26 18:23:11', 1, 318, 11);
insert into book2user (id, time, typeId, bookId, userId) values (419, '2019-12-22 19:19:27', 4, 593, 4);
insert into book2user (id, time, typeId, bookId, userId) values (420, '2022-03-01 08:55:10', 3, 108, 13);
insert into book2user (id, time, typeId, bookId, userId) values (421, '2020-03-26 05:09:33', 4, 574, 18);
insert into book2user (id, time, typeId, bookId, userId) values (422, '2020-06-15 22:28:50', 2, 850, 6);
insert into book2user (id, time, typeId, bookId, userId) values (423, '2022-02-19 18:25:37', 4, 777, 9);
insert into book2user (id, time, typeId, bookId, userId) values (424, '2021-04-26 09:12:59', 3, 138, 17);
insert into book2user (id, time, typeId, bookId, userId) values (425, '2021-12-19 01:15:28', 3, 789, 20);
insert into book2user (id, time, typeId, bookId, userId) values (426, '2022-02-15 15:09:08', 1, 610, 8);
insert into book2user (id, time, typeId, bookId, userId) values (427, '2020-11-23 01:24:50', 2, 428, 8);
insert into book2user (id, time, typeId, bookId, userId) values (428, '2019-12-08 20:37:17', 3, 113, 11);
insert into book2user (id, time, typeId, bookId, userId) values (429, '2022-08-10 06:17:05', 2, 698, 7);
insert into book2user (id, time, typeId, bookId, userId) values (430, '2021-04-09 19:13:15', 2, 134, 5);
insert into book2user (id, time, typeId, bookId, userId) values (431, '2021-11-06 03:36:50', 2, 494, 19);
insert into book2user (id, time, typeId, bookId, userId) values (432, '2021-11-01 04:32:22', 4, 984, 13);
insert into book2user (id, time, typeId, bookId, userId) values (433, '2021-10-14 06:17:05', 4, 158, 6);
insert into book2user (id, time, typeId, bookId, userId) values (434, '2022-06-10 12:48:28', 3, 969, 20);
insert into book2user (id, time, typeId, bookId, userId) values (435, '2022-03-08 16:49:32', 1, 215, 3);
insert into book2user (id, time, typeId, bookId, userId) values (436, '2019-11-10 05:04:02', 3, 393, 3);
insert into book2user (id, time, typeId, bookId, userId) values (437, '2022-05-01 01:10:34', 3, 454, 5);
insert into book2user (id, time, typeId, bookId, userId) values (438, '2020-10-14 10:00:19', 4, 761, 5);
insert into book2user (id, time, typeId, bookId, userId) values (439, '2022-06-14 04:15:34', 1, 841, 10);
insert into book2user (id, time, typeId, bookId, userId) values (440, '2022-02-26 13:48:46', 3, 857, 7);
insert into book2user (id, time, typeId, bookId, userId) values (441, '2020-07-02 10:26:09', 3, 45, 17);
insert into book2user (id, time, typeId, bookId, userId) values (442, '2020-01-14 20:58:39', 1, 644, 9);
insert into book2user (id, time, typeId, bookId, userId) values (443, '2020-06-11 13:58:33', 3, 165, 10);
insert into book2user (id, time, typeId, bookId, userId) values (444, '2020-02-22 12:59:04', 4, 766, 11);
insert into book2user (id, time, typeId, bookId, userId) values (445, '2021-03-24 20:21:53', 3, 102, 11);
insert into book2user (id, time, typeId, bookId, userId) values (446, '2022-05-01 20:21:17', 2, 745, 8);
insert into book2user (id, time, typeId, bookId, userId) values (447, '2021-10-07 05:10:25', 1, 609, 16);
insert into book2user (id, time, typeId, bookId, userId) values (448, '2021-11-02 08:28:27', 4, 913, 14);
insert into book2user (id, time, typeId, bookId, userId) values (449, '2020-12-24 12:21:57', 1, 136, 9);
insert into book2user (id, time, typeId, bookId, userId) values (450, '2021-04-24 15:52:44', 4, 726, 12);
insert into book2user (id, time, typeId, bookId, userId) values (451, '2022-06-21 21:06:12', 2, 721, 1);
insert into book2user (id, time, typeId, bookId, userId) values (452, '2020-10-13 17:40:08', 3, 969, 17);
insert into book2user (id, time, typeId, bookId, userId) values (453, '2020-11-27 08:04:53', 1, 890, 7);
insert into book2user (id, time, typeId, bookId, userId) values (454, '2021-07-28 02:36:08', 2, 291, 9);
insert into book2user (id, time, typeId, bookId, userId) values (455, '2021-09-10 08:52:22', 2, 931, 7);
insert into book2user (id, time, typeId, bookId, userId) values (456, '2019-10-14 12:44:14', 2, 238, 19);
insert into book2user (id, time, typeId, bookId, userId) values (457, '2022-05-02 03:22:43', 4, 862, 15);
insert into book2user (id, time, typeId, bookId, userId) values (458, '2020-04-25 20:42:17', 1, 962, 13);
insert into book2user (id, time, typeId, bookId, userId) values (459, '2021-01-24 07:12:14', 1, 570, 9);
insert into book2user (id, time, typeId, bookId, userId) values (460, '2021-11-06 02:55:08', 1, 137, 19);
insert into book2user (id, time, typeId, bookId, userId) values (461, '2021-03-27 20:51:27', 1, 747, 5);
insert into book2user (id, time, typeId, bookId, userId) values (462, '2019-11-05 07:05:22', 3, 686, 2);
insert into book2user (id, time, typeId, bookId, userId) values (463, '2020-12-18 21:28:01', 4, 172, 15);
insert into book2user (id, time, typeId, bookId, userId) values (464, '2019-11-24 06:22:20', 2, 75, 6);
insert into book2user (id, time, typeId, bookId, userId) values (465, '2021-08-27 03:56:12', 4, 689, 19);
insert into book2user (id, time, typeId, bookId, userId) values (466, '2020-03-19 07:50:04', 4, 449, 13);
insert into book2user (id, time, typeId, bookId, userId) values (467, '2021-11-04 02:02:48', 3, 249, 2);
insert into book2user (id, time, typeId, bookId, userId) values (468, '2019-12-28 01:14:06', 2, 246, 20);
insert into book2user (id, time, typeId, bookId, userId) values (469, '2022-09-08 22:31:32', 4, 556, 13);
insert into book2user (id, time, typeId, bookId, userId) values (470, '2022-01-02 12:01:38', 4, 567, 15);
insert into book2user (id, time, typeId, bookId, userId) values (471, '2021-07-07 22:36:12', 2, 958, 3);
insert into book2user (id, time, typeId, bookId, userId) values (472, '2020-04-14 03:54:55', 2, 276, 2);
insert into book2user (id, time, typeId, bookId, userId) values (473, '2020-02-18 02:59:41', 2, 672, 11);
insert into book2user (id, time, typeId, bookId, userId) values (474, '2021-02-21 13:26:34', 3, 922, 9);
insert into book2user (id, time, typeId, bookId, userId) values (475, '2020-01-25 22:45:09', 1, 484, 8);
insert into book2user (id, time, typeId, bookId, userId) values (476, '2021-12-21 01:51:26', 4, 560, 11);
insert into book2user (id, time, typeId, bookId, userId) values (477, '2022-08-23 03:08:26', 1, 175, 12);
insert into book2user (id, time, typeId, bookId, userId) values (478, '2020-01-17 09:21:15', 4, 494, 7);
insert into book2user (id, time, typeId, bookId, userId) values (479, '2019-11-08 15:00:13', 1, 523, 7);
insert into book2user (id, time, typeId, bookId, userId) values (480, '2020-12-07 22:34:50', 3, 102, 7);
insert into book2user (id, time, typeId, bookId, userId) values (481, '2021-04-17 17:39:17', 3, 368, 17);
insert into book2user (id, time, typeId, bookId, userId) values (482, '2020-04-12 12:08:01', 4, 864, 5);
insert into book2user (id, time, typeId, bookId, userId) values (483, '2020-02-22 15:49:00', 2, 766, 1);
insert into book2user (id, time, typeId, bookId, userId) values (484, '2020-07-04 19:38:55', 1, 172, 10);
insert into book2user (id, time, typeId, bookId, userId) values (485, '2022-09-04 21:59:50', 3, 116, 15);
insert into book2user (id, time, typeId, bookId, userId) values (486, '2020-01-01 10:35:35', 1, 778, 2);
insert into book2user (id, time, typeId, bookId, userId) values (487, '2021-10-27 17:58:27', 4, 430, 6);
insert into book2user (id, time, typeId, bookId, userId) values (488, '2020-10-10 12:17:55', 3, 750, 17);
insert into book2user (id, time, typeId, bookId, userId) values (489, '2022-02-05 17:27:39', 3, 476, 17);
insert into book2user (id, time, typeId, bookId, userId) values (490, '2021-10-10 17:28:12', 3, 154, 17);
insert into book2user (id, time, typeId, bookId, userId) values (491, '2022-08-04 03:37:25', 2, 69, 19);
insert into book2user (id, time, typeId, bookId, userId) values (492, '2020-05-03 04:56:26', 4, 957, 14);
insert into book2user (id, time, typeId, bookId, userId) values (493, '2021-11-01 17:58:57', 1, 541, 17);
insert into book2user (id, time, typeId, bookId, userId) values (494, '2021-12-25 06:59:53', 3, 303, 5);
insert into book2user (id, time, typeId, bookId, userId) values (495, '2020-07-10 14:49:53', 4, 581, 12);
insert into book2user (id, time, typeId, bookId, userId) values (496, '2021-03-22 22:32:03', 3, 772, 20);
insert into book2user (id, time, typeId, bookId, userId) values (497, '2020-04-10 13:45:20', 4, 725, 14);
insert into book2user (id, time, typeId, bookId, userId) values (498, '2020-03-03 08:54:14', 2, 643, 15);
insert into book2user (id, time, typeId, bookId, userId) values (499, '2022-03-16 20:26:41', 3, 858, 11);
insert into book2user (id, time, typeId, bookId, userId) values (500, '2021-04-22 23:39:38', 3, 151, 6);


insert into tags (id, name) values (1, 'nibh');
insert into tags (id, name) values (2, 'vestibulum');
insert into tags (id, name) values (3, 'placerat');
insert into tags (id, name) values (4, 'montes');
insert into tags (id, name) values (5, 'elit');
insert into tags (id, name) values (6, 'mattis');
insert into tags (id, name) values (7, 'sed augue');
insert into tags (id, name) values (8, 'etiam vel');
insert into tags (id, name) values (9, 'justo lacinia');
insert into tags (id, name) values (10, 'et');
insert into tags (id, name) values (11, 'erat');
insert into tags (id, name) values (12, 'dictumst maecenas');
insert into tags (id, name) values (13, 'cubilia curae');
insert into tags (id, name) values (14, 'nunc proin');
insert into tags (id, name) values (15, 'non mi');
insert into tags (id, name) values (16, 'dignissim');
insert into tags (id, name) values (17, 'lectus');
insert into tags (id, name) values (18, 'erat');
insert into tags (id, name) values (19, 'at');
insert into tags (id, name) values (20, 'ipsum');
insert into tags (id, name) values (21, 'et');
insert into tags (id, name) values (22, 'metus');
insert into tags (id, name) values (23, 'libero nam');
insert into tags (id, name) values (24, 'tellus');
insert into tags (id, name) values (25, 'vestibulum');
insert into tags (id, name) values (26, 'sapien');
insert into tags (id, name) values (27, 'non interdum');
insert into tags (id, name) values (28, 'curabitur');
insert into tags (id, name) values (29, 'porttitor');
insert into tags (id, name) values (30, 'eros viverra');
insert into tags (id, name) values (31, 'amet nunc');
insert into tags (id, name) values (32, 'augue vestibulum');
insert into tags (id, name) values (33, 'ac neque');
insert into tags (id, name) values (34, 'quam');
insert into tags (id, name) values (35, 'luctus et');
insert into tags (id, name) values (36, 'augue vestibulum');
insert into tags (id, name) values (37, 'est');
insert into tags (id, name) values (38, 'in hac');
insert into tags (id, name) values (39, 'sit');
insert into tags (id, name) values (40, 'a');

insert into book2tag (book_id, tag_id) values (76, 13);
insert into book2tag (book_id, tag_id) values (266, 27);
insert into book2tag (book_id, tag_id) values (585, 33);
insert into book2tag (book_id, tag_id) values (956, 30);
insert into book2tag (book_id, tag_id) values (71, 40);
insert into book2tag (book_id, tag_id) values (147, 35);
insert into book2tag (book_id, tag_id) values (91, 34);
insert into book2tag (book_id, tag_id) values (666, 14);
insert into book2tag (book_id, tag_id) values (838, 29);
insert into book2tag (book_id, tag_id) values (424, 14);
insert into book2tag (book_id, tag_id) values (413, 5);
insert into book2tag (book_id, tag_id) values (648, 8);
insert into book2tag (book_id, tag_id) values (208, 3);
insert into book2tag (book_id, tag_id) values (136, 39);
insert into book2tag (book_id, tag_id) values (8, 21);
insert into book2tag (book_id, tag_id) values (135, 20);
insert into book2tag (book_id, tag_id) values (888, 28);
insert into book2tag (book_id, tag_id) values (342, 19);
insert into book2tag (book_id, tag_id) values (306, 16);
insert into book2tag (book_id, tag_id) values (23, 28);
insert into book2tag (book_id, tag_id) values (330, 28);
insert into book2tag (book_id, tag_id) values (217, 25);
insert into book2tag (book_id, tag_id) values (509, 3);
insert into book2tag (book_id, tag_id) values (224, 12);
insert into book2tag (book_id, tag_id) values (100, 7);
insert into book2tag (book_id, tag_id) values (465, 4);
insert into book2tag (book_id, tag_id) values (519, 16);
insert into book2tag (book_id, tag_id) values (51, 27);
insert into book2tag (book_id, tag_id) values (579, 16);
insert into book2tag (book_id, tag_id) values (914, 23);
insert into book2tag (book_id, tag_id) values (355, 12);
insert into book2tag (book_id, tag_id) values (147, 28);
insert into book2tag (book_id, tag_id) values (160, 13);
insert into book2tag (book_id, tag_id) values (656, 31);
insert into book2tag (book_id, tag_id) values (979, 16);
insert into book2tag (book_id, tag_id) values (545, 39);
insert into book2tag (book_id, tag_id) values (836, 34);
insert into book2tag (book_id, tag_id) values (468, 38);
insert into book2tag (book_id, tag_id) values (442, 4);
insert into book2tag (book_id, tag_id) values (804, 20);
insert into book2tag (book_id, tag_id) values (430, 4);
insert into book2tag (book_id, tag_id) values (197, 4);
insert into book2tag (book_id, tag_id) values (261, 37);
insert into book2tag (book_id, tag_id) values (434, 7);
insert into book2tag (book_id, tag_id) values (98, 29);
insert into book2tag (book_id, tag_id) values (639, 15);
insert into book2tag (book_id, tag_id) values (656, 26);
insert into book2tag (book_id, tag_id) values (623, 12);
insert into book2tag (book_id, tag_id) values (406, 25);
insert into book2tag (book_id, tag_id) values (347, 26);
insert into book2tag (book_id, tag_id) values (1000, 18);
insert into book2tag (book_id, tag_id) values (584, 38);
insert into book2tag (book_id, tag_id) values (40, 39);
insert into book2tag (book_id, tag_id) values (763, 13);
insert into book2tag (book_id, tag_id) values (912, 35);
insert into book2tag (book_id, tag_id) values (230, 7);
insert into book2tag (book_id, tag_id) values (331, 21);
insert into book2tag (book_id, tag_id) values (474, 23);
insert into book2tag (book_id, tag_id) values (880, 28);
insert into book2tag (book_id, tag_id) values (556, 13);
insert into book2tag (book_id, tag_id) values (724, 20);
insert into book2tag (book_id, tag_id) values (785, 22);
insert into book2tag (book_id, tag_id) values (425, 23);
insert into book2tag (book_id, tag_id) values (397, 34);
insert into book2tag (book_id, tag_id) values (590, 25);
insert into book2tag (book_id, tag_id) values (651, 19);
insert into book2tag (book_id, tag_id) values (2, 18);
insert into book2tag (book_id, tag_id) values (263, 25);
insert into book2tag (book_id, tag_id) values (582, 38);
insert into book2tag (book_id, tag_id) values (418, 21);
insert into book2tag (book_id, tag_id) values (417, 24);
insert into book2tag (book_id, tag_id) values (601, 13);
insert into book2tag (book_id, tag_id) values (925, 7);
insert into book2tag (book_id, tag_id) values (155, 35);
insert into book2tag (book_id, tag_id) values (144, 21);
insert into book2tag (book_id, tag_id) values (836, 30);
insert into book2tag (book_id, tag_id) values (901, 20);
insert into book2tag (book_id, tag_id) values (888, 19);
insert into book2tag (book_id, tag_id) values (875, 18);
insert into book2tag (book_id, tag_id) values (649, 8);
insert into book2tag (book_id, tag_id) values (333, 34);
insert into book2tag (book_id, tag_id) values (609, 31);
insert into book2tag (book_id, tag_id) values (950, 8);
insert into book2tag (book_id, tag_id) values (623, 22);
insert into book2tag (book_id, tag_id) values (565, 37);
insert into book2tag (book_id, tag_id) values (939, 13);
insert into book2tag (book_id, tag_id) values (316, 38);
insert into book2tag (book_id, tag_id) values (18, 36);
insert into book2tag (book_id, tag_id) values (168, 3);
insert into book2tag (book_id, tag_id) values (606, 36);
insert into book2tag (book_id, tag_id) values (652, 5);
insert into book2tag (book_id, tag_id) values (489, 7);
insert into book2tag (book_id, tag_id) values (317, 36);
insert into book2tag (book_id, tag_id) values (710, 22);
insert into book2tag (book_id, tag_id) values (952, 20);
insert into book2tag (book_id, tag_id) values (937, 35);
insert into book2tag (book_id, tag_id) values (161, 40);
insert into book2tag (book_id, tag_id) values (388, 33);
insert into book2tag (book_id, tag_id) values (648, 27);
insert into book2tag (book_id, tag_id) values (729, 5);
insert into book2tag (book_id, tag_id) values (722, 17);
insert into book2tag (book_id, tag_id) values (591, 10);
insert into book2tag (book_id, tag_id) values (515, 23);
insert into book2tag (book_id, tag_id) values (777, 22);
insert into book2tag (book_id, tag_id) values (983, 5);
insert into book2tag (book_id, tag_id) values (261, 22);
insert into book2tag (book_id, tag_id) values (137, 36);
insert into book2tag (book_id, tag_id) values (998, 34);
insert into book2tag (book_id, tag_id) values (793, 19);
insert into book2tag (book_id, tag_id) values (942, 27);
insert into book2tag (book_id, tag_id) values (256, 36);
insert into book2tag (book_id, tag_id) values (970, 18);
insert into book2tag (book_id, tag_id) values (614, 17);
insert into book2tag (book_id, tag_id) values (443, 14);
insert into book2tag (book_id, tag_id) values (32, 21);
insert into book2tag (book_id, tag_id) values (688, 26);
insert into book2tag (book_id, tag_id) values (827, 9);
insert into book2tag (book_id, tag_id) values (75, 32);
insert into book2tag (book_id, tag_id) values (892, 27);
insert into book2tag (book_id, tag_id) values (212, 39);
insert into book2tag (book_id, tag_id) values (197, 15);
insert into book2tag (book_id, tag_id) values (647, 12);
insert into book2tag (book_id, tag_id) values (376, 21);
insert into book2tag (book_id, tag_id) values (982, 22);
insert into book2tag (book_id, tag_id) values (621, 35);
insert into book2tag (book_id, tag_id) values (805, 19);
insert into book2tag (book_id, tag_id) values (474, 33);
insert into book2tag (book_id, tag_id) values (173, 31);
insert into book2tag (book_id, tag_id) values (313, 31);
insert into book2tag (book_id, tag_id) values (839, 9);
insert into book2tag (book_id, tag_id) values (288, 37);
insert into book2tag (book_id, tag_id) values (673, 4);
insert into book2tag (book_id, tag_id) values (606, 27);
insert into book2tag (book_id, tag_id) values (272, 3);
insert into book2tag (book_id, tag_id) values (101, 38);
insert into book2tag (book_id, tag_id) values (600, 26);
insert into book2tag (book_id, tag_id) values (854, 28);
insert into book2tag (book_id, tag_id) values (274, 22);
insert into book2tag (book_id, tag_id) values (623, 4);
insert into book2tag (book_id, tag_id) values (361, 25);
insert into book2tag (book_id, tag_id) values (952, 36);
insert into book2tag (book_id, tag_id) values (964, 32);
insert into book2tag (book_id, tag_id) values (85, 10);
insert into book2tag (book_id, tag_id) values (882, 9);
insert into book2tag (book_id, tag_id) values (935, 9);
insert into book2tag (book_id, tag_id) values (143, 28);
insert into book2tag (book_id, tag_id) values (532, 29);
insert into book2tag (book_id, tag_id) values (796, 34);
insert into book2tag (book_id, tag_id) values (367, 8);
insert into book2tag (book_id, tag_id) values (198, 4);
insert into book2tag (book_id, tag_id) values (678, 27);
insert into book2tag (book_id, tag_id) values (15, 9);
insert into book2tag (book_id, tag_id) values (117, 7);
insert into book2tag (book_id, tag_id) values (362, 3);
insert into book2tag (book_id, tag_id) values (860, 12);
insert into book2tag (book_id, tag_id) values (304, 10);
insert into book2tag (book_id, tag_id) values (676, 28);
insert into book2tag (book_id, tag_id) values (439, 38);
insert into book2tag (book_id, tag_id) values (971, 23);
insert into book2tag (book_id, tag_id) values (812, 31);
insert into book2tag (book_id, tag_id) values (563, 14);
insert into book2tag (book_id, tag_id) values (707, 14);
insert into book2tag (book_id, tag_id) values (843, 6);
insert into book2tag (book_id, tag_id) values (260, 33);
insert into book2tag (book_id, tag_id) values (643, 21);
insert into book2tag (book_id, tag_id) values (581, 13);
insert into book2tag (book_id, tag_id) values (878, 34);
insert into book2tag (book_id, tag_id) values (501, 31);
insert into book2tag (book_id, tag_id) values (782, 35);
insert into book2tag (book_id, tag_id) values (771, 7);
insert into book2tag (book_id, tag_id) values (103, 10);
insert into book2tag (book_id, tag_id) values (917, 33);
insert into book2tag (book_id, tag_id) values (500, 28);
insert into book2tag (book_id, tag_id) values (327, 12);
insert into book2tag (book_id, tag_id) values (783, 10);
insert into book2tag (book_id, tag_id) values (595, 21);
insert into book2tag (book_id, tag_id) values (697, 37);
insert into book2tag (book_id, tag_id) values (615, 19);
insert into book2tag (book_id, tag_id) values (519, 8);
insert into book2tag (book_id, tag_id) values (419, 14);
insert into book2tag (book_id, tag_id) values (778, 38);
insert into book2tag (book_id, tag_id) values (810, 35);
insert into book2tag (book_id, tag_id) values (351, 1);
insert into book2tag (book_id, tag_id) values (115, 15);
insert into book2tag (book_id, tag_id) values (635, 35);
insert into book2tag (book_id, tag_id) values (297, 6);
insert into book2tag (book_id, tag_id) values (271, 25);
insert into book2tag (book_id, tag_id) values (437, 2);
insert into book2tag (book_id, tag_id) values (731, 6);
insert into book2tag (book_id, tag_id) values (146, 10);
insert into book2tag (book_id, tag_id) values (155, 39);
insert into book2tag (book_id, tag_id) values (26, 20);
insert into book2tag (book_id, tag_id) values (100, 21);
insert into book2tag (book_id, tag_id) values (635, 37);
insert into book2tag (book_id, tag_id) values (31, 35);
insert into book2tag (book_id, tag_id) values (266, 7);
insert into book2tag (book_id, tag_id) values (379, 9);
insert into book2tag (book_id, tag_id) values (560, 36);
insert into book2tag (book_id, tag_id) values (3, 4);
insert into book2tag (book_id, tag_id) values (261, 26);
insert into book2tag (book_id, tag_id) values (292, 21);
insert into book2tag (book_id, tag_id) values (936, 37);
insert into book2tag (book_id, tag_id) values (244, 36);
insert into book2tag (book_id, tag_id) values (535, 21);
insert into book2tag (book_id, tag_id) values (868, 18);
insert into book2tag (book_id, tag_id) values (269, 32);
insert into book2tag (book_id, tag_id) values (698, 16);
insert into book2tag (book_id, tag_id) values (543, 27);
insert into book2tag (book_id, tag_id) values (968, 32);
insert into book2tag (book_id, tag_id) values (667, 40);
insert into book2tag (book_id, tag_id) values (332, 5);
insert into book2tag (book_id, tag_id) values (602, 23);
insert into book2tag (book_id, tag_id) values (795, 37);
insert into book2tag (book_id, tag_id) values (786, 38);
insert into book2tag (book_id, tag_id) values (940, 13);
insert into book2tag (book_id, tag_id) values (914, 5);
insert into book2tag (book_id, tag_id) values (648, 20);
insert into book2tag (book_id, tag_id) values (868, 11);
insert into book2tag (book_id, tag_id) values (411, 26);
insert into book2tag (book_id, tag_id) values (691, 14);
insert into book2tag (book_id, tag_id) values (759, 28);
insert into book2tag (book_id, tag_id) values (939, 25);
insert into book2tag (book_id, tag_id) values (577, 20);
insert into book2tag (book_id, tag_id) values (928, 40);
insert into book2tag (book_id, tag_id) values (778, 13);
insert into book2tag (book_id, tag_id) values (614, 33);
insert into book2tag (book_id, tag_id) values (12, 25);
insert into book2tag (book_id, tag_id) values (720, 29);
insert into book2tag (book_id, tag_id) values (970, 33);
insert into book2tag (book_id, tag_id) values (294, 15);
insert into book2tag (book_id, tag_id) values (362, 2);
insert into book2tag (book_id, tag_id) values (718, 13);
insert into book2tag (book_id, tag_id) values (347, 33);
insert into book2tag (book_id, tag_id) values (594, 31);
insert into book2tag (book_id, tag_id) values (258, 21);
insert into book2tag (book_id, tag_id) values (554, 28);
insert into book2tag (book_id, tag_id) values (621, 26);
insert into book2tag (book_id, tag_id) values (393, 13);
insert into book2tag (book_id, tag_id) values (487, 40);
insert into book2tag (book_id, tag_id) values (854, 38);
insert into book2tag (book_id, tag_id) values (437, 31);
insert into book2tag (book_id, tag_id) values (438, 12);
insert into book2tag (book_id, tag_id) values (713, 28);
insert into book2tag (book_id, tag_id) values (187, 7);
insert into book2tag (book_id, tag_id) values (689, 29);
insert into book2tag (book_id, tag_id) values (795, 32);
insert into book2tag (book_id, tag_id) values (577, 12);
insert into book2tag (book_id, tag_id) values (756, 15);
insert into book2tag (book_id, tag_id) values (967, 38);
insert into book2tag (book_id, tag_id) values (577, 39);
insert into book2tag (book_id, tag_id) values (280, 7);
insert into book2tag (book_id, tag_id) values (676, 39);
insert into book2tag (book_id, tag_id) values (216, 26);
insert into book2tag (book_id, tag_id) values (908, 34);
insert into book2tag (book_id, tag_id) values (328, 14);
insert into book2tag (book_id, tag_id) values (701, 39);
insert into book2tag (book_id, tag_id) values (5, 8);
insert into book2tag (book_id, tag_id) values (913, 13);
insert into book2tag (book_id, tag_id) values (778, 17);
insert into book2tag (book_id, tag_id) values (969, 24);
insert into book2tag (book_id, tag_id) values (841, 36);
insert into book2tag (book_id, tag_id) values (456, 33);
insert into book2tag (book_id, tag_id) values (142, 4);
insert into book2tag (book_id, tag_id) values (647, 24);
insert into book2tag (book_id, tag_id) values (873, 16);
insert into book2tag (book_id, tag_id) values (303, 35);
insert into book2tag (book_id, tag_id) values (402, 26);
insert into book2tag (book_id, tag_id) values (713, 16);
insert into book2tag (book_id, tag_id) values (103, 14);
insert into book2tag (book_id, tag_id) values (404, 10);
insert into book2tag (book_id, tag_id) values (186, 40);
insert into book2tag (book_id, tag_id) values (854, 27);
insert into book2tag (book_id, tag_id) values (47, 39);
insert into book2tag (book_id, tag_id) values (316, 38);
insert into book2tag (book_id, tag_id) values (249, 9);
insert into book2tag (book_id, tag_id) values (686, 34);
insert into book2tag (book_id, tag_id) values (729, 19);
insert into book2tag (book_id, tag_id) values (254, 25);
insert into book2tag (book_id, tag_id) values (674, 16);
insert into book2tag (book_id, tag_id) values (292, 13);
insert into book2tag (book_id, tag_id) values (789, 14);
insert into book2tag (book_id, tag_id) values (751, 1);
insert into book2tag (book_id, tag_id) values (143, 11);
insert into book2tag (book_id, tag_id) values (780, 22);
insert into book2tag (book_id, tag_id) values (8, 2);
insert into book2tag (book_id, tag_id) values (602, 18);
insert into book2tag (book_id, tag_id) values (720, 7);
insert into book2tag (book_id, tag_id) values (718, 23);
insert into book2tag (book_id, tag_id) values (595, 11);
insert into book2tag (book_id, tag_id) values (962, 8);
insert into book2tag (book_id, tag_id) values (495, 10);
insert into book2tag (book_id, tag_id) values (806, 7);
insert into book2tag (book_id, tag_id) values (469, 21);
insert into book2tag (book_id, tag_id) values (523, 32);
insert into book2tag (book_id, tag_id) values (9, 22);
insert into book2tag (book_id, tag_id) values (701, 25);
insert into book2tag (book_id, tag_id) values (642, 35);
insert into book2tag (book_id, tag_id) values (778, 19);
insert into book2tag (book_id, tag_id) values (512, 25);
insert into book2tag (book_id, tag_id) values (24, 1);
insert into book2tag (book_id, tag_id) values (583, 36);
insert into book2tag (book_id, tag_id) values (958, 14);
insert into book2tag (book_id, tag_id) values (521, 4);
insert into book2tag (book_id, tag_id) values (668, 1);
insert into book2tag (book_id, tag_id) values (643, 15);
insert into book2tag (book_id, tag_id) values (113, 6);
insert into book2tag (book_id, tag_id) values (508, 29);
insert into book2tag (book_id, tag_id) values (660, 10);
insert into book2tag (book_id, tag_id) values (267, 38);
insert into book2tag (book_id, tag_id) values (68, 28);
insert into book2tag (book_id, tag_id) values (594, 10);
insert into book2tag (book_id, tag_id) values (960, 15);
insert into book2tag (book_id, tag_id) values (537, 10);
insert into book2tag (book_id, tag_id) values (816, 17);
insert into book2tag (book_id, tag_id) values (161, 40);
insert into book2tag (book_id, tag_id) values (993, 1);
insert into book2tag (book_id, tag_id) values (227, 16);
insert into book2tag (book_id, tag_id) values (11, 3);
insert into book2tag (book_id, tag_id) values (645, 8);
insert into book2tag (book_id, tag_id) values (217, 40);
insert into book2tag (book_id, tag_id) values (577, 20);
insert into book2tag (book_id, tag_id) values (885, 14);
insert into book2tag (book_id, tag_id) values (117, 16);
insert into book2tag (book_id, tag_id) values (562, 20);
insert into book2tag (book_id, tag_id) values (356, 12);
insert into book2tag (book_id, tag_id) values (826, 28);
insert into book2tag (book_id, tag_id) values (142, 19);
insert into book2tag (book_id, tag_id) values (725, 22);
insert into book2tag (book_id, tag_id) values (253, 36);
insert into book2tag (book_id, tag_id) values (217, 8);
insert into book2tag (book_id, tag_id) values (689, 21);
insert into book2tag (book_id, tag_id) values (310, 3);
insert into book2tag (book_id, tag_id) values (85, 8);
insert into book2tag (book_id, tag_id) values (532, 10);
insert into book2tag (book_id, tag_id) values (802, 29);
insert into book2tag (book_id, tag_id) values (804, 19);
insert into book2tag (book_id, tag_id) values (32, 40);
insert into book2tag (book_id, tag_id) values (327, 40);
insert into book2tag (book_id, tag_id) values (539, 40);
insert into book2tag (book_id, tag_id) values (596, 11);
insert into book2tag (book_id, tag_id) values (961, 19);
insert into book2tag (book_id, tag_id) values (455, 8);
insert into book2tag (book_id, tag_id) values (788, 40);
insert into book2tag (book_id, tag_id) values (847, 2);
insert into book2tag (book_id, tag_id) values (208, 37);
insert into book2tag (book_id, tag_id) values (35, 1);
insert into book2tag (book_id, tag_id) values (139, 8);
insert into book2tag (book_id, tag_id) values (903, 8);
insert into book2tag (book_id, tag_id) values (186, 24);
insert into book2tag (book_id, tag_id) values (237, 33);
insert into book2tag (book_id, tag_id) values (148, 18);
insert into book2tag (book_id, tag_id) values (963, 38);
insert into book2tag (book_id, tag_id) values (157, 5);
insert into book2tag (book_id, tag_id) values (839, 23);
insert into book2tag (book_id, tag_id) values (518, 10);
insert into book2tag (book_id, tag_id) values (645, 10);
insert into book2tag (book_id, tag_id) values (100, 26);
insert into book2tag (book_id, tag_id) values (890, 31);
insert into book2tag (book_id, tag_id) values (171, 34);
insert into book2tag (book_id, tag_id) values (854, 21);
insert into book2tag (book_id, tag_id) values (965, 26);
insert into book2tag (book_id, tag_id) values (350, 28);
insert into book2tag (book_id, tag_id) values (922, 3);
insert into book2tag (book_id, tag_id) values (142, 29);
insert into book2tag (book_id, tag_id) values (305, 23);
insert into book2tag (book_id, tag_id) values (67, 22);
insert into book2tag (book_id, tag_id) values (800, 22);
insert into book2tag (book_id, tag_id) values (686, 28);
insert into book2tag (book_id, tag_id) values (326, 17);
insert into book2tag (book_id, tag_id) values (207, 33);
insert into book2tag (book_id, tag_id) values (556, 22);
insert into book2tag (book_id, tag_id) values (214, 1);
insert into book2tag (book_id, tag_id) values (808, 25);
insert into book2tag (book_id, tag_id) values (332, 35);
insert into book2tag (book_id, tag_id) values (112, 30);
insert into book2tag (book_id, tag_id) values (734, 21);
insert into book2tag (book_id, tag_id) values (553, 35);
insert into book2tag (book_id, tag_id) values (638, 8);
insert into book2tag (book_id, tag_id) values (272, 25);
insert into book2tag (book_id, tag_id) values (113, 13);
insert into book2tag (book_id, tag_id) values (352, 3);
insert into book2tag (book_id, tag_id) values (935, 23);
insert into book2tag (book_id, tag_id) values (213, 13);
insert into book2tag (book_id, tag_id) values (131, 7);
insert into book2tag (book_id, tag_id) values (351, 39);
insert into book2tag (book_id, tag_id) values (758, 31);
insert into book2tag (book_id, tag_id) values (622, 5);
insert into book2tag (book_id, tag_id) values (895, 5);
insert into book2tag (book_id, tag_id) values (794, 2);
insert into book2tag (book_id, tag_id) values (475, 6);
insert into book2tag (book_id, tag_id) values (211, 5);
insert into book2tag (book_id, tag_id) values (199, 36);
insert into book2tag (book_id, tag_id) values (461, 40);
insert into book2tag (book_id, tag_id) values (833, 10);
insert into book2tag (book_id, tag_id) values (850, 25);
insert into book2tag (book_id, tag_id) values (199, 7);
insert into book2tag (book_id, tag_id) values (212, 10);
insert into book2tag (book_id, tag_id) values (561, 10);
insert into book2tag (book_id, tag_id) values (852, 1);
insert into book2tag (book_id, tag_id) values (659, 4);
insert into book2tag (book_id, tag_id) values (642, 37);
insert into book2tag (book_id, tag_id) values (656, 32);
insert into book2tag (book_id, tag_id) values (296, 1);
insert into book2tag (book_id, tag_id) values (213, 32);
insert into book2tag (book_id, tag_id) values (96, 35);
insert into book2tag (book_id, tag_id) values (215, 4);
insert into book2tag (book_id, tag_id) values (772, 33);
insert into book2tag (book_id, tag_id) values (53, 11);
insert into book2tag (book_id, tag_id) values (718, 5);
insert into book2tag (book_id, tag_id) values (700, 35);
insert into book2tag (book_id, tag_id) values (667, 17);
insert into book2tag (book_id, tag_id) values (561, 16);
insert into book2tag (book_id, tag_id) values (435, 9);
insert into book2tag (book_id, tag_id) values (661, 15);
insert into book2tag (book_id, tag_id) values (210, 16);
insert into book2tag (book_id, tag_id) values (40, 27);
insert into book2tag (book_id, tag_id) values (467, 14);
insert into book2tag (book_id, tag_id) values (546, 21);
insert into book2tag (book_id, tag_id) values (276, 16);
insert into book2tag (book_id, tag_id) values (390, 37);
insert into book2tag (book_id, tag_id) values (446, 10);
insert into book2tag (book_id, tag_id) values (372, 22);
insert into book2tag (book_id, tag_id) values (92, 8);
insert into book2tag (book_id, tag_id) values (223, 39);
insert into book2tag (book_id, tag_id) values (749, 39);
insert into book2tag (book_id, tag_id) values (57, 32);
insert into book2tag (book_id, tag_id) values (940, 10);
insert into book2tag (book_id, tag_id) values (426, 17);
insert into book2tag (book_id, tag_id) values (655, 2);
insert into book2tag (book_id, tag_id) values (980, 32);
insert into book2tag (book_id, tag_id) values (432, 8);
insert into book2tag (book_id, tag_id) values (909, 1);
insert into book2tag (book_id, tag_id) values (219, 5);
insert into book2tag (book_id, tag_id) values (785, 39);
insert into book2tag (book_id, tag_id) values (477, 25);
insert into book2tag (book_id, tag_id) values (864, 33);
insert into book2tag (book_id, tag_id) values (126, 35);
insert into book2tag (book_id, tag_id) values (188, 20);
insert into book2tag (book_id, tag_id) values (51, 8);
insert into book2tag (book_id, tag_id) values (53, 23);
insert into book2tag (book_id, tag_id) values (710, 11);
insert into book2tag (book_id, tag_id) values (142, 19);
insert into book2tag (book_id, tag_id) values (891, 33);
insert into book2tag (book_id, tag_id) values (884, 5);
insert into book2tag (book_id, tag_id) values (81, 15);
insert into book2tag (book_id, tag_id) values (433, 7);
insert into book2tag (book_id, tag_id) values (11, 10);
insert into book2tag (book_id, tag_id) values (601, 4);
insert into book2tag (book_id, tag_id) values (129, 18);
insert into book2tag (book_id, tag_id) values (275, 17);
insert into book2tag (book_id, tag_id) values (858, 35);
insert into book2tag (book_id, tag_id) values (757, 17);
insert into book2tag (book_id, tag_id) values (812, 6);
insert into book2tag (book_id, tag_id) values (690, 28);
insert into book2tag (book_id, tag_id) values (283, 25);
insert into book2tag (book_id, tag_id) values (222, 31);
insert into book2tag (book_id, tag_id) values (396, 2);
insert into book2tag (book_id, tag_id) values (80, 6);
insert into book2tag (book_id, tag_id) values (134, 31);
insert into book2tag (book_id, tag_id) values (22, 29);
insert into book2tag (book_id, tag_id) values (352, 3);
insert into book2tag (book_id, tag_id) values (239, 19);
insert into book2tag (book_id, tag_id) values (862, 37);
insert into book2tag (book_id, tag_id) values (690, 6);
insert into book2tag (book_id, tag_id) values (43, 12);
insert into book2tag (book_id, tag_id) values (500, 20);
insert into book2tag (book_id, tag_id) values (741, 36);
insert into book2tag (book_id, tag_id) values (189, 31);
insert into book2tag (book_id, tag_id) values (442, 4);
insert into book2tag (book_id, tag_id) values (398, 18);
insert into book2tag (book_id, tag_id) values (411, 27);
insert into book2tag (book_id, tag_id) values (269, 21);
insert into book2tag (book_id, tag_id) values (653, 38);
insert into book2tag (book_id, tag_id) values (872, 24);
insert into book2tag (book_id, tag_id) values (836, 40);
insert into book2tag (book_id, tag_id) values (887, 28);
insert into book2tag (book_id, tag_id) values (259, 39);
insert into book2tag (book_id, tag_id) values (834, 25);
insert into book2tag (book_id, tag_id) values (160, 39);
insert into book2tag (book_id, tag_id) values (65, 11);
insert into book2tag (book_id, tag_id) values (139, 20);
insert into book2tag (book_id, tag_id) values (833, 1);
insert into book2tag (book_id, tag_id) values (142, 17);
insert into book2tag (book_id, tag_id) values (541, 5);
insert into book2tag (book_id, tag_id) values (178, 35);
insert into book2tag (book_id, tag_id) values (315, 12);
insert into book2tag (book_id, tag_id) values (739, 25);
insert into book2tag (book_id, tag_id) values (14, 15);
insert into book2tag (book_id, tag_id) values (110, 36);
insert into book2tag (book_id, tag_id) values (262, 29);
insert into book2tag (book_id, tag_id) values (875, 15);
insert into book2tag (book_id, tag_id) values (544, 11);
insert into book2tag (book_id, tag_id) values (408, 11);
insert into book2tag (book_id, tag_id) values (301, 24);
insert into book2tag (book_id, tag_id) values (215, 6);
insert into book2tag (book_id, tag_id) values (684, 13);
insert into book2tag (book_id, tag_id) values (843, 23);
insert into book2tag (book_id, tag_id) values (796, 14);
insert into book2tag (book_id, tag_id) values (908, 34);
insert into book2tag (book_id, tag_id) values (559, 40);
insert into book2tag (book_id, tag_id) values (407, 10);
insert into book2tag (book_id, tag_id) values (404, 3);
insert into book2tag (book_id, tag_id) values (147, 13);
insert into book2tag (book_id, tag_id) values (827, 4);
insert into book2tag (book_id, tag_id) values (696, 8);
insert into book2tag (book_id, tag_id) values (64, 36);
insert into book2tag (book_id, tag_id) values (840, 23);
insert into book2tag (book_id, tag_id) values (799, 15);
insert into book2tag (book_id, tag_id) values (423, 20);
insert into book2tag (book_id, tag_id) values (722, 22);
insert into book2tag (book_id, tag_id) values (173, 38);
insert into book2tag (book_id, tag_id) values (342, 40);
insert into book2tag (book_id, tag_id) values (764, 7);
insert into book2tag (book_id, tag_id) values (512, 37);
insert into book2tag (book_id, tag_id) values (219, 28);
insert into book2tag (book_id, tag_id) values (655, 36);
insert into book2tag (book_id, tag_id) values (860, 40);
insert into book2tag (book_id, tag_id) values (952, 12);
insert into book2tag (book_id, tag_id) values (135, 14);
insert into book2tag (book_id, tag_id) values (896, 13);
insert into book2tag (book_id, tag_id) values (322, 10);
insert into book2tag (book_id, tag_id) values (598, 36);
insert into book2tag (book_id, tag_id) values (62, 40);
insert into book2tag (book_id, tag_id) values (911, 40);
insert into book2tag (book_id, tag_id) values (460, 23);
insert into book2tag (book_id, tag_id) values (979, 32);
insert into book2tag (book_id, tag_id) values (268, 19);
insert into book2tag (book_id, tag_id) values (185, 21);
insert into book2tag (book_id, tag_id) values (126, 1);
insert into book2tag (book_id, tag_id) values (829, 30);
insert into book2tag (book_id, tag_id) values (529, 30);
insert into book2tag (book_id, tag_id) values (361, 6);
insert into book2tag (book_id, tag_id) values (17, 37);
insert into book2tag (book_id, tag_id) values (87, 21);
insert into book2tag (book_id, tag_id) values (157, 36);
insert into book2tag (book_id, tag_id) values (795, 15);
insert into book2tag (book_id, tag_id) values (62, 24);
insert into book2tag (book_id, tag_id) values (745, 13);
insert into book2tag (book_id, tag_id) values (141, 16);
insert into book2tag (book_id, tag_id) values (186, 9);
insert into book2tag (book_id, tag_id) values (255, 37);
insert into book2tag (book_id, tag_id) values (540, 21);
insert into book2tag (book_id, tag_id) values (475, 20);
insert into book2tag (book_id, tag_id) values (673, 17);
insert into book2tag (book_id, tag_id) values (111, 37);
insert into book2tag (book_id, tag_id) values (738, 28);
insert into book2tag (book_id, tag_id) values (54, 8);
insert into book2tag (book_id, tag_id) values (777, 33);
insert into book2tag (book_id, tag_id) values (316, 4);
insert into book2tag (book_id, tag_id) values (377, 21);
insert into book2tag (book_id, tag_id) values (93, 15);
insert into book2tag (book_id, tag_id) values (697, 26);
insert into book2tag (book_id, tag_id) values (659, 20);
insert into book2tag (book_id, tag_id) values (215, 19);
insert into book2tag (book_id, tag_id) values (958, 13);
insert into book2tag (book_id, tag_id) values (476, 26);
insert into book2tag (book_id, tag_id) values (871, 35);
insert into book2tag (book_id, tag_id) values (199, 2);
insert into book2tag (book_id, tag_id) values (774, 12);
insert into book2tag (book_id, tag_id) values (373, 17);
insert into book2tag (book_id, tag_id) values (855, 6);
insert into book2tag (book_id, tag_id) values (68, 25);
insert into book2tag (book_id, tag_id) values (218, 10);
insert into book2tag (book_id, tag_id) values (619, 28);
insert into book2tag (book_id, tag_id) values (350, 31);
insert into book2tag (book_id, tag_id) values (161, 13);
insert into book2tag (book_id, tag_id) values (682, 14);
insert into book2tag (book_id, tag_id) values (110, 37);
insert into book2tag (book_id, tag_id) values (723, 16);
insert into book2tag (book_id, tag_id) values (68, 11);
insert into book2tag (book_id, tag_id) values (118, 29);
insert into book2tag (book_id, tag_id) values (316, 27);
insert into book2tag (book_id, tag_id) values (939, 7);
insert into book2tag (book_id, tag_id) values (695, 5);
insert into book2tag (book_id, tag_id) values (326, 23);
insert into book2tag (book_id, tag_id) values (159, 13);
insert into book2tag (book_id, tag_id) values (644, 21);
insert into book2tag (book_id, tag_id) values (255, 19);
insert into book2tag (book_id, tag_id) values (509, 18);
insert into book2tag (book_id, tag_id) values (639, 11);
insert into book2tag (book_id, tag_id) values (38, 13);
insert into book2tag (book_id, tag_id) values (483, 13);
insert into book2tag (book_id, tag_id) values (414, 26);
insert into book2tag (book_id, tag_id) values (930, 33);
insert into book2tag (book_id, tag_id) values (299, 35);
insert into book2tag (book_id, tag_id) values (708, 14);
insert into book2tag (book_id, tag_id) values (916, 15);
insert into book2tag (book_id, tag_id) values (438, 40);
insert into book2tag (book_id, tag_id) values (39, 34);
insert into book2tag (book_id, tag_id) values (637, 6);
insert into book2tag (book_id, tag_id) values (793, 25);
insert into book2tag (book_id, tag_id) values (133, 20);
insert into book2tag (book_id, tag_id) values (219, 36);
insert into book2tag (book_id, tag_id) values (354, 34);
insert into book2tag (book_id, tag_id) values (889, 40);
insert into book2tag (book_id, tag_id) values (970, 11);
insert into book2tag (book_id, tag_id) values (130, 17);
insert into book2tag (book_id, tag_id) values (954, 32);
insert into book2tag (book_id, tag_id) values (536, 40);
insert into book2tag (book_id, tag_id) values (730, 32);
insert into book2tag (book_id, tag_id) values (773, 29);
insert into book2tag (book_id, tag_id) values (738, 38);
insert into book2tag (book_id, tag_id) values (780, 19);
insert into book2tag (book_id, tag_id) values (139, 14);
insert into book2tag (book_id, tag_id) values (606, 14);
insert into book2tag (book_id, tag_id) values (495, 1);
insert into book2tag (book_id, tag_id) values (766, 27);
insert into book2tag (book_id, tag_id) values (592, 27);
insert into book2tag (book_id, tag_id) values (117, 2);
insert into book2tag (book_id, tag_id) values (859, 25);
insert into book2tag (book_id, tag_id) values (558, 36);
insert into book2tag (book_id, tag_id) values (678, 14);
insert into book2tag (book_id, tag_id) values (231, 14);
insert into book2tag (book_id, tag_id) values (934, 39);
insert into book2tag (book_id, tag_id) values (871, 4);
insert into book2tag (book_id, tag_id) values (963, 18);
insert into book2tag (book_id, tag_id) values (415, 5);
insert into book2tag (book_id, tag_id) values (554, 3);
insert into book2tag (book_id, tag_id) values (222, 40);
insert into book2tag (book_id, tag_id) values (534, 19);
insert into book2tag (book_id, tag_id) values (465, 19);
insert into book2tag (book_id, tag_id) values (220, 2);
insert into book2tag (book_id, tag_id) values (816, 14);
insert into book2tag (book_id, tag_id) values (336, 26);
insert into book2tag (book_id, tag_id) values (176, 36);
insert into book2tag (book_id, tag_id) values (263, 23);
insert into book2tag (book_id, tag_id) values (152, 37);
insert into book2tag (book_id, tag_id) values (360, 33);
insert into book2tag (book_id, tag_id) values (156, 38);
insert into book2tag (book_id, tag_id) values (33, 34);
insert into book2tag (book_id, tag_id) values (995, 9);
insert into book2tag (book_id, tag_id) values (977, 39);
insert into book2tag (book_id, tag_id) values (847, 8);
insert into book2tag (book_id, tag_id) values (611, 22);
insert into book2tag (book_id, tag_id) values (250, 12);
insert into book2tag (book_id, tag_id) values (793, 15);
insert into book2tag (book_id, tag_id) values (773, 13);
insert into book2tag (book_id, tag_id) values (133, 36);
insert into book2tag (book_id, tag_id) values (531, 24);
insert into book2tag (book_id, tag_id) values (519, 37);
insert into book2tag (book_id, tag_id) values (360, 9);
insert into book2tag (book_id, tag_id) values (978, 10);
insert into book2tag (book_id, tag_id) values (378, 28);
insert into book2tag (book_id, tag_id) values (373, 22);
insert into book2tag (book_id, tag_id) values (437, 26);
insert into book2tag (book_id, tag_id) values (946, 12);
insert into book2tag (book_id, tag_id) values (640, 2);
insert into book2tag (book_id, tag_id) values (557, 3);
insert into book2tag (book_id, tag_id) values (779, 37);
insert into book2tag (book_id, tag_id) values (176, 10);
insert into book2tag (book_id, tag_id) values (925, 39);
insert into book2tag (book_id, tag_id) values (484, 39);
insert into book2tag (book_id, tag_id) values (761, 25);
insert into book2tag (book_id, tag_id) values (913, 23);
insert into book2tag (book_id, tag_id) values (733, 22);
insert into book2tag (book_id, tag_id) values (992, 14);
insert into book2tag (book_id, tag_id) values (412, 3);
insert into book2tag (book_id, tag_id) values (538, 8);
insert into book2tag (book_id, tag_id) values (467, 20);
insert into book2tag (book_id, tag_id) values (245, 33);
insert into book2tag (book_id, tag_id) values (330, 23);
insert into book2tag (book_id, tag_id) values (554, 19);
insert into book2tag (book_id, tag_id) values (855, 32);
insert into book2tag (book_id, tag_id) values (253, 13);
insert into book2tag (book_id, tag_id) values (14, 7);
insert into book2tag (book_id, tag_id) values (506, 25);
insert into book2tag (book_id, tag_id) values (36, 13);
insert into book2tag (book_id, tag_id) values (572, 14);
insert into book2tag (book_id, tag_id) values (821, 38);
insert into book2tag (book_id, tag_id) values (265, 19);
insert into book2tag (book_id, tag_id) values (666, 17);
insert into book2tag (book_id, tag_id) values (539, 15);
insert into book2tag (book_id, tag_id) values (678, 26);
insert into book2tag (book_id, tag_id) values (783, 34);
insert into book2tag (book_id, tag_id) values (338, 32);
insert into book2tag (book_id, tag_id) values (46, 5);
insert into book2tag (book_id, tag_id) values (368, 1);
insert into book2tag (book_id, tag_id) values (625, 13);
insert into book2tag (book_id, tag_id) values (905, 27);
insert into book2tag (book_id, tag_id) values (872, 35);
insert into book2tag (book_id, tag_id) values (86, 22);
insert into book2tag (book_id, tag_id) values (423, 2);
insert into book2tag (book_id, tag_id) values (944, 22);
insert into book2tag (book_id, tag_id) values (356, 17);
insert into book2tag (book_id, tag_id) values (388, 5);
insert into book2tag (book_id, tag_id) values (119, 12);
insert into book2tag (book_id, tag_id) values (386, 5);
insert into book2tag (book_id, tag_id) values (849, 35);
insert into book2tag (book_id, tag_id) values (612, 10);
insert into book2tag (book_id, tag_id) values (822, 37);
insert into book2tag (book_id, tag_id) values (177, 9);
insert into book2tag (book_id, tag_id) values (780, 29);
insert into book2tag (book_id, tag_id) values (848, 7);
insert into book2tag (book_id, tag_id) values (901, 37);
insert into book2tag (book_id, tag_id) values (20, 30);
insert into book2tag (book_id, tag_id) values (779, 40);
insert into book2tag (book_id, tag_id) values (945, 4);
insert into book2tag (book_id, tag_id) values (971, 5);
insert into book2tag (book_id, tag_id) values (309, 16);
insert into book2tag (book_id, tag_id) values (206, 38);
insert into book2tag (book_id, tag_id) values (964, 25);
insert into book2tag (book_id, tag_id) values (140, 12);
insert into book2tag (book_id, tag_id) values (452, 10);
insert into book2tag (book_id, tag_id) values (296, 33);
insert into book2tag (book_id, tag_id) values (784, 37);
insert into book2tag (book_id, tag_id) values (477, 28);
insert into book2tag (book_id, tag_id) values (456, 35);
insert into book2tag (book_id, tag_id) values (671, 17);
insert into book2tag (book_id, tag_id) values (382, 35);
insert into book2tag (book_id, tag_id) values (824, 29);
insert into book2tag (book_id, tag_id) values (842, 16);
insert into book2tag (book_id, tag_id) values (385, 5);
insert into book2tag (book_id, tag_id) values (268, 16);
insert into book2tag (book_id, tag_id) values (20, 36);
insert into book2tag (book_id, tag_id) values (322, 22);
insert into book2tag (book_id, tag_id) values (280, 12);
insert into book2tag (book_id, tag_id) values (387, 34);
insert into book2tag (book_id, tag_id) values (327, 32);
insert into book2tag (book_id, tag_id) values (600, 4);
insert into book2tag (book_id, tag_id) values (600, 9);
insert into book2tag (book_id, tag_id) values (794, 25);
insert into book2tag (book_id, tag_id) values (754, 26);
insert into book2tag (book_id, tag_id) values (531, 33);
insert into book2tag (book_id, tag_id) values (593, 34);
insert into book2tag (book_id, tag_id) values (73, 12);
insert into book2tag (book_id, tag_id) values (701, 5);
insert into book2tag (book_id, tag_id) values (591, 28);
insert into book2tag (book_id, tag_id) values (716, 6);
insert into book2tag (book_id, tag_id) values (887, 17);
insert into book2tag (book_id, tag_id) values (769, 8);
insert into book2tag (book_id, tag_id) values (76, 32);
insert into book2tag (book_id, tag_id) values (292, 2);
insert into book2tag (book_id, tag_id) values (214, 2);
insert into book2tag (book_id, tag_id) values (241, 16);
insert into book2tag (book_id, tag_id) values (352, 11);
insert into book2tag (book_id, tag_id) values (274, 15);
insert into book2tag (book_id, tag_id) values (3, 11);
insert into book2tag (book_id, tag_id) values (947, 38);
insert into book2tag (book_id, tag_id) values (56, 8);
insert into book2tag (book_id, tag_id) values (664, 7);
insert into book2tag (book_id, tag_id) values (513, 3);
insert into book2tag (book_id, tag_id) values (889, 26);
insert into book2tag (book_id, tag_id) values (662, 4);
insert into book2tag (book_id, tag_id) values (837, 18);
insert into book2tag (book_id, tag_id) values (247, 3);
insert into book2tag (book_id, tag_id) values (703, 5);
insert into book2tag (book_id, tag_id) values (320, 18);
insert into book2tag (book_id, tag_id) values (702, 22);
insert into book2tag (book_id, tag_id) values (40, 25);
insert into book2tag (book_id, tag_id) values (779, 11);
insert into book2tag (book_id, tag_id) values (673, 29);
insert into book2tag (book_id, tag_id) values (9, 15);
insert into book2tag (book_id, tag_id) values (30, 8);
insert into book2tag (book_id, tag_id) values (959, 9);
insert into book2tag (book_id, tag_id) values (612, 24);
insert into book2tag (book_id, tag_id) values (624, 5);
insert into book2tag (book_id, tag_id) values (570, 34);
insert into book2tag (book_id, tag_id) values (401, 5);
insert into book2tag (book_id, tag_id) values (780, 15);
insert into book2tag (book_id, tag_id) values (517, 22);
insert into book2tag (book_id, tag_id) values (699, 6);
insert into book2tag (book_id, tag_id) values (209, 25);
insert into book2tag (book_id, tag_id) values (775, 37);
insert into book2tag (book_id, tag_id) values (170, 40);
insert into book2tag (book_id, tag_id) values (957, 12);
insert into book2tag (book_id, tag_id) values (31, 27);
insert into book2tag (book_id, tag_id) values (301, 25);
insert into book2tag (book_id, tag_id) values (776, 7);
insert into book2tag (book_id, tag_id) values (454, 29);
insert into book2tag (book_id, tag_id) values (867, 25);
insert into book2tag (book_id, tag_id) values (721, 19);
insert into book2tag (book_id, tag_id) values (118, 12);
insert into book2tag (book_id, tag_id) values (405, 1);
insert into book2tag (book_id, tag_id) values (399, 22);
insert into book2tag (book_id, tag_id) values (638, 17);
insert into book2tag (book_id, tag_id) values (144, 34);
insert into book2tag (book_id, tag_id) values (636, 32);
insert into book2tag (book_id, tag_id) values (578, 25);
insert into book2tag (book_id, tag_id) values (99, 8);
insert into book2tag (book_id, tag_id) values (890, 11);
insert into book2tag (book_id, tag_id) values (823, 12);
insert into book2tag (book_id, tag_id) values (199, 23);
insert into book2tag (book_id, tag_id) values (439, 18);
insert into book2tag (book_id, tag_id) values (796, 37);
insert into book2tag (book_id, tag_id) values (933, 22);
insert into book2tag (book_id, tag_id) values (179, 31);
insert into book2tag (book_id, tag_id) values (515, 15);
insert into book2tag (book_id, tag_id) values (326, 34);
insert into book2tag (book_id, tag_id) values (262, 26);
insert into book2tag (book_id, tag_id) values (461, 16);
insert into book2tag (book_id, tag_id) values (238, 6);
insert into book2tag (book_id, tag_id) values (260, 9);
insert into book2tag (book_id, tag_id) values (484, 9);
insert into book2tag (book_id, tag_id) values (56, 32);
insert into book2tag (book_id, tag_id) values (148, 32);
insert into book2tag (book_id, tag_id) values (962, 24);
insert into book2tag (book_id, tag_id) values (779, 40);
insert into book2tag (book_id, tag_id) values (419, 5);
insert into book2tag (book_id, tag_id) values (158, 5);
insert into book2tag (book_id, tag_id) values (39, 4);
insert into book2tag (book_id, tag_id) values (493, 16);
insert into book2tag (book_id, tag_id) values (975, 18);
insert into book2tag (book_id, tag_id) values (120, 39);
insert into book2tag (book_id, tag_id) values (925, 1);
insert into book2tag (book_id, tag_id) values (988, 10);
insert into book2tag (book_id, tag_id) values (280, 6);
insert into book2tag (book_id, tag_id) values (949, 22);
insert into book2tag (book_id, tag_id) values (2, 27);
insert into book2tag (book_id, tag_id) values (456, 15);
insert into book2tag (book_id, tag_id) values (876, 16);
insert into book2tag (book_id, tag_id) values (163, 5);
insert into book2tag (book_id, tag_id) values (819, 30);
insert into book2tag (book_id, tag_id) values (308, 30);
insert into book2tag (book_id, tag_id) values (515, 40);
insert into book2tag (book_id, tag_id) values (454, 36);
insert into book2tag (book_id, tag_id) values (164, 18);
insert into book2tag (book_id, tag_id) values (583, 31);
insert into book2tag (book_id, tag_id) values (275, 14);
insert into book2tag (book_id, tag_id) values (27, 39);
insert into book2tag (book_id, tag_id) values (6, 34);
insert into book2tag (book_id, tag_id) values (230, 38);
insert into book2tag (book_id, tag_id) values (201, 18);
insert into book2tag (book_id, tag_id) values (44, 30);
insert into book2tag (book_id, tag_id) values (467, 3);
insert into book2tag (book_id, tag_id) values (21, 26);
insert into book2tag (book_id, tag_id) values (319, 37);
insert into book2tag (book_id, tag_id) values (713, 40);
insert into book2tag (book_id, tag_id) values (276, 13);
insert into book2tag (book_id, tag_id) values (386, 4);
insert into book2tag (book_id, tag_id) values (229, 19);
insert into book2tag (book_id, tag_id) values (49, 32);
insert into book2tag (book_id, tag_id) values (201, 1);
insert into book2tag (book_id, tag_id) values (844, 18);
insert into book2tag (book_id, tag_id) values (589, 5);
insert into book2tag (book_id, tag_id) values (513, 37);
insert into book2tag (book_id, tag_id) values (149, 30);
insert into book2tag (book_id, tag_id) values (769, 7);
insert into book2tag (book_id, tag_id) values (366, 33);
insert into book2tag (book_id, tag_id) values (176, 14);
insert into book2tag (book_id, tag_id) values (303, 10);
insert into book2tag (book_id, tag_id) values (399, 1);
insert into book2tag (book_id, tag_id) values (553, 10);
insert into book2tag (book_id, tag_id) values (514, 7);
insert into book2tag (book_id, tag_id) values (389, 2);
insert into book2tag (book_id, tag_id) values (200, 3);
insert into book2tag (book_id, tag_id) values (465, 21);
insert into book2tag (book_id, tag_id) values (409, 38);
insert into book2tag (book_id, tag_id) values (346, 9);
insert into book2tag (book_id, tag_id) values (599, 17);
insert into book2tag (book_id, tag_id) values (63, 35);
insert into book2tag (book_id, tag_id) values (695, 31);
insert into book2tag (book_id, tag_id) values (274, 19);
insert into book2tag (book_id, tag_id) values (839, 31);
insert into book2tag (book_id, tag_id) values (164, 38);
insert into book2tag (book_id, tag_id) values (593, 28);
insert into book2tag (book_id, tag_id) values (158, 23);
insert into book2tag (book_id, tag_id) values (206, 31);
insert into book2tag (book_id, tag_id) values (797, 7);
insert into book2tag (book_id, tag_id) values (82, 15);
insert into book2tag (book_id, tag_id) values (479, 15);
insert into book2tag (book_id, tag_id) values (469, 6);
insert into book2tag (book_id, tag_id) values (704, 13);
insert into book2tag (book_id, tag_id) values (613, 12);
insert into book2tag (book_id, tag_id) values (219, 21);
insert into book2tag (book_id, tag_id) values (231, 27);
insert into book2tag (book_id, tag_id) values (841, 23);
insert into book2tag (book_id, tag_id) values (824, 10);
insert into book2tag (book_id, tag_id) values (207, 25);
insert into book2tag (book_id, tag_id) values (950, 18);
insert into book2tag (book_id, tag_id) values (631, 37);
insert into book2tag (book_id, tag_id) values (178, 10);
insert into book2tag (book_id, tag_id) values (705, 8);
insert into book2tag (book_id, tag_id) values (619, 6);
insert into book2tag (book_id, tag_id) values (279, 16);
insert into book2tag (book_id, tag_id) values (152, 19);
insert into book2tag (book_id, tag_id) values (607, 23);
insert into book2tag (book_id, tag_id) values (758, 21);
insert into book2tag (book_id, tag_id) values (214, 23);
insert into book2tag (book_id, tag_id) values (242, 26);
insert into book2tag (book_id, tag_id) values (493, 17);
insert into book2tag (book_id, tag_id) values (395, 13);
insert into book2tag (book_id, tag_id) values (771, 28);
insert into book2tag (book_id, tag_id) values (908, 32);
insert into book2tag (book_id, tag_id) values (776, 23);
insert into book2tag (book_id, tag_id) values (615, 13);
insert into book2tag (book_id, tag_id) values (561, 23);
insert into book2tag (book_id, tag_id) values (42, 37);
insert into book2tag (book_id, tag_id) values (444, 15);
insert into book2tag (book_id, tag_id) values (147, 29);
insert into book2tag (book_id, tag_id) values (849, 30);
insert into book2tag (book_id, tag_id) values (948, 3);
insert into book2tag (book_id, tag_id) values (987, 13);
insert into book2tag (book_id, tag_id) values (998, 1);
insert into book2tag (book_id, tag_id) values (239, 32);
insert into book2tag (book_id, tag_id) values (970, 2);
insert into book2tag (book_id, tag_id) values (742, 15);
insert into book2tag (book_id, tag_id) values (879, 4);
insert into book2tag (book_id, tag_id) values (874, 31);
insert into book2tag (book_id, tag_id) values (695, 13);
insert into book2tag (book_id, tag_id) values (32, 38);
insert into book2tag (book_id, tag_id) values (58, 37);
insert into book2tag (book_id, tag_id) values (389, 24);
insert into book2tag (book_id, tag_id) values (154, 26);
insert into book2tag (book_id, tag_id) values (361, 5);
insert into book2tag (book_id, tag_id) values (747, 21);
insert into book2tag (book_id, tag_id) values (514, 14);
insert into book2tag (book_id, tag_id) values (825, 27);
insert into book2tag (book_id, tag_id) values (835, 26);
insert into book2tag (book_id, tag_id) values (698, 4);
insert into book2tag (book_id, tag_id) values (478, 14);
insert into book2tag (book_id, tag_id) values (878, 6);
insert into book2tag (book_id, tag_id) values (513, 9);
insert into book2tag (book_id, tag_id) values (316, 15);
insert into book2tag (book_id, tag_id) values (261, 26);
insert into book2tag (book_id, tag_id) values (107, 35);
insert into book2tag (book_id, tag_id) values (717, 28);
insert into book2tag (book_id, tag_id) values (517, 10);
insert into book2tag (book_id, tag_id) values (998, 23);
insert into book2tag (book_id, tag_id) values (934, 7);
insert into book2tag (book_id, tag_id) values (360, 5);
insert into book2tag (book_id, tag_id) values (553, 22);
insert into book2tag (book_id, tag_id) values (103, 35);
insert into book2tag (book_id, tag_id) values (604, 30);
insert into book2tag (book_id, tag_id) values (766, 2);
insert into book2tag (book_id, tag_id) values (469, 36);
insert into book2tag (book_id, tag_id) values (269, 25);
insert into book2tag (book_id, tag_id) values (163, 36);
insert into book2tag (book_id, tag_id) values (222, 8);
insert into book2tag (book_id, tag_id) values (756, 31);
insert into book2tag (book_id, tag_id) values (373, 35);
insert into book2tag (book_id, tag_id) values (360, 26);
insert into book2tag (book_id, tag_id) values (644, 13);
insert into book2tag (book_id, tag_id) values (46, 19);
insert into book2tag (book_id, tag_id) values (875, 33);
insert into book2tag (book_id, tag_id) values (534, 4);
insert into book2tag (book_id, tag_id) values (957, 20);
insert into book2tag (book_id, tag_id) values (247, 2);
insert into book2tag (book_id, tag_id) values (561, 21);
insert into book2tag (book_id, tag_id) values (259, 38);
insert into book2tag (book_id, tag_id) values (93, 13);
insert into book2tag (book_id, tag_id) values (544, 35);
insert into book2tag (book_id, tag_id) values (81, 17);
insert into book2tag (book_id, tag_id) values (476, 20);
insert into book2tag (book_id, tag_id) values (566, 38);
insert into book2tag (book_id, tag_id) values (246, 25);
insert into book2tag (book_id, tag_id) values (152, 15);
insert into book2tag (book_id, tag_id) values (256, 11);
insert into book2tag (book_id, tag_id) values (806, 18);
insert into book2tag (book_id, tag_id) values (290, 20);
insert into book2tag (book_id, tag_id) values (280, 26);
insert into book2tag (book_id, tag_id) values (767, 20);
insert into book2tag (book_id, tag_id) values (929, 30);
insert into book2tag (book_id, tag_id) values (162, 28);
insert into book2tag (book_id, tag_id) values (795, 14);
insert into book2tag (book_id, tag_id) values (235, 35);
insert into book2tag (book_id, tag_id) values (355, 12);
insert into book2tag (book_id, tag_id) values (947, 39);
insert into book2tag (book_id, tag_id) values (563, 36);
insert into book2tag (book_id, tag_id) values (773, 20);
insert into book2tag (book_id, tag_id) values (152, 22);
insert into book2tag (book_id, tag_id) values (183, 3);
insert into book2tag (book_id, tag_id) values (189, 18);
insert into book2tag (book_id, tag_id) values (399, 25);
insert into book2tag (book_id, tag_id) values (656, 24);
insert into book2tag (book_id, tag_id) values (349, 28);
insert into book2tag (book_id, tag_id) values (28, 34);
insert into book2tag (book_id, tag_id) values (384, 23);
insert into book2tag (book_id, tag_id) values (731, 4);
insert into book2tag (book_id, tag_id) values (179, 8);
insert into book2tag (book_id, tag_id) values (67, 30);
insert into book2tag (book_id, tag_id) values (211, 38);
insert into book2tag (book_id, tag_id) values (363, 12);
insert into book2tag (book_id, tag_id) values (938, 15);
insert into book2tag (book_id, tag_id) values (885, 35);
insert into book2tag (book_id, tag_id) values (584, 22);
insert into book2tag (book_id, tag_id) values (566, 27);
insert into book2tag (book_id, tag_id) values (563, 36);
insert into book2tag (book_id, tag_id) values (451, 33);
insert into book2tag (book_id, tag_id) values (322, 21);
insert into book2tag (book_id, tag_id) values (782, 38);
insert into book2tag (book_id, tag_id) values (145, 15);
insert into book2tag (book_id, tag_id) values (689, 10);
insert into book2tag (book_id, tag_id) values (129, 35);
insert into book2tag (book_id, tag_id) values (603, 7);
insert into book2tag (book_id, tag_id) values (743, 2);
insert into book2tag (book_id, tag_id) values (929, 8);
insert into book2tag (book_id, tag_id) values (288, 8);
insert into book2tag (book_id, tag_id) values (892, 26);
insert into book2tag (book_id, tag_id) values (885, 31);
insert into book2tag (book_id, tag_id) values (960, 33);
insert into book2tag (book_id, tag_id) values (729, 22);
insert into book2tag (book_id, tag_id) values (639, 7);
insert into book2tag (book_id, tag_id) values (635, 38);
insert into book2tag (book_id, tag_id) values (600, 36);
insert into book2tag (book_id, tag_id) values (120, 34);
insert into book2tag (book_id, tag_id) values (10, 25);
insert into book2tag (book_id, tag_id) values (6, 6);
insert into book2tag (book_id, tag_id) values (630, 7);
insert into book2tag (book_id, tag_id) values (935, 4);
insert into book2tag (book_id, tag_id) values (257, 2);


--Жанры
insert into genre (id, parent_id, slug, name) values (1, null, 'Out Cold', 'Comedy|Thriller');
insert into genre (id, parent_id, slug, name) values (2, 7, 'Rover, The', 'Crime|Drama');
insert into genre (id, parent_id, slug, name) values (3, 9, 'Texas Killing Fields', 'Crime|Drama|Thriller');
insert into genre (id, parent_id, slug, name) values (4, null, 'Dead Air', 'Horror|Sci-Fi|Thriller');
insert into genre (id, parent_id, slug, name) values (5, 9, 'Right Now (À tout de suite)', 'Crime|Drama|Romance|Thriller');
insert into genre (id, parent_id, slug, name) values (6, 5, 'Henry', 'Comedy');
insert into genre (id, parent_id, slug, name) values (7, 1, 'Unforgotten: Twenty-Five Years After Willowbrook', 'Documentary');
insert into genre (id, parent_id, slug, name) values (8, 3, 'Red Dawn', 'Action|Drama|War');
insert into genre (id, parent_id, slug, name) values (9, null, 'Kawasaki s Rose ', 'Drama');
insert into genre (id, parent_id, slug, name) values (10, null, 'Disneyland Dream', 'Documentary1');
insert into genre (id, parent_id, slug, name) values (11, 8, 'Rush', 'Crime|Drama123');
insert into genre (id, parent_id, slug, name) values (12, 2, 'Lawless Street, A (Marshal of Medicine Bend)', 'Western');
insert into genre (id, parent_id, slug, name) values (13, 13, 'Stargate', 'Action|Adventure|Sci-Fi');
insert into genre (id, parent_id, slug, name) values (14, 2, 'Railroaded!', 'Film-Noir');
insert into genre (id, parent_id, slug, name) values (15, 11, 'Feast III: The Happy Finish', 'Action|Comedy|Horror');
insert into genre (id, parent_id, slug, name) values (16, 2, 'Eat Pray Love', 'Drama|Romance');
insert into genre (id, parent_id, slug, name) values (17, 5, 'Patriotism (Yûkoku)', 'Drama1');
insert into genre (id, parent_id, slug, name) values (18, 8, 'Heart Condition', 'Comedy1');
insert into genre (id, parent_id, slug, name) values (19, 5, 'Private Life of Don Juan, The', 'Comedy|Drama|Romance');
insert into genre (id, parent_id, slug, name) values (20, 4, 'Taira Clan Saga, The (Shin heike monogatari)', 'Drama2');
insert into genre (id, parent_id, slug, name) values (21, 10, 'Ménilmontant', 'Comedy|Drama');
insert into genre (id, parent_id, slug, name) values (22, 5, 'Roadie', 'Comedy|Drama1');
insert into genre (id, parent_id, slug, name) values (23, 11, 'Heartbreak Kid, The', 'Comedy|Romance');
insert into genre (id, parent_id, slug, name) values (24, null, 'Tales from the Darkside: The Movie', 'Fantasy|Horror|Thriller');
insert into genre (id, parent_id, slug, name) values (25, 15, 'Land of Plenty (Angst and Alienation in America)', 'Drama3');
insert into genre (id, parent_id, slug, name) values (26, 8, 'House by the Cemetery, The (Quella villa accanto al cimitero)', 'Horror');
insert into genre (id, parent_id, slug, name) values (27, 7, 'Frenchman s Creek', 'Adventure|Drama|Romance');
insert into genre (id, parent_id, slug, name) values (28, 13, 'Cannery Row', 'Drama4');
insert into genre (id, parent_id, slug, name) values (29, null, 'Of Human Hearts', 'Drama5');
insert into genre (id, parent_id, slug, name) values (30, 8, 'Man on a Mission: Richard Garriott''s Road to the Stars', 'Documentary2');
insert into genre (id, parent_id, slug, name) values (31, 9, 'Fahrenheit 451', 'Drama|Sci-Fi');
insert into genre (id, parent_id, slug, name) values (32, 2, 'Blutzbrüdaz', 'Comedy2');
insert into genre (id, parent_id, slug, name) values (33, 7, 'Monty Python s The Meaning of Life', 'Comedy3');
insert into genre (id, parent_id, slug, name) values (34, 8, 'Why Not Me? (Pourquoi pas moi ?)', 'Comedy4');
insert into genre (id, parent_id, slug, name) values (35, 7, 'America the Beautiful 2: The Thin Commandments ', 'Documentary3');
insert into genre (id, parent_id, slug, name) values (36, 6, 'Godzilla vs. King Ghidorah (Gojira vs. Kingu Gidorâ)', 'Action|Sci-Fi');
insert into genre (id, parent_id, slug, name) values (37, 1, 'Me and Orson Welles', 'Drama6');
insert into genre (id, parent_id, slug, name) values (38, 2, 'Direct from Brooklyn', '(no genres listed)');
insert into genre (id, parent_id, slug, name) values (39, 1, 'My Own Private Idaho', 'Drama|Romance1');
insert into genre (id, parent_id, slug, name) values (40, 13, 'PT 109', 'Drama|War');
insert into genre (id, parent_id, slug, name) values (41, 12, 'Heidi Fleiss: Hollywood Madam', 'Documentary4');
insert into genre (id, parent_id, slug, name) values (42, 3, 'Do You Like Hitchcock? (Ti piace Hitchcock?)', 'Horror|Mystery|Thriller');
insert into genre (id, parent_id, slug, name) values (43, 14, 'Deceived', 'Thriller');
insert into genre (id, parent_id, slug, name) values (44, 13, 'Crack-Up', 'Crime|Film-Noir|Mystery');
insert into genre (id, parent_id, slug, name) values (45, 4, 'Pocket Money', 'Comedy|Western');
insert into genre (id, parent_id, slug, name) values (46, 4, 'Bullfighter, The (Matador)', 'Comedy|Crime|Drama');
insert into genre (id, parent_id, slug, name) values (47, 4, 'Mission, The (Cheung fo)', 'Crime|Drama|Mystery');
insert into genre (id, parent_id, slug, name) values (48, 7, 'Mister Lonely', 'Comedy|Drama2');
insert into genre (id, parent_id, slug, name) values (49, 1, 'Mike s New Car', 'Animation|Comedy');
insert into genre (id, parent_id, slug, name) values (50, 4, 'Kurt Cobain: Montage of Heck', 'Documentary5');

insert into book2genre (id, book_id, genre_id) values (1, 185, 28);
insert into book2genre (id, book_id, genre_id) values (2, 738, 41);
insert into book2genre (id, book_id, genre_id) values (3, 976, 14);
insert into book2genre (id, book_id, genre_id) values (4, 652, 41);
insert into book2genre (id, book_id, genre_id) values (5, 966, 9);
insert into book2genre (id, book_id, genre_id) values (6, 526, 14);
insert into book2genre (id, book_id, genre_id) values (7, 247, 5);
insert into book2genre (id, book_id, genre_id) values (8, 295, 7);
insert into book2genre (id, book_id, genre_id) values (9, 945, 39);
insert into book2genre (id, book_id, genre_id) values (10, 443, 22);
insert into book2genre (id, book_id, genre_id) values (11, 480, 48);
insert into book2genre (id, book_id, genre_id) values (12, 421, 24);
insert into book2genre (id, book_id, genre_id) values (13, 124, 23);
insert into book2genre (id, book_id, genre_id) values (14, 58, 12);
insert into book2genre (id, book_id, genre_id) values (15, 659, 27);
insert into book2genre (id, book_id, genre_id) values (16, 337, 31);
insert into book2genre (id, book_id, genre_id) values (17, 279, 22);
insert into book2genre (id, book_id, genre_id) values (18, 746, 13);
insert into book2genre (id, book_id, genre_id) values (19, 190, 8);
insert into book2genre (id, book_id, genre_id) values (20, 806, 11);
insert into book2genre (id, book_id, genre_id) values (21, 609, 32);
insert into book2genre (id, book_id, genre_id) values (22, 95, 48);
insert into book2genre (id, book_id, genre_id) values (23, 925, 27);
insert into book2genre (id, book_id, genre_id) values (24, 267, 10);
insert into book2genre (id, book_id, genre_id) values (25, 496, 2);
insert into book2genre (id, book_id, genre_id) values (26, 960, 10);
insert into book2genre (id, book_id, genre_id) values (27, 934, 26);
insert into book2genre (id, book_id, genre_id) values (28, 752, 20);
insert into book2genre (id, book_id, genre_id) values (29, 969, 32);
insert into book2genre (id, book_id, genre_id) values (30, 728, 30);
insert into book2genre (id, book_id, genre_id) values (31, 126, 36);
insert into book2genre (id, book_id, genre_id) values (32, 104, 6);
insert into book2genre (id, book_id, genre_id) values (33, 626, 50);
insert into book2genre (id, book_id, genre_id) values (34, 166, 33);
insert into book2genre (id, book_id, genre_id) values (35, 945, 4);
insert into book2genre (id, book_id, genre_id) values (36, 43, 38);
insert into book2genre (id, book_id, genre_id) values (37, 289, 21);
insert into book2genre (id, book_id, genre_id) values (38, 790, 45);
insert into book2genre (id, book_id, genre_id) values (39, 778, 17);
insert into book2genre (id, book_id, genre_id) values (40, 786, 26);
insert into book2genre (id, book_id, genre_id) values (41, 531, 46);
insert into book2genre (id, book_id, genre_id) values (42, 656, 10);
insert into book2genre (id, book_id, genre_id) values (43, 611, 48);
insert into book2genre (id, book_id, genre_id) values (44, 364, 22);
insert into book2genre (id, book_id, genre_id) values (45, 531, 25);
insert into book2genre (id, book_id, genre_id) values (46, 766, 7);
insert into book2genre (id, book_id, genre_id) values (47, 452, 44);
insert into book2genre (id, book_id, genre_id) values (48, 35, 2);
insert into book2genre (id, book_id, genre_id) values (49, 776, 24);
insert into book2genre (id, book_id, genre_id) values (50, 48, 16);
insert into book2genre (id, book_id, genre_id) values (51, 294, 4);
insert into book2genre (id, book_id, genre_id) values (52, 895, 49);
insert into book2genre (id, book_id, genre_id) values (53, 390, 10);
insert into book2genre (id, book_id, genre_id) values (54, 667, 38);
insert into book2genre (id, book_id, genre_id) values (55, 673, 21);
insert into book2genre (id, book_id, genre_id) values (56, 730, 41);
insert into book2genre (id, book_id, genre_id) values (57, 178, 7);
insert into book2genre (id, book_id, genre_id) values (58, 493, 11);
insert into book2genre (id, book_id, genre_id) values (59, 382, 4);
insert into book2genre (id, book_id, genre_id) values (60, 392, 35);
insert into book2genre (id, book_id, genre_id) values (61, 649, 20);
insert into book2genre (id, book_id, genre_id) values (62, 82, 40);
insert into book2genre (id, book_id, genre_id) values (63, 731, 5);
insert into book2genre (id, book_id, genre_id) values (64, 551, 2);
insert into book2genre (id, book_id, genre_id) values (65, 315, 42);
insert into book2genre (id, book_id, genre_id) values (66, 292, 10);
insert into book2genre (id, book_id, genre_id) values (67, 289, 43);
insert into book2genre (id, book_id, genre_id) values (68, 948, 28);
insert into book2genre (id, book_id, genre_id) values (69, 90, 10);
insert into book2genre (id, book_id, genre_id) values (70, 313, 2);
insert into book2genre (id, book_id, genre_id) values (71, 574, 50);
insert into book2genre (id, book_id, genre_id) values (72, 213, 11);
insert into book2genre (id, book_id, genre_id) values (73, 825, 38);
insert into book2genre (id, book_id, genre_id) values (74, 889, 9);
insert into book2genre (id, book_id, genre_id) values (75, 674, 17);
insert into book2genre (id, book_id, genre_id) values (76, 447, 30);
insert into book2genre (id, book_id, genre_id) values (77, 420, 19);
insert into book2genre (id, book_id, genre_id) values (78, 239, 13);
insert into book2genre (id, book_id, genre_id) values (79, 374, 30);
insert into book2genre (id, book_id, genre_id) values (80, 582, 19);
insert into book2genre (id, book_id, genre_id) values (81, 789, 43);
insert into book2genre (id, book_id, genre_id) values (82, 753, 49);
insert into book2genre (id, book_id, genre_id) values (83, 605, 36);
insert into book2genre (id, book_id, genre_id) values (84, 452, 7);
insert into book2genre (id, book_id, genre_id) values (85, 308, 25);
insert into book2genre (id, book_id, genre_id) values (86, 546, 17);
insert into book2genre (id, book_id, genre_id) values (87, 383, 20);
insert into book2genre (id, book_id, genre_id) values (88, 974, 10);
insert into book2genre (id, book_id, genre_id) values (89, 843, 50);
insert into book2genre (id, book_id, genre_id) values (90, 948, 3);
insert into book2genre (id, book_id, genre_id) values (91, 254, 37);
insert into book2genre (id, book_id, genre_id) values (92, 545, 2);
insert into book2genre (id, book_id, genre_id) values (93, 350, 27);
insert into book2genre (id, book_id, genre_id) values (94, 780, 39);
insert into book2genre (id, book_id, genre_id) values (95, 994, 44);
insert into book2genre (id, book_id, genre_id) values (96, 608, 5);
insert into book2genre (id, book_id, genre_id) values (97, 53, 8);
insert into book2genre (id, book_id, genre_id) values (98, 515, 42);
insert into book2genre (id, book_id, genre_id) values (99, 436, 30);
insert into book2genre (id, book_id, genre_id) values (100, 966, 15);
insert into book2genre (id, book_id, genre_id) values (101, 694, 50);
insert into book2genre (id, book_id, genre_id) values (102, 970, 3);
insert into book2genre (id, book_id, genre_id) values (103, 917, 27);
insert into book2genre (id, book_id, genre_id) values (104, 473, 11);
insert into book2genre (id, book_id, genre_id) values (105, 355, 39);
insert into book2genre (id, book_id, genre_id) values (106, 766, 13);
insert into book2genre (id, book_id, genre_id) values (107, 114, 21);
insert into book2genre (id, book_id, genre_id) values (108, 195, 43);
insert into book2genre (id, book_id, genre_id) values (109, 340, 31);
insert into book2genre (id, book_id, genre_id) values (110, 485, 33);
insert into book2genre (id, book_id, genre_id) values (111, 835, 17);
insert into book2genre (id, book_id, genre_id) values (112, 736, 24);
insert into book2genre (id, book_id, genre_id) values (113, 322, 29);
insert into book2genre (id, book_id, genre_id) values (114, 257, 8);
insert into book2genre (id, book_id, genre_id) values (115, 100, 12);
insert into book2genre (id, book_id, genre_id) values (116, 574, 17);
insert into book2genre (id, book_id, genre_id) values (117, 285, 34);
insert into book2genre (id, book_id, genre_id) values (118, 660, 2);
insert into book2genre (id, book_id, genre_id) values (119, 233, 48);
insert into book2genre (id, book_id, genre_id) values (120, 506, 14);
insert into book2genre (id, book_id, genre_id) values (121, 163, 6);
insert into book2genre (id, book_id, genre_id) values (122, 359, 41);
insert into book2genre (id, book_id, genre_id) values (123, 929, 25);
insert into book2genre (id, book_id, genre_id) values (124, 69, 29);
insert into book2genre (id, book_id, genre_id) values (125, 441, 35);
insert into book2genre (id, book_id, genre_id) values (126, 735, 32);
insert into book2genre (id, book_id, genre_id) values (127, 406, 46);
insert into book2genre (id, book_id, genre_id) values (128, 959, 33);
insert into book2genre (id, book_id, genre_id) values (129, 793, 1);
insert into book2genre (id, book_id, genre_id) values (130, 699, 33);
insert into book2genre (id, book_id, genre_id) values (131, 34, 47);
insert into book2genre (id, book_id, genre_id) values (132, 944, 19);
insert into book2genre (id, book_id, genre_id) values (133, 568, 15);
insert into book2genre (id, book_id, genre_id) values (134, 147, 41);
insert into book2genre (id, book_id, genre_id) values (135, 615, 12);
insert into book2genre (id, book_id, genre_id) values (136, 825, 43);
insert into book2genre (id, book_id, genre_id) values (137, 965, 16);
insert into book2genre (id, book_id, genre_id) values (138, 433, 1);
insert into book2genre (id, book_id, genre_id) values (139, 318, 28);
insert into book2genre (id, book_id, genre_id) values (140, 860, 4);
insert into book2genre (id, book_id, genre_id) values (141, 322, 35);
insert into book2genre (id, book_id, genre_id) values (142, 825, 4);
insert into book2genre (id, book_id, genre_id) values (143, 182, 47);
insert into book2genre (id, book_id, genre_id) values (144, 614, 48);
insert into book2genre (id, book_id, genre_id) values (145, 326, 42);
insert into book2genre (id, book_id, genre_id) values (146, 732, 12);
insert into book2genre (id, book_id, genre_id) values (147, 99, 33);
insert into book2genre (id, book_id, genre_id) values (148, 799, 44);
insert into book2genre (id, book_id, genre_id) values (149, 615, 36);
insert into book2genre (id, book_id, genre_id) values (150, 979, 17);
insert into book2genre (id, book_id, genre_id) values (151, 121, 5);
insert into book2genre (id, book_id, genre_id) values (152, 755, 48);
insert into book2genre (id, book_id, genre_id) values (153, 859, 22);
insert into book2genre (id, book_id, genre_id) values (154, 511, 7);
insert into book2genre (id, book_id, genre_id) values (155, 597, 39);
insert into book2genre (id, book_id, genre_id) values (156, 48, 17);
insert into book2genre (id, book_id, genre_id) values (157, 931, 49);
insert into book2genre (id, book_id, genre_id) values (158, 878, 28);
insert into book2genre (id, book_id, genre_id) values (159, 819, 44);
insert into book2genre (id, book_id, genre_id) values (160, 712, 48);
insert into book2genre (id, book_id, genre_id) values (161, 553, 34);
insert into book2genre (id, book_id, genre_id) values (162, 663, 35);
insert into book2genre (id, book_id, genre_id) values (163, 779, 28);
insert into book2genre (id, book_id, genre_id) values (164, 970, 45);
insert into book2genre (id, book_id, genre_id) values (165, 94, 47);
insert into book2genre (id, book_id, genre_id) values (166, 867, 45);
insert into book2genre (id, book_id, genre_id) values (167, 596, 45);
insert into book2genre (id, book_id, genre_id) values (168, 950, 5);
insert into book2genre (id, book_id, genre_id) values (169, 140, 36);
insert into book2genre (id, book_id, genre_id) values (170, 534, 4);
insert into book2genre (id, book_id, genre_id) values (171, 132, 25);
insert into book2genre (id, book_id, genre_id) values (172, 866, 40);
insert into book2genre (id, book_id, genre_id) values (173, 230, 15);
insert into book2genre (id, book_id, genre_id) values (174, 829, 47);
insert into book2genre (id, book_id, genre_id) values (175, 373, 18);
insert into book2genre (id, book_id, genre_id) values (176, 586, 48);
insert into book2genre (id, book_id, genre_id) values (177, 236, 3);
insert into book2genre (id, book_id, genre_id) values (178, 948, 41);
insert into book2genre (id, book_id, genre_id) values (179, 617, 39);
insert into book2genre (id, book_id, genre_id) values (180, 672, 8);
insert into book2genre (id, book_id, genre_id) values (181, 895, 45);
insert into book2genre (id, book_id, genre_id) values (182, 60, 3);
insert into book2genre (id, book_id, genre_id) values (183, 361, 24);
insert into book2genre (id, book_id, genre_id) values (184, 405, 25);
insert into book2genre (id, book_id, genre_id) values (185, 794, 17);
insert into book2genre (id, book_id, genre_id) values (186, 737, 11);
insert into book2genre (id, book_id, genre_id) values (187, 433, 16);
insert into book2genre (id, book_id, genre_id) values (188, 309, 22);
insert into book2genre (id, book_id, genre_id) values (189, 65, 1);
insert into book2genre (id, book_id, genre_id) values (190, 381, 42);
insert into book2genre (id, book_id, genre_id) values (191, 581, 34);
insert into book2genre (id, book_id, genre_id) values (192, 670, 4);
insert into book2genre (id, book_id, genre_id) values (193, 483, 47);
insert into book2genre (id, book_id, genre_id) values (194, 742, 1);
insert into book2genre (id, book_id, genre_id) values (195, 579, 41);
insert into book2genre (id, book_id, genre_id) values (196, 699, 47);
insert into book2genre (id, book_id, genre_id) values (197, 688, 29);
insert into book2genre (id, book_id, genre_id) values (198, 48, 9);
insert into book2genre (id, book_id, genre_id) values (199, 67, 19);
insert into book2genre (id, book_id, genre_id) values (200, 15, 9);
insert into book2genre (id, book_id, genre_id) values (201, 513, 21);
insert into book2genre (id, book_id, genre_id) values (202, 37, 47);
insert into book2genre (id, book_id, genre_id) values (203, 434, 6);
insert into book2genre (id, book_id, genre_id) values (204, 538, 36);
insert into book2genre (id, book_id, genre_id) values (205, 567, 29);
insert into book2genre (id, book_id, genre_id) values (206, 824, 36);
insert into book2genre (id, book_id, genre_id) values (207, 733, 47);
insert into book2genre (id, book_id, genre_id) values (208, 463, 16);
insert into book2genre (id, book_id, genre_id) values (209, 451, 5);
insert into book2genre (id, book_id, genre_id) values (210, 628, 3);
insert into book2genre (id, book_id, genre_id) values (211, 919, 37);
insert into book2genre (id, book_id, genre_id) values (212, 748, 13);
insert into book2genre (id, book_id, genre_id) values (213, 234, 41);
insert into book2genre (id, book_id, genre_id) values (214, 152, 39);
insert into book2genre (id, book_id, genre_id) values (215, 645, 47);
insert into book2genre (id, book_id, genre_id) values (216, 19, 13);
insert into book2genre (id, book_id, genre_id) values (217, 473, 5);
insert into book2genre (id, book_id, genre_id) values (218, 36, 41);
insert into book2genre (id, book_id, genre_id) values (219, 686, 35);
insert into book2genre (id, book_id, genre_id) values (220, 693, 24);
insert into book2genre (id, book_id, genre_id) values (221, 960, 22);
insert into book2genre (id, book_id, genre_id) values (222, 207, 27);
insert into book2genre (id, book_id, genre_id) values (223, 852, 43);
insert into book2genre (id, book_id, genre_id) values (224, 230, 21);
insert into book2genre (id, book_id, genre_id) values (225, 651, 4);
insert into book2genre (id, book_id, genre_id) values (226, 696, 8);
insert into book2genre (id, book_id, genre_id) values (227, 958, 31);
insert into book2genre (id, book_id, genre_id) values (228, 752, 19);
insert into book2genre (id, book_id, genre_id) values (229, 831, 47);
insert into book2genre (id, book_id, genre_id) values (230, 775, 39);
insert into book2genre (id, book_id, genre_id) values (231, 427, 12);
insert into book2genre (id, book_id, genre_id) values (232, 522, 10);
insert into book2genre (id, book_id, genre_id) values (233, 713, 41);
insert into book2genre (id, book_id, genre_id) values (234, 281, 29);
insert into book2genre (id, book_id, genre_id) values (235, 141, 8);
insert into book2genre (id, book_id, genre_id) values (236, 303, 23);
insert into book2genre (id, book_id, genre_id) values (237, 764, 40);
insert into book2genre (id, book_id, genre_id) values (238, 424, 25);
insert into book2genre (id, book_id, genre_id) values (239, 183, 23);
insert into book2genre (id, book_id, genre_id) values (240, 914, 21);
insert into book2genre (id, book_id, genre_id) values (241, 412, 18);
insert into book2genre (id, book_id, genre_id) values (242, 44, 5);
insert into book2genre (id, book_id, genre_id) values (243, 638, 44);
insert into book2genre (id, book_id, genre_id) values (244, 384, 28);
insert into book2genre (id, book_id, genre_id) values (245, 731, 5);
insert into book2genre (id, book_id, genre_id) values (246, 806, 50);
insert into book2genre (id, book_id, genre_id) values (247, 445, 24);
insert into book2genre (id, book_id, genre_id) values (248, 642, 7);
insert into book2genre (id, book_id, genre_id) values (249, 495, 7);
insert into book2genre (id, book_id, genre_id) values (250, 414, 15);
insert into book2genre (id, book_id, genre_id) values (251, 285, 3);
insert into book2genre (id, book_id, genre_id) values (252, 266, 9);
insert into book2genre (id, book_id, genre_id) values (253, 392, 13);
insert into book2genre (id, book_id, genre_id) values (254, 492, 37);
insert into book2genre (id, book_id, genre_id) values (255, 113, 31);
insert into book2genre (id, book_id, genre_id) values (256, 855, 31);
insert into book2genre (id, book_id, genre_id) values (257, 186, 41);
insert into book2genre (id, book_id, genre_id) values (258, 205, 45);
insert into book2genre (id, book_id, genre_id) values (259, 391, 45);
insert into book2genre (id, book_id, genre_id) values (260, 216, 12);
insert into book2genre (id, book_id, genre_id) values (261, 302, 1);
insert into book2genre (id, book_id, genre_id) values (262, 581, 32);
insert into book2genre (id, book_id, genre_id) values (263, 842, 19);
insert into book2genre (id, book_id, genre_id) values (264, 904, 45);
insert into book2genre (id, book_id, genre_id) values (265, 614, 2);
insert into book2genre (id, book_id, genre_id) values (266, 555, 29);
insert into book2genre (id, book_id, genre_id) values (267, 783, 45);
insert into book2genre (id, book_id, genre_id) values (268, 414, 50);
insert into book2genre (id, book_id, genre_id) values (269, 977, 41);
insert into book2genre (id, book_id, genre_id) values (270, 415, 40);
insert into book2genre (id, book_id, genre_id) values (271, 894, 6);
insert into book2genre (id, book_id, genre_id) values (272, 779, 47);
insert into book2genre (id, book_id, genre_id) values (273, 288, 4);
insert into book2genre (id, book_id, genre_id) values (274, 678, 16);
insert into book2genre (id, book_id, genre_id) values (275, 161, 26);
insert into book2genre (id, book_id, genre_id) values (276, 268, 43);
insert into book2genre (id, book_id, genre_id) values (277, 163, 27);
insert into book2genre (id, book_id, genre_id) values (278, 852, 15);
insert into book2genre (id, book_id, genre_id) values (279, 90, 23);
insert into book2genre (id, book_id, genre_id) values (280, 592, 28);
insert into book2genre (id, book_id, genre_id) values (281, 441, 44);
insert into book2genre (id, book_id, genre_id) values (282, 678, 16);
insert into book2genre (id, book_id, genre_id) values (283, 811, 48);
insert into book2genre (id, book_id, genre_id) values (284, 968, 33);
insert into book2genre (id, book_id, genre_id) values (285, 614, 49);
insert into book2genre (id, book_id, genre_id) values (286, 747, 37);
insert into book2genre (id, book_id, genre_id) values (287, 653, 47);
insert into book2genre (id, book_id, genre_id) values (288, 233, 41);
insert into book2genre (id, book_id, genre_id) values (289, 122, 30);
insert into book2genre (id, book_id, genre_id) values (290, 282, 40);
insert into book2genre (id, book_id, genre_id) values (291, 860, 18);
insert into book2genre (id, book_id, genre_id) values (292, 756, 9);
insert into book2genre (id, book_id, genre_id) values (293, 946, 42);
insert into book2genre (id, book_id, genre_id) values (294, 575, 36);
insert into book2genre (id, book_id, genre_id) values (295, 23, 39);
insert into book2genre (id, book_id, genre_id) values (296, 702, 28);
insert into book2genre (id, book_id, genre_id) values (297, 116, 7);
insert into book2genre (id, book_id, genre_id) values (298, 423, 6);
insert into book2genre (id, book_id, genre_id) values (299, 796, 21);
insert into book2genre (id, book_id, genre_id) values (300, 616, 21);
insert into book2genre (id, book_id, genre_id) values (301, 949, 23);
insert into book2genre (id, book_id, genre_id) values (302, 852, 31);
insert into book2genre (id, book_id, genre_id) values (303, 99, 11);
insert into book2genre (id, book_id, genre_id) values (304, 354, 13);
insert into book2genre (id, book_id, genre_id) values (305, 342, 10);
insert into book2genre (id, book_id, genre_id) values (306, 924, 49);
insert into book2genre (id, book_id, genre_id) values (307, 591, 9);
insert into book2genre (id, book_id, genre_id) values (308, 135, 11);
insert into book2genre (id, book_id, genre_id) values (309, 491, 43);
insert into book2genre (id, book_id, genre_id) values (310, 786, 50);
insert into book2genre (id, book_id, genre_id) values (311, 924, 5);
insert into book2genre (id, book_id, genre_id) values (312, 129, 7);
insert into book2genre (id, book_id, genre_id) values (313, 851, 27);
insert into book2genre (id, book_id, genre_id) values (314, 469, 17);
insert into book2genre (id, book_id, genre_id) values (315, 369, 31);
insert into book2genre (id, book_id, genre_id) values (316, 88, 23);
insert into book2genre (id, book_id, genre_id) values (317, 227, 27);
insert into book2genre (id, book_id, genre_id) values (318, 118, 36);
insert into book2genre (id, book_id, genre_id) values (319, 471, 31);
insert into book2genre (id, book_id, genre_id) values (320, 469, 11);
insert into book2genre (id, book_id, genre_id) values (321, 116, 46);
insert into book2genre (id, book_id, genre_id) values (322, 756, 36);
insert into book2genre (id, book_id, genre_id) values (323, 497, 28);
insert into book2genre (id, book_id, genre_id) values (324, 564, 15);
insert into book2genre (id, book_id, genre_id) values (325, 451, 41);
insert into book2genre (id, book_id, genre_id) values (326, 287, 17);
insert into book2genre (id, book_id, genre_id) values (327, 978, 44);
insert into book2genre (id, book_id, genre_id) values (328, 959, 32);
insert into book2genre (id, book_id, genre_id) values (329, 137, 2);
insert into book2genre (id, book_id, genre_id) values (330, 548, 17);
insert into book2genre (id, book_id, genre_id) values (331, 761, 33);
insert into book2genre (id, book_id, genre_id) values (332, 944, 36);
insert into book2genre (id, book_id, genre_id) values (333, 509, 4);
insert into book2genre (id, book_id, genre_id) values (334, 510, 48);
insert into book2genre (id, book_id, genre_id) values (335, 882, 33);
insert into book2genre (id, book_id, genre_id) values (336, 835, 38);
insert into book2genre (id, book_id, genre_id) values (337, 211, 10);
insert into book2genre (id, book_id, genre_id) values (338, 263, 36);
insert into book2genre (id, book_id, genre_id) values (339, 913, 32);
insert into book2genre (id, book_id, genre_id) values (340, 227, 4);
insert into book2genre (id, book_id, genre_id) values (341, 308, 46);
insert into book2genre (id, book_id, genre_id) values (342, 382, 10);
insert into book2genre (id, book_id, genre_id) values (343, 249, 47);
insert into book2genre (id, book_id, genre_id) values (344, 223, 33);
insert into book2genre (id, book_id, genre_id) values (345, 20, 10);
insert into book2genre (id, book_id, genre_id) values (346, 181, 50);
insert into book2genre (id, book_id, genre_id) values (347, 745, 48);
insert into book2genre (id, book_id, genre_id) values (348, 84, 8);
insert into book2genre (id, book_id, genre_id) values (349, 499, 22);
insert into book2genre (id, book_id, genre_id) values (350, 104, 34);
insert into book2genre (id, book_id, genre_id) values (351, 85, 27);
insert into book2genre (id, book_id, genre_id) values (352, 871, 31);
insert into book2genre (id, book_id, genre_id) values (353, 63, 41);
insert into book2genre (id, book_id, genre_id) values (354, 166, 39);
insert into book2genre (id, book_id, genre_id) values (355, 47, 6);
insert into book2genre (id, book_id, genre_id) values (356, 887, 49);
insert into book2genre (id, book_id, genre_id) values (357, 464, 21);
insert into book2genre (id, book_id, genre_id) values (358, 831, 10);
insert into book2genre (id, book_id, genre_id) values (359, 573, 21);
insert into book2genre (id, book_id, genre_id) values (360, 108, 2);
insert into book2genre (id, book_id, genre_id) values (361, 225, 40);
insert into book2genre (id, book_id, genre_id) values (362, 42, 39);
insert into book2genre (id, book_id, genre_id) values (363, 176, 15);
insert into book2genre (id, book_id, genre_id) values (364, 938, 47);
insert into book2genre (id, book_id, genre_id) values (365, 613, 21);
insert into book2genre (id, book_id, genre_id) values (366, 985, 33);
insert into book2genre (id, book_id, genre_id) values (367, 160, 23);
insert into book2genre (id, book_id, genre_id) values (368, 355, 5);
insert into book2genre (id, book_id, genre_id) values (369, 212, 33);
insert into book2genre (id, book_id, genre_id) values (370, 151, 10);
insert into book2genre (id, book_id, genre_id) values (371, 115, 32);
insert into book2genre (id, book_id, genre_id) values (372, 197, 20);
insert into book2genre (id, book_id, genre_id) values (373, 865, 13);
insert into book2genre (id, book_id, genre_id) values (374, 575, 1);
insert into book2genre (id, book_id, genre_id) values (375, 517, 9);
insert into book2genre (id, book_id, genre_id) values (376, 499, 28);
insert into book2genre (id, book_id, genre_id) values (377, 579, 46);
insert into book2genre (id, book_id, genre_id) values (378, 163, 23);
insert into book2genre (id, book_id, genre_id) values (379, 982, 10);
insert into book2genre (id, book_id, genre_id) values (380, 304, 27);
insert into book2genre (id, book_id, genre_id) values (381, 816, 18);
insert into book2genre (id, book_id, genre_id) values (382, 281, 28);
insert into book2genre (id, book_id, genre_id) values (383, 897, 12);
insert into book2genre (id, book_id, genre_id) values (384, 999, 36);
insert into book2genre (id, book_id, genre_id) values (385, 816, 23);
insert into book2genre (id, book_id, genre_id) values (386, 500, 12);
insert into book2genre (id, book_id, genre_id) values (387, 145, 49);
insert into book2genre (id, book_id, genre_id) values (388, 662, 5);
insert into book2genre (id, book_id, genre_id) values (389, 223, 27);
insert into book2genre (id, book_id, genre_id) values (390, 188, 11);
insert into book2genre (id, book_id, genre_id) values (391, 779, 29);
insert into book2genre (id, book_id, genre_id) values (392, 265, 41);
insert into book2genre (id, book_id, genre_id) values (393, 928, 14);
insert into book2genre (id, book_id, genre_id) values (394, 841, 38);
insert into book2genre (id, book_id, genre_id) values (395, 204, 6);
insert into book2genre (id, book_id, genre_id) values (396, 819, 39);
insert into book2genre (id, book_id, genre_id) values (397, 581, 28);
insert into book2genre (id, book_id, genre_id) values (398, 139, 21);
insert into book2genre (id, book_id, genre_id) values (399, 283, 17);
insert into book2genre (id, book_id, genre_id) values (400, 401, 39);
insert into book2genre (id, book_id, genre_id) values (401, 896, 5);
insert into book2genre (id, book_id, genre_id) values (402, 237, 28);
insert into book2genre (id, book_id, genre_id) values (403, 653, 30);
insert into book2genre (id, book_id, genre_id) values (404, 377, 5);
insert into book2genre (id, book_id, genre_id) values (405, 126, 34);
insert into book2genre (id, book_id, genre_id) values (406, 221, 3);
insert into book2genre (id, book_id, genre_id) values (407, 82, 46);
insert into book2genre (id, book_id, genre_id) values (408, 431, 35);
insert into book2genre (id, book_id, genre_id) values (409, 252, 4);
insert into book2genre (id, book_id, genre_id) values (410, 563, 38);
insert into book2genre (id, book_id, genre_id) values (411, 150, 33);
insert into book2genre (id, book_id, genre_id) values (412, 521, 4);
insert into book2genre (id, book_id, genre_id) values (413, 530, 41);
insert into book2genre (id, book_id, genre_id) values (414, 740, 34);
insert into book2genre (id, book_id, genre_id) values (415, 634, 12);
insert into book2genre (id, book_id, genre_id) values (416, 835, 26);
insert into book2genre (id, book_id, genre_id) values (417, 773, 32);
insert into book2genre (id, book_id, genre_id) values (418, 197, 26);
insert into book2genre (id, book_id, genre_id) values (419, 71, 2);
insert into book2genre (id, book_id, genre_id) values (420, 78, 48);
insert into book2genre (id, book_id, genre_id) values (421, 366, 3);
insert into book2genre (id, book_id, genre_id) values (422, 869, 30);
insert into book2genre (id, book_id, genre_id) values (423, 252, 32);
insert into book2genre (id, book_id, genre_id) values (424, 70, 4);
insert into book2genre (id, book_id, genre_id) values (425, 723, 9);
insert into book2genre (id, book_id, genre_id) values (426, 187, 13);
insert into book2genre (id, book_id, genre_id) values (427, 773, 49);
insert into book2genre (id, book_id, genre_id) values (428, 391, 9);
insert into book2genre (id, book_id, genre_id) values (429, 410, 29);
insert into book2genre (id, book_id, genre_id) values (430, 411, 1);
insert into book2genre (id, book_id, genre_id) values (431, 441, 34);
insert into book2genre (id, book_id, genre_id) values (432, 598, 3);
insert into book2genre (id, book_id, genre_id) values (433, 724, 27);
insert into book2genre (id, book_id, genre_id) values (434, 779, 34);
insert into book2genre (id, book_id, genre_id) values (435, 790, 23);
insert into book2genre (id, book_id, genre_id) values (436, 791, 5);
insert into book2genre (id, book_id, genre_id) values (437, 983, 25);
insert into book2genre (id, book_id, genre_id) values (438, 675, 41);
insert into book2genre (id, book_id, genre_id) values (439, 715, 22);
insert into book2genre (id, book_id, genre_id) values (440, 788, 33);
insert into book2genre (id, book_id, genre_id) values (441, 998, 44);
insert into book2genre (id, book_id, genre_id) values (442, 874, 21);
insert into book2genre (id, book_id, genre_id) values (443, 516, 14);
insert into book2genre (id, book_id, genre_id) values (444, 320, 20);
insert into book2genre (id, book_id, genre_id) values (445, 146, 2);
insert into book2genre (id, book_id, genre_id) values (446, 267, 16);
insert into book2genre (id, book_id, genre_id) values (447, 214, 49);
insert into book2genre (id, book_id, genre_id) values (448, 286, 45);
insert into book2genre (id, book_id, genre_id) values (449, 194, 38);
insert into book2genre (id, book_id, genre_id) values (450, 990, 28);
insert into book2genre (id, book_id, genre_id) values (451, 113, 29);
insert into book2genre (id, book_id, genre_id) values (452, 558, 35);
insert into book2genre (id, book_id, genre_id) values (453, 773, 36);
insert into book2genre (id, book_id, genre_id) values (454, 713, 1);
insert into book2genre (id, book_id, genre_id) values (455, 924, 35);
insert into book2genre (id, book_id, genre_id) values (456, 502, 36);
insert into book2genre (id, book_id, genre_id) values (457, 549, 2);
insert into book2genre (id, book_id, genre_id) values (458, 586, 20);
insert into book2genre (id, book_id, genre_id) values (459, 733, 30);
insert into book2genre (id, book_id, genre_id) values (460, 725, 29);
insert into book2genre (id, book_id, genre_id) values (461, 161, 9);
insert into book2genre (id, book_id, genre_id) values (462, 189, 7);
insert into book2genre (id, book_id, genre_id) values (463, 386, 3);
insert into book2genre (id, book_id, genre_id) values (464, 566, 24);
insert into book2genre (id, book_id, genre_id) values (465, 923, 8);
insert into book2genre (id, book_id, genre_id) values (466, 205, 4);
insert into book2genre (id, book_id, genre_id) values (467, 546, 14);
insert into book2genre (id, book_id, genre_id) values (468, 519, 7);
insert into book2genre (id, book_id, genre_id) values (469, 66, 9);
insert into book2genre (id, book_id, genre_id) values (470, 112, 14);
insert into book2genre (id, book_id, genre_id) values (471, 971, 45);
insert into book2genre (id, book_id, genre_id) values (472, 188, 15);
insert into book2genre (id, book_id, genre_id) values (473, 238, 26);
insert into book2genre (id, book_id, genre_id) values (474, 255, 40);
insert into book2genre (id, book_id, genre_id) values (475, 775, 22);
insert into book2genre (id, book_id, genre_id) values (476, 656, 9);
insert into book2genre (id, book_id, genre_id) values (477, 223, 1);
insert into book2genre (id, book_id, genre_id) values (478, 613, 40);
insert into book2genre (id, book_id, genre_id) values (479, 286, 42);
insert into book2genre (id, book_id, genre_id) values (480, 38, 26);
insert into book2genre (id, book_id, genre_id) values (481, 694, 10);
insert into book2genre (id, book_id, genre_id) values (482, 134, 36);
insert into book2genre (id, book_id, genre_id) values (483, 257, 17);
insert into book2genre (id, book_id, genre_id) values (484, 3, 40);
insert into book2genre (id, book_id, genre_id) values (485, 609, 16);
insert into book2genre (id, book_id, genre_id) values (486, 852, 22);
insert into book2genre (id, book_id, genre_id) values (487, 166, 3);
insert into book2genre (id, book_id, genre_id) values (488, 782, 28);
insert into book2genre (id, book_id, genre_id) values (489, 261, 10);
insert into book2genre (id, book_id, genre_id) values (490, 197, 9);
insert into book2genre (id, book_id, genre_id) values (491, 67, 23);
insert into book2genre (id, book_id, genre_id) values (492, 265, 10);
insert into book2genre (id, book_id, genre_id) values (493, 107, 31);
insert into book2genre (id, book_id, genre_id) values (494, 99, 9);
insert into book2genre (id, book_id, genre_id) values (495, 692, 35);
insert into book2genre (id, book_id, genre_id) values (496, 937, 5);
insert into book2genre (id, book_id, genre_id) values (497, 104, 7);
insert into book2genre (id, book_id, genre_id) values (498, 563, 11);
insert into book2genre (id, book_id, genre_id) values (499, 260, 17);
insert into book2genre (id, book_id, genre_id) values (500, 430, 11);



insert into book2rating (id, bookId, rating) values (1, 2, 5);
insert into book2rating (id, bookId, rating) values (2, 2, 5);
insert into book2rating (id, bookId, rating) values (3, 2, 5);
insert into book2rating (id, bookId, rating) values (4, 2, 5);
insert into book2rating (id, bookId, rating) values (5, 2, 5);
insert into book2rating (id, bookId, rating) values (6, 2, 5);
insert into book2rating (id, bookId, rating) values (7, 2, 5);
insert into book2rating (id, bookId, rating) values (8, 2, 5);
insert into book2rating (id, bookId, rating) values (9, 2, 5);
insert into book2rating (id, bookId, rating) values (10, 2, 5);
insert into book2rating (id, bookId, rating) values (11, 1, 3);
insert into book2rating (id, bookId, rating) values (12, 1, 5);
insert into book2rating (id, bookId, rating) values (13, 1, 3);
insert into book2rating (id, bookId, rating) values (14, 1, 3);
insert into book2rating (id, bookId, rating) values (15, 1, 3);
insert into book2rating (id, bookId, rating) values (16, 1, 2);
insert into book2rating (id, bookId, rating) values (17, 1, 3);
insert into book2rating (id, bookId, rating) values (18, 1, 3);
insert into book2rating (id, bookId, rating) values (19, 1, 3);
insert into book2rating (id, bookId, rating) values (20, 1, 1);
insert into book2rating (id, bookId, rating) values (21, 3, 1);
insert into book2rating (id, bookId, rating) values (22, 3, 5);
insert into book2rating (id, bookId, rating) values (23, 3, 5);
insert into book2rating (id, bookId, rating) values (24, 3, 1);
insert into book2rating (id, bookId, rating) values (25, 3, 1);
insert into book2rating (id, bookId, rating) values (26, 3, 1);
insert into book2rating (id, bookId, rating) values (27, 3, 4);
insert into book2rating (id, bookId, rating) values (28, 3, 2);
insert into book2rating (id, bookId, rating) values (29, 3, 2);
insert into book2rating (id, bookId, rating) values (30, 3, 1);
insert into book2rating (id, bookId, rating) values (31, 4, 1);
insert into book2rating (id, bookId, rating) values (32, 4, 3);
insert into book2rating (id, bookId, rating) values (33, 4, 1);
insert into book2rating (id, bookId, rating) values (34, 4, 2);
insert into book2rating (id, bookId, rating) values (35, 4, 2);
insert into book2rating (id, bookId, rating) values (36, 4, 4);
insert into book2rating (id, bookId, rating) values (37, 4, 2);
insert into book2rating (id, bookId, rating) values (38, 4, 2);
insert into book2rating (id, bookId, rating) values (39, 4, 2);
insert into book2rating (id, bookId, rating) values (40, 4, 2);
insert into book2rating (id, bookId, rating) values (41, 5, 5);
insert into book2rating (id, bookId, rating) values (42, 5, 2);
insert into book2rating (id, bookId, rating) values (43, 5, 5);
insert into book2rating (id, bookId, rating) values (44, 5, 1);
insert into book2rating (id, bookId, rating) values (45, 5, 1);
insert into book2rating (id, bookId, rating) values (46, 5, 4);
insert into book2rating (id, bookId, rating) values (47, 5, 1);
insert into book2rating (id, bookId, rating) values (48, 5, 5);
insert into book2rating (id, bookId, rating) values (49, 5, 3);
insert into book2rating (id, bookId, rating) values (50, 5, 3);